[W7/HideWindow] agent active, hideWindow=true
[08:29:59] [main/INFO]: [Forbric/Mapping] guest remap enabled: intermediary-1.21.1.jar + client-1.21.1.txt → named
[08:29:59] [main/INFO]: [Forbric/MultiLoader] entityculling-neoforge-1.11.2-mc1.21.1.jar has initialization code for [NEOFORGE]; ignoring manifest-only claims [FORGE] so its real entrypoint is not suppressed
[08:29:59] [main/INFO]: [Forbric/MultiLoader] entityculling-neoforge-1.11.2-mc1.21.1.jar declares 2 loaders — loading it as NEOFORGE only, suppressing [FORGE] (a universal jar would otherwise initialise once per live ecosystem)
[08:29:59] [main/INFO]: [Forbric/Meta] jei declares 1 [modproperties] key(s) [catalogueImageIcon] — a mod reads these to find what this mod offers it (Sodium's config entry point, Jade's flags)
[08:29:59] [main/WARN]: [Forbric] dropping declared mixin config 'sodium-common.mixins.json' - not present in /Users/charlescai/Desktop/dsh/实验/forbric/mf-wt/forbric-kernel/run/compat/reports/2026-10-08-merge-fixes/merged-base/evidence/run-user12/per-mod/run/000-modmenu__fabric/mods/sodium-neoforge-0.8.13+mc1.21.1.jar

[08:29:59] [main/WARN]: [Forbric] dropping declared mixin config 'sodium-neoforge.mixins.json' - not present in /Users/charlescai/Desktop/dsh/实验/forbric/mf-wt/forbric-kernel/run/compat/reports/2026-10-08-merge-fixes/merged-base/evidence/run-user12/per-mod/run/000-modmenu__fabric/mods/sodium-neoforge-0.8.13+mc1.21.1.jar

[08:29:59] [main/INFO]: [Forbric/Meta] sodium declares 1 [modproperties] key(s) [fabric-renderer-api-v1:contains_renderer] — a mod reads these to find what this mod offers it (Sodium's config entry point, Jade's flags)
[08:29:59] [main/INFO]: [Forbric/MultiLoader] TRansition-1.0.25-1.21.1-neoforge-SNAPSHOT.jar has initialization code for [NEOFORGE]; ignoring manifest-only claims [FORGE] so its real entrypoint is not suppressed
[08:29:59] [main/INFO]: [Forbric/MultiLoader] TRansition-1.0.25-1.21.1-neoforge-SNAPSHOT.jar declares 2 loaders — loading it as NEOFORGE only, suppressing [FORGE] (a universal jar would otherwise initialise once per live ecosystem)
[08:29:59] [main/INFO]: [Forbric/MultiLoader] TRender-1.0.17-1.21.1-neoforge-SNAPSHOT.jar has initialization code for [NEOFORGE]; ignoring manifest-only claims [FORGE] so its real entrypoint is not suppressed
[08:29:59] [main/INFO]: [Forbric/MultiLoader] TRender-1.0.17-1.21.1-neoforge-SNAPSHOT.jar declares 2 loaders — loading it as NEOFORGE only, suppressing [FORGE] (a universal jar would otherwise initialise once per live ecosystem)
[08:30:00] [main/INFO]: [Forbric/Meta] sodium declares 1 [modproperties] key(s) [fabric-renderer-api-v1:contains_renderer] — a mod reads these to find what this mod offers it (Sodium's config entry point, Jade's flags)
[08:30:00] [main/INFO]: [Forbric/Meta] jei declares 1 [modproperties] key(s) [catalogueImageIcon] — a mod reads these to find what this mod offers it (Sodium's config entry point, Jade's flags)
[08:30:00] [main/WARN]: [Forbric] dropping declared mixin config 'sodium-common.mixins.json' - not present in /Users/charlescai/Desktop/dsh/实验/forbric/mf-wt/forbric-kernel/run/compat/reports/2026-10-08-merge-fixes/merged-base/evidence/run-user12/per-mod/run/000-modmenu__fabric/mods/sodium-neoforge-0.8.13+mc1.21.1.jar

[08:30:00] [main/WARN]: [Forbric] dropping declared mixin config 'sodium-neoforge.mixins.json' - not present in /Users/charlescai/Desktop/dsh/实验/forbric/mf-wt/forbric-kernel/run/compat/reports/2026-10-08-merge-fixes/merged-base/evidence/run-user12/per-mod/run/000-modmenu__fabric/mods/sodium-neoforge-0.8.13+mc1.21.1.jar

[08:30:00] [main/INFO]: [Forbric/Meta] sodium declares 1 [modproperties] key(s) [fabric-renderer-api-v1:contains_renderer] — a mod reads these to find what this mod offers it (Sodium's config entry point, Jade's flags)
[08:30:00] [main/INFO]: [Forbric/Meta] sodium declares 1 [modproperties] key(s) [fabric-renderer-api-v1:contains_renderer] — a mod reads these to find what this mod offers it (Sodium's config entry point, Jade's flags)
[08:30:01] [main/INFO]: [Forbric/Arbitration] status=UNPROVED; nodes=68; confirmed violations=0; unproved contracts=312
[08:30:01] [main/INFO]: [Forbric/DupeId] mod id 'fabric_api_base' claimed by 3 jars — loading fabric-api-base-0.4.42+d1308ded19.jar (NEOFORGE), aliased into [FABRIC]
[08:30:01] [main/INFO]: [Forbric/DupeId] mod id 'fabric_block_view_api_v2' claimed by 2 jars — loading fabric-block-view-api-v2-1.0.10+9afaaf8c19.jar (NEOFORGE), aliased into [FABRIC]
[08:30:01] [main/INFO]: [Forbric/DupeId] mod id 'fabric-key-binding-api-v1' claimed by 2 jars — loading fabric-key-binding-api-v1-1.0.47+0af3f5a790.jar (FABRIC)
[08:30:01] [main/INFO]: [Forbric/DupeId] mod id 'fabric-lifecycle-events-v1' claimed by 2 jars — loading fabric-lifecycle-events-v1-0.116.17.jar (FABRIC)
[08:30:01] [main/INFO]: [Forbric/DupeId] mod id 'fabric_renderer_api_v1' claimed by 2 jars — loading fabric-renderer-api-v1-3.4.1+9125b6dc19.jar (NEOFORGE), aliased into [FABRIC]
[08:30:01] [main/INFO]: [Forbric/DupeId] mod id 'fabric_rendering_data_attachment_v1' claimed by 2 jars — loading fabric-rendering-data-attachment-v1-0.3.48+73761d2e19.jar (NEOFORGE), aliased into [FABRIC]
[08:30:01] [main/INFO]: [Forbric/DupeId] mod id 'fabric-resource-loader-v0' claimed by 2 jars — loading fabric-resource-loader-v0-0.116.17.jar (FABRIC)
[08:30:01] [main/INFO]: [Forbric/DupeId] mod id 'fabric-screen-api-v1' claimed by 2 jars — loading fabric-screen-api-v1-0.116.17.jar (FABRIC)
[08:30:01] [main/INFO]: [Forbric/DupeId] mod id 'placeholder-api' claimed by 2 jars — loading placeholder-api-2.4.2+1.21.jar (FABRIC)
[08:30:01] [main/INFO]: [Forbric/DupeId] mod id 'sodium' claimed by 2 jars — loading sodium-neoforge-0.8.13+mc1.21.1.jar (NEOFORGE)
[08:30:01] [main/INFO]: [Forbric/DupeId] 3 universal jar identit(ies) handed back to the side that did not load them, so isModLoaded still answers: {FORGE=[entityculling, transition, trender]}
[08:30:01] [main/INFO]: [Forbric/DupeId] cross-jar arbitration (whole-instance): 10 duplicate mod id(s), 10 jar(s) suppressed, 7 presence alias(es)
[08:30:01] [main/INFO]: [Forbric/DupeId] wrote /Users/charlescai/Desktop/dsh/实验/forbric/mf-wt/forbric-kernel/run/compat/reports/2026-10-08-merge-fixes/merged-base/evidence/run-user12/per-mod/run/000-modmenu__fabric/forbric-mods.txt — edit it to pick a different copy of any duplicated mod
[08:30:01] [main/INFO]: [Forbric/Meta] jei declares 1 [modproperties] key(s) [catalogueImageIcon] — a mod reads these to find what this mod offers it (Sodium's config entry point, Jade's flags)
[08:30:01] [main/WARN]: [Forbric] dropping declared mixin config 'sodium-common.mixins.json' - not present in /Users/charlescai/Desktop/dsh/实验/forbric/mf-wt/forbric-kernel/run/compat/reports/2026-10-08-merge-fixes/merged-base/evidence/run-user12/per-mod/run/000-modmenu__fabric/mods/sodium-neoforge-0.8.13+mc1.21.1.jar

[08:30:01] [main/WARN]: [Forbric] dropping declared mixin config 'sodium-neoforge.mixins.json' - not present in /Users/charlescai/Desktop/dsh/实验/forbric/mf-wt/forbric-kernel/run/compat/reports/2026-10-08-merge-fixes/merged-base/evidence/run-user12/per-mod/run/000-modmenu__fabric/mods/sodium-neoforge-0.8.13+mc1.21.1.jar

[08:30:01] [main/INFO]: [Forbric/Meta] sodium declares 1 [modproperties] key(s) [fabric-renderer-api-v1:contains_renderer] — a mod reads these to find what this mod offers it (Sodium's config entry point, Jade's flags)
[08:30:01] [main/INFO]: [Forbric/DupeId] 14 个 mod 装了两份,已各选一份;说明见 /Users/charlescai/Desktop/dsh/实验/forbric/mf-wt/forbric-kernel/run/compat/reports/2026-10-08-merge-fixes/merged-base/evidence/run-user12/per-mod/run/000-modmenu__fabric/.forbric-kernel/merge-report.txt,改用另一份见 /Users/charlescai/Desktop/dsh/实验/forbric/mf-wt/forbric-kernel/run/compat/reports/2026-10-08-merge-fixes/merged-base/evidence/run-user12/per-mod/run/000-modmenu__fabric/forbric-mods.txt
[08:30:01] [main/INFO]: [Forbric/Versions] this instance provides {neoforge=21.1.252} — a mod's versionRange is checked against these, so an under-provisioned mod says so at load instead of failing later somewhere that names neither it nor the version
[08:30:01] [main/INFO]: [Forbric/Meta] jei declares 1 [modproperties] key(s) [catalogueImageIcon] — a mod reads these to find what this mod offers it (Sodium's config entry point, Jade's flags)
[08:30:01] [main/WARN]: [Forbric] dropping declared mixin config 'sodium-common.mixins.json' - not present in /Users/charlescai/Desktop/dsh/实验/forbric/mf-wt/forbric-kernel/run/compat/reports/2026-10-08-merge-fixes/merged-base/evidence/run-user12/per-mod/run/000-modmenu__fabric/mods/sodium-neoforge-0.8.13+mc1.21.1.jar

[08:30:01] [main/WARN]: [Forbric] dropping declared mixin config 'sodium-neoforge.mixins.json' - not present in /Users/charlescai/Desktop/dsh/实验/forbric/mf-wt/forbric-kernel/run/compat/reports/2026-10-08-merge-fixes/merged-base/evidence/run-user12/per-mod/run/000-modmenu__fabric/mods/sodium-neoforge-0.8.13+mc1.21.1.jar

[08:30:01] [main/INFO]: [Forbric/Meta] sodium declares 1 [modproperties] key(s) [fabric-renderer-api-v1:contains_renderer] — a mod reads these to find what this mod offers it (Sodium's config entry point, Jade's flags)
[08:30:01] [main/INFO]: [Forbric/Meta] jei declares 1 [modproperties] key(s) [catalogueImageIcon] — a mod reads these to find what this mod offers it (Sodium's config entry point, Jade's flags)
[08:30:01] [main/WARN]: [Forbric] dropping declared mixin config 'sodium-common.mixins.json' - not present in /Users/charlescai/Desktop/dsh/实验/forbric/mf-wt/forbric-kernel/run/compat/reports/2026-10-08-merge-fixes/merged-base/evidence/run-user12/per-mod/run/000-modmenu__fabric/mods/sodium-neoforge-0.8.13+mc1.21.1.jar

[08:30:01] [main/WARN]: [Forbric] dropping declared mixin config 'sodium-neoforge.mixins.json' - not present in /Users/charlescai/Desktop/dsh/实验/forbric/mf-wt/forbric-kernel/run/compat/reports/2026-10-08-merge-fixes/merged-base/evidence/run-user12/per-mod/run/000-modmenu__fabric/mods/sodium-neoforge-0.8.13+mc1.21.1.jar

[08:30:01] [main/INFO]: [Forbric/Meta] sodium declares 1 [modproperties] key(s) [fabric-renderer-api-v1:contains_renderer] — a mod reads these to find what this mod offers it (Sodium's config entry point, Jade's flags)
[08:30:01] [main/INFO]: [Forbric/Meta] sodium declares 1 [modproperties] key(s) [fabric-renderer-api-v1:contains_renderer] — a mod reads these to find what this mod offers it (Sodium's config entry point, Jade's flags)
[08:30:01] [main/INFO]: [Forbric/Meta] sodium declares 1 [modproperties] key(s) [fabric-renderer-api-v1:contains_renderer] — a mod reads these to find what this mod offers it (Sodium's config entry point, Jade's flags)
[08:30:01] [main/INFO]: [Forbric/Fabric] presence alias 'fabric-api-base' 0.4.42+d1308ded19 — its Fabric jar lost arbitration, but the winning jar supplies the classes; isModLoaded now answers
[08:30:01] [main/INFO]: [Forbric/Fabric] presence alias 'fabric-block-view-api-v2' 1.0.10+9afaaf8c19 — its Fabric jar lost arbitration, but the winning jar supplies the classes; isModLoaded now answers
[08:30:01] [main/INFO]: [Forbric/Fabric] presence alias 'fabric-renderer-api-v1' 3.4.1+9125b6dc19 — its Fabric jar lost arbitration, but the winning jar supplies the classes; isModLoaded now answers
[08:30:01] [main/INFO]: [Forbric/Fabric] presence alias 'fabric-rendering-data-attachment-v1' 0.3.48+73761d2e19 — its Fabric jar lost arbitration, but the winning jar supplies the classes; isModLoaded now answers
[08:30:01] [main/INFO]: [Forbric/Fabric] jei's 1 [modproperties] key(s) are now Fabric custom values [catalogueImageIcon] — a Fabric mod asking this mod what it offers (Indigo asking Sodium whether a renderer is already here) reads the same declaration its own family would have written
[08:30:01] [main/INFO]: [Forbric/Fabric] sodium's 1 [modproperties] key(s) are now Fabric custom values [fabric-renderer-api-v1:contains_renderer] — a Fabric mod asking this mod what it offers (Indigo asking Sodium whether a renderer is already here) reads the same declaration its own family would have written
[08:30:01] [main/INFO]: [Forbric/Fabric] 16 Forge-family mod(s) registered for presence only — a Fabric mod asking isModLoaded() about one of them now gets the truth instead of no
[08:30:01] [main/INFO]: [Forbric/Order] 48 Fabric mod(s) initialise in Fabric Loader's order, by mod id, as native Fabric orders them (-Dforbric.fabricOrder=off for Forbric's previous order)
[08:30:01] [main/INFO]: [Forbric/Fabric] FabricLoader ready — 71 mod(s), entrypoint keys [main, client, modmenu]
[08:30:01] [main/INFO]: [Forbric/Fabric] discovered 48 Fabric mod(s) in 48 jar(s) (incl. nested)
[08:30:03] [main/INFO]: [Forbric/Mixin] installed mods call 2 of the 209 merged-base method(s) nothing in the merged game calls; an injector there counts as running
[08:30:03] [main/INFO]: [Forbric/Boot] sovereign kernel — client 1.21.1, 134 owned jar(s), 18 Forge-family mod(s), 48 Fabric jar(s), 63 MC library jar(s)
[08:30:03] [main/INFO]: [Forbric/Access] merged 18 class tweaker(s) in namespace 'official' over 265 target class(es), declared by fabric-biome-api-v1-0.116.17-bc5dcfb7d842ac74.jar, fabric-command-api-v2-0.116.17-acd8f98b808b9cac.jar, fabric-content-registries-v0-0.116.17-dbb10ef4ad5d9f7e.jar, fabric-data-generation-api-v1-0.116.17-989f99abd11b560e.jar, fabric-game-rule-api-v1-0.116.17-32d8a08e459f49cd.jar, fabric-item-group-api-v1-0.116.17-0f6cb0690aab2feb.jar, fabric-lifecycle-events-v1-0.116.17-51a1087d970ae6f8.jar, fabric-networking-api-v1-0.116.17-f9fe411474fd117c.jar, fabric-object-builder-api-v1-0.116.17-bcea40e110d48d99.jar, fabric-particles-v1-0.116.17-0de2992dda6f4b05.jar, fabric-recipe-api-v1-0.116.17-65aaf3266468cc66.jar, fabric-registry-sync-v0-0.116.17-7c6e6e36c9cb0fc7.jar, fabric-renderer-indigo-0.116.17-3239f85369f95078.jar, fabric-resource-conditions-api-v1-0.116.17-41a3c31e248b8bf0.jar, fabric-resource-loader-v0-0.116.17-ba8ca65c581462a4.jar, fabric-screen-handler-api-v1-0.116.17-2e4da061508102e2.jar, fabric-tag-api-v1-0.116.17-dbe25a0a1b6808ac.jar, fabric-transitive-access-wideners-v1-0.116.17-841f7503ccf1fa4e.jar
[08:30:03] [main/INFO]: [Forbric/AT] applying 1092 Forge-family access-transformer directive(s) from 9 jar(s), 914 of them from the runtime carriers — the carriers' file is what makes the game's own members reachable to every mod of that family, and where the merge kept the other family's method body it kept that body's access too (MenuScreens.register, which every MinecraftForge GUI mod calls, came out private)
[08:30:03] [main/INFO]: [Forbric/Catalog] 12 installed mod(s) for the unified Mods screen: 3 Fabric, 9 NeoForge, 0 MinecraftForge — plus 52 jar(s) they carry inside themselves, which are running and are not what a player means by "my mods"
[08:30:03] [main/INFO]: [Forbric/Seed] LoadingModList.getModFileById also answers for 47 underscored mod id(s) — NeoForge ids cannot contain '-', so a NeoForge-side mod probing for a Fabric module asks with underscores (Sodium asks for fabric_renderer_api_v1 before it will register its FRAPI renderer); the dashed spelling alone told it no
[08:30:03] [main/INFO]: [Forbric/Seed] seeded NeoForge LoadingModList with 64 mod(s) (16 Forge-family, 48 Fabric for presence) — mods that resolve themselves through FMLLoader.getLoadingModList() (Iris' version probe, yumi/LambDynamicLights' mod lookup) find themselves, and mods that ask it about ANOTHER ecosystem's mod get the truth; 7 of the Forge-family ones came out of another mod's jar. [immediatelyfast, appleskin, cloth_config, entityculling, ferritecore, jei, lithium, modernfix, sodium, transition, trender, mezz_config, fabric_api_base, fabric_block_view_api_v2, fabric_renderer_api_v1, fabric_rendering_data_attachment_v1, fabric-api, placeholder-api, fabric-biome-api-v1, fabric-block-api-v1, fabric-blockrenderlayer-v1, fabric-client-tags-api-v1, fabric-command-api-v2, fabric-convention-tags-v1, fabric-crash-report-info-v1, fabric-data-generation-api-v1, fabric-dimensions-v1, fabric-entity-events-v1, fabric-game-rule-api-v1, fabric-item-api-v1, fabric-lifecycle-events-v1, fabric-message-api-v1, fabric-model-loading-api-v1, fabric-networking-api-v1, fabric-object-builder-api-v1, fabric-particles-v1, fabric-renderer-indigo, fabric-rendering-fluids-v1, fabric-rendering-v1, fabric-resource-conditions-api-v1, fabric-resource-loader-v0, fabric-screen-api-v1, fabric-sound-api-v1, fabric-transitive-access-wideners-v1, fabric-key-binding-api-v1, fabric-command-api-v1, fabric-commands-v0, fabric-api-lookup-api-v1, fabric-convention-tags-v2, fabric-events-interaction-v0, fabric-recipe-api-v1, fabric-registry-sync-v0, fabric-screen-handler-api-v1, fabric-data-attachment-api-v1, fabric-renderer-registries-v1, fabric-rendering-v0, fabric-content-registries-v0, fabric-item-group-api-v1, fabric-loot-api-v2, fabric-loot-api-v3, fabric-tag-api-v1, modmenu, fabric-keybindings-v0, fabric-transfer-api-v1]
[08:30:03] [main/INFO]: [Forbric/Stub] neutered net.neoforged.fml.loading.ImmediateWindowHandler.updateProgress(Ljava/lang/String;)V (the kernel runs no NeoForge early window (no ModLauncher), so earlyProgress is null — this call NPEs Main.main before Minecraft is constructed)
[08:30:03] [main/INFO]: [Forbric/Seed] gave NeoForge's ImmediateWindowHandler a window provider — the kernel runs no early window, so Window.<init>'s patched call had none; this creates the window the vanilla way (GLFW.glfwCreateWindow with the game's own hints)
[08:30:03] [main/INFO]: [Forbric/Seed] NeoForge 21.1 FMLLoader seeded (dist=CLIENT, production=true, neoforge=21.1.252, mc=1.21.1) — static identity only, no lifecycle
[08:30:03] [main/INFO]: [Forbric/Forge] answered 3 FMLLoader method(s) that reach for ModLauncher — the kernel replaces it, so Launcher.INSTANCE is null and ObfuscationReflectionHelper NPE'd inside whichever mod called it first, usually from a static initialiser
[08:30:03] [main/INFO]: [Forbric/Seed] traditional-Forge dist seeded CLIENT (production=true) — this is what every MinecraftForge mod's side check reads
[08:30:03] [main/INFO]: [Forbric/Seed] MinecraftForge FMLEnvironment decided here: dist=CLIENT production=true
[08:30:03] [main/INFO]: [Forbric/Seed] traditional-Forge launch handler seeded (forge_client) — FluidType.initClient and anything else asking getLaunchHandler() now gets an answer instead of null
[08:30:03] [main/INFO]: [Forbric/Seed] gave Forge 52's FMLLoader a ModuleLayer stand-in — getGameLayer() returns the boot layer instead of NPEing; ModLauncher, which would have filled it, is not run
[08:30:03] [main/INFO]: [Forbric/Seed] seeded Forge 52's FMLLoader.loadingModList (empty, zero mods) — the MinecraftForge patches read it during Bootstrap, before the mod-loading window
[08:30:03] [main/WARN]: Configuration file /Users/charlescai/Desktop/dsh/实验/forbric/mf-wt/forbric-kernel/run/compat/reports/2026-10-08-merge-fixes/merged-base/evidence/run-user12/per-mod/run/000-modmenu__fabric/config/fml.toml is not correct. Correcting
[08:30:03] [main/INFO]: Incorrect key [earlyWindowSkipGLVersions] was corrected from null to []
[08:30:03] [main/INFO]: Incorrect key [earlyWindowLogHelpMessage] was corrected from null to true
[08:30:03] [main/INFO]: Incorrect key [earlyWindowSquir] was corrected from null to false
[08:30:03] [main/INFO]: Incorrect key [earlyWindowShowCPU] was corrected from null to false
[08:30:04] [main/INFO]: [Forbric/MultiLoader] neoforge-runtime.jar has initialization code for [NEOFORGE]; ignoring manifest-only claims [FABRIC] so its real entrypoint is not suppressed
[08:30:04] [main/INFO]: [Forbric/MultiLoader] neoforge-runtime.jar declares 2 loaders — loading it as NEOFORGE only, suppressing [FABRIC] (a universal jar would otherwise initialise once per live ecosystem)
[08:30:04] [main/INFO]: [Forbric/Mixin] mixin configs: 52 Fabric + 27 Forge-family (27 NeoForge, 3 MinecraftForge) — immediatelyfast (immediatelyfast-common.mixins.json), immediatelyfast (immediatelyfast-neoforge.mixins.json), entityculling (entityculling.mixins.json), ferritecore (ferritecore.predicates.mixin.json), ferritecore (ferritecore.fastmap.mixin.json), ferritecore (ferritecore.mrl.mixin.json), ferritecore (ferritecore.dedupmultipart.mixin.json), ferritecore (ferritecore.blockstatecache.mixin.json), ferritecore (ferritecore.dedupbakedquad.mixin.json), ferritecore (ferritecore.threaddetec.mixin.json), ferritecore (ferritecore.modelsides.mixin.json), ferritecore (ferritecore.datacomponents.mixin.json), ferritecore (ferritecore.accessors.mixin.json), lithium (lithium.mixins.json), lithium (lithium-neoforge.mixins.json), modernfix (modernfix-modernfix.mixins.json), transition (transition.mixins.json), trender (trender.mixins.json), fabric_block_view_api_v2 (fabric-block-view-api-v2.mixins.json), fabric_block_view_api_v2 (fabric-block-view-api-v2.client.mixins.json), fabric_renderer_api_v1 (fabric-renderer-api-v1.mixins.json), fabric_renderer_api_v1 (fabric-renderer-api-v1.debughud.mixins.json), fabric_rendering_data_attachment_v1 (fabric-rendering-data-attachment-v1.mixins.json), fabric_rendering_data_attachment_v1 (fabric-rendering-data-attachment-v1.client.mixins.json), sodium (sodium-common.mixins.json), sodium (sodium-neoforge.mixins.json), neoforge (neoforge.mixins.json)
[08:30:04] [main/INFO]: [Mixin/mixin] SpongePowered MIXIN Subsystem Version=0.8.7 Source=file:/Users/charlescai/.gradle/caches/modules-2/files-2.1/net.fabricmc/sponge-mixin/0.17.3+mixin.0.8.7/41c4a3984a80f4679e759fb9f495587acc5cdac7/sponge-mixin-0.17.3+mixin.0.8.7.jar Service=Forbric Env=CLIENT
[08:30:04] [main/INFO]: [Forbric/Mixin] MixinExtras 0.5.4 initialized (game-side)
[08:30:04] [main/INFO]: [Forbric/Mixin] guest accessor mixin fabric-api-lookup-api-v1 (fabric-api-lookup-api-v1.mixins.json):BlockEntityTypeAccessor cannot bind — @Accessor field BlockEntityType.validBlocks:Ljava/util/Set;:Ljava/util/Set; (kept; the merge re-typed or removed the member, so the generated accessor will throw when called)
[08:30:04] [main/INFO]: [Forbric/Capabilities] ServerLevel.<init> gathers MinecraftForge level capabilities again (1 call site) — Forge's own call at the constructor's end was lost in the merge while initCapabilities itself survived
[08:30:04] [main/INFO]: [Mixin/mixin] Compatibility level set to JAVA_17
[08:30:04] [main/INFO]: [Forbric/Merge] net.minecraft.server.MinecraftServer carried 1 duplicated lambda name(s) from the byte merge — dropped 1 orphaned bod(ies) so a mixin selecting by name cannot bind to the half that lost: lambda$storeChunkIoError$37(Lnet/minecraft/world/level/chunk/storage/RegionStorageInfo;Lnet/minecraft/CrashReport;Lnet/minecraft/world/level/ChunkPos;)V
[08:30:04] [main/INFO]: [Forbric/Tick] sampling MinecraftServer.tickServer(Ljava/util/function/BooleanSupplier;)V — a line every 600 ticks
[08:30:04] [main/INFO]: [Forbric/Mixin] retargeted guest mixin fabric-block-api-v1 (fabric-block-api-v1.mixins.json):ChunkSectionBlockStateCounterMixin — Lnet/minecraft/world/level/block/state/BlockState;isAir()Z → Lnet/minecraft/world/level/block/state/BlockState;isEmpty()Z (callee the merge swapped: isAir → isEmpty); verdict PARTIAL→FIT
[08:30:04] [main/INFO]: [Forbric/Mixin] retargeted guest mixin fabric-block-api-v1 (fabric-block-api-v1.mixins.json):ChunkSectionMixin — Lnet/minecraft/world/level/block/state/BlockState;isAir()Z → Lnet/minecraft/world/level/block/state/BlockState;isEmpty()Z (callee the merge swapped: isAir → isEmpty); verdict PARTIAL→FIT
[08:30:04] [main/INFO]: [Forbric/Capabilities] net.minecraft.world.entity.LivingEntity.<init> assigns handlers again (1 constructor(s)) — the merge kept MinecraftForge's field, its readers and its reviveCaps() re-creation but dropped the constructor initializer, so it read null from construction on: invalidateCaps NPE'd on every removal and getCapability(ITEM_HANDLER) on every ask
[08:30:04] [main/INFO]: [Forbric/MergedBaseCompat] net.minecraft.world.entity.LivingEntity turns radians into degrees by vanilla's folded constant again (2 site(s)) — the merged body divided by pi at run time, which is a different number in the eighth digit and moves every angle computed from a vector
[08:30:04] [main/INFO]: [Forbric/Merge] net.minecraft.world.entity.LivingEntity carried 2 duplicated lambda name(s) from the byte merge — dropped 2 orphaned bod(ies) so a mixin selecting by name cannot bind to the half that lost: lambda$stopSleeping$11(Lnet/minecraft/core/BlockPos;)V, lambda$collectEquipmentChanges$7(Lnet/minecraft/world/item/ItemStack;Lnet/minecraft/world/entity/EquipmentSlot;Lnet/minecraft/core/Holder;Lnet/minecraft/world/entity/ai/attributes/AttributeModifier;)V
[08:30:04] [main/ERROR]: [Forbric/Anchor] forbric-forge-damage-seams was handed net.minecraft.world.entity.LivingEntity and made no edit — its anchor is gone. MinecraftForge's LivingHurtEvent and LivingDamageEvent never fire — damage perks, immunity and death-prevention in MinecraftForge mods do nothing
[08:30:04] [main/INFO]: [Forbric/Capabilities] composed MinecraftForge capabilities into net.minecraft.world.entity.Entity: +8 method(s) — the merge put it under NeoForge's AttachmentHolder, so a Forge mod could neither attach nor read a capability on it
[08:30:04] [main/INFO]: [Forbric/MergedBaseCompat] net.minecraft.world.entity.Entity turns radians into degrees by vanilla's folded constant again (2 site(s)) — the merged body divided by pi at run time, which is a different number in the eighth digit and moves every angle computed from a vector
[08:30:04] [main/ERROR]: [Forbric/Anchor] forbric-untracked-fluid-eyes was handed net.minecraft.world.entity.Entity and made no edit — its anchor is gone. a Fabric mod's untracked fluid tag query throws while rendering
[08:30:04] [main/INFO]: [Forbric/Mixin] guest mixin fabric-block-api-v1 (fabric-block-api-v1.mixins.json):LivingEntityMixin applies only partially on the merged base — 1/2 anchors resolve, missing: @Inject target LivingEntity.trapdoorUsableAsLadder never runs: nothing in the merged game calls it; vanilla and MinecraftForge call it from LivingEntity.onClimbable (kept; -Dforbric.mixinFit=strict drops these)
[08:30:04] [main/INFO]: [Forbric/MergedBaseCompat] net.minecraft.client.renderer.ItemBlockRenderTypes's Forge setRenderLayer(Block, ChunkRenderTypeSet) keyed BLOCK_RENDER_TYPES by a registry delegate while getRenderLayers reads it by the raw Block, so every registration through it was invisible; it is now re-keyed to the raw Block and its ChunkRenderTypeSet converted to NeoForge's — the raw key alone would ClassCastException the reader
[08:30:04] [main/INFO]: [Forbric/RenderTypes] net.minecraft.client.renderer.ItemBlockRenderTypes: restored Forge's FLUID_RENDER_TYPES initialiser the merge dropped — the field, its readers and its filler all survived, and a null map NPEs the first compiled chunk section
[08:30:04] [main/INFO]: [Forbric/Mixin] guest accessor mixin fabric-command-api-v2 (fabric-command-api-v2.mixins.json):ArgumentTypesAccessor cannot bind — @Accessor field ArgumentTypeInfos.BY_CLASS:Ljava/util/Map;:Ljava/util/Map; (kept; the merge re-typed or removed the member, so the generated accessor will throw when called)
[08:30:04] [main/INFO]: [Forbric/Mixin] guest accessor mixin fabric-command-api-v2 (fabric-command-api-v2.mixins.json):EntitySelectorOptionsAccessor cannot bind — @Invoker method EntitySelectorOptions.register(Ljava/lang/String;Lnet/minecraft/commands/arguments/selector/options/EntitySelectorOptions$Modifier;Ljava/util/function/Predicate;Lnet/minecraft/network/chat/Component;)V(Ljava/lang/String;Lnet/minecraft/commands/arguments/selector/options/EntitySelectorOptions$Modifier;Ljava/util/function/Predicate;Lnet/minecraft/network/chat/Component;)V (kept; the merge re-typed or removed the member, so the generated accessor will throw when called)
[08:30:04] [main/INFO]: [Forbric/Mixin] guest accessor mixin fabric-command-api-v2 (fabric-command-api-v2.mixins.json):HelpCommandAccessor cannot bind — @Accessor field HelpCommand.ERROR_FAILED:Lcom/mojang/brigadier/exceptions/SimpleCommandExceptionType;:Lcom/mojang/brigadier/exceptions/SimpleCommandExceptionType; (kept; the merge re-typed or removed the member, so the generated accessor will throw when called)
[08:30:04] [main/INFO]: [Forbric/Net] handing MinecraftForge's payloads to ForgeHooks.onCustomPayload at net.minecraft.client.multiplayer.ClientCommonPacketListenerImpl.handleCustomPayload — NeoForge won this method in the merge and Forge's dispatch went with it
[08:30:04] [main/INFO]: [Forbric/Mixin] guest accessor mixin fabric-content-registries-v0 (fabric-content-registries-v0.mixins.json):AxeItemAccessor cannot bind — @Accessor field AxeItem.STRIPPABLES:Ljava/util/Map;:Ljava/util/Map;, @Accessor field AxeItem.STRIPPABLES:Ljava/util/Map;:Ljava/util/Map; (kept; the merge re-typed or removed the member, so the generated accessor will throw when called)
[08:30:04] [main/INFO]: [Forbric/Brewing] PotionBrewing.Builder.add wraps a MinecraftForge brewing recipe as NeoForge's — it went into NeoForge's recipe list unconverted and threw at the first brewing-stand check
[08:30:04] [main/INFO]: [Forbric/Mixin] guest accessor mixin fabric-content-registries-v0 (fabric-content-registries-v0.mixins.json):FarmerWorkTaskAccessor cannot bind — @Accessor field WorkAtComposter.COMPOSTABLE_ITEMS:Ljava/util/List;:Ljava/util/List;, @Accessor field WorkAtComposter.COMPOSTABLE_ITEMS:Ljava/util/List;:Ljava/util/List; (kept; the merge re-typed or removed the member, so the generated accessor will throw when called)
[08:30:04] [main/INFO]: [Forbric/Mixin] guest accessor mixin fabric-content-registries-v0 (fabric-content-registries-v0.mixins.json):GiveGiftsToHeroTaskAccessor cannot bind — @Accessor field GiveGiftToHero.GIFTS:Ljava/util/Map;:Ljava/util/Map; (kept; the merge re-typed or removed the member, so the generated accessor will throw when called)
[08:30:04] [main/INFO]: [Forbric/Mixin] guest accessor mixin fabric-content-registries-v0 (fabric-content-registries-v0.mixins.json):HoeItemAccessor cannot bind — @Accessor field HoeItem.TILLABLES:Ljava/util/Map;:Ljava/util/Map; (kept; the merge re-typed or removed the member, so the generated accessor will throw when called)
[08:30:04] [main/INFO]: [Forbric/GuestInjectorPruner] pruned 2 injector(s) from net.fabricmc.fabric.mixin.content.registry.AbstractFurnaceBlockEntityMixin — the merged isFuel (+2) and getBurnDuration (+19) call ForgeHooks.getBurnTime, not getFuel; a @Redirect handler returning the fuel Map cannot match a call returning an int, so the two cannot be retargeted onto the ForgeHooks call site; the other 1 injector(s) apply as written
[08:30:04] [main/ERROR]: [Forbric/Anchor] forbric-forge-capabilities was handed net.minecraft.world.level.block.entity.AbstractFurnaceBlockEntity and made no edit — its anchor is gone. furnace.handlers stays null: every Forge pipe or hopper asking a furnace for ITEM_HANDLER NPEs
[08:30:04] [main/INFO]: [Forbric/MergedBaseCompat] net.minecraft.world.level.block.entity.AbstractFurnaceBlockEntity decides 1 enum switch(es) by direct comparison — javac's $SwitchMap$ holder class for them was MinecraftForge's, and the merge kept NeoForge's class of the same name instead, so the read was a NoSuchFieldError on every Forge ITEM_HANDLER ask of a furnace
[08:30:04] [main/INFO]: [Forbric/MergedBaseCompat] AbstractFurnaceBlockEntity.getBurnDuration now asks both ecosystems how long something burns (1 call site) — the merged base kept only MinecraftForge's hook, so NeoForge's FurnaceFuelBurnTimeEvent was posted nowhere, and the Fabric fuel table it never consulted left those fuels burning for zero ticks
[08:30:04] [main/ERROR]: [Forbric/Anchor] forbric-furnace-tick-calls was handed net.minecraft.world.level.block.entity.AbstractFurnaceBlockEntity and made no edit — its anchor is gone. every furnace, smoker and blast furnace throws on its first smelt
[08:30:04] [main/INFO]: [Forbric/Fuel] AbstractFurnaceBlockEntity.getFuel hands its freshly built table to fabric-content-registries before caching it — the merged game builds its fuels there, and Fabric's own mixin on the same method may not have attached
[08:30:04] [main/INFO]: [Forbric/Capabilities] composed MinecraftForge capabilities into net.minecraft.world.level.block.entity.BlockEntity: +9 method(s) — the merge put it under NeoForge's AttachmentHolder, so a Forge mod could neither attach nor read a capability on it
[08:30:04] [main/ERROR]: [Forbric/Anchor] forbric-portal-spawn was handed net.minecraft.world.level.block.BaseFireBlock and made no edit — its anchor is gone. the portal hook result cannot reach BaseFireBlock through an event-only forward
[08:30:04] [main/INFO]: [Forbric/Mixin] guest accessor mixin fabric-content-registries-v0 (fabric-content-registries-v0.mixins.json):ShovelItemAccessor cannot bind — @Accessor field ShovelItem.FLATTENABLES:Ljava/util/Map;:Ljava/util/Map; (kept; the merge re-typed or removed the member, so the generated accessor will throw when called)
[08:30:04] [main/INFO]: [Forbric/MergedBaseCompat] net.minecraft.world.entity.Mob turns radians into degrees by vanilla's folded constant again (2 site(s)) — the merged body divided by pi at run time, which is a different number in the eighth digit and moves every angle computed from a vector
[08:30:04] [main/ERROR]: [Forbric/Anchor] forbric-merged-base-compat#readTheSpawnReasonThatIsActuallyWritten was handed net.minecraft.world.entity.Mob and made no edit — its anchor is gone. Mob.getSpawnReason() reads a field the game never writes — spawn-reason logic sees null
[08:30:04] [main/INFO]: [Forbric/Mixin] guest accessor mixin fabric-content-registries-v0 (fabric-content-registries-v0.mixins.json):VillagerEntityAccessor cannot bind — @Accessor field Villager.FOOD_POINTS:Ljava/util/Map;:Ljava/util/Map;, @Accessor field Villager.WANTED_ITEMS:Ljava/util/Set;:Ljava/util/Set;, @Accessor field Villager.WANTED_ITEMS:Ljava/util/Set;:Ljava/util/Set; (kept; the merge re-typed or removed the member, so the generated accessor will throw when called)
[08:30:04] [main/INFO]: [Forbric/Capabilities] composed MinecraftForge capabilities into net.minecraft.world.level.Level: +8 method(s) — the merge put it under NeoForge's AttachmentHolder, so a Forge mod could neither attach nor read a capability on it
[08:30:04] [main/INFO]: [Forbric/Merge] net.minecraft.world.level.Level carried 1 duplicated lambda name(s) from the byte merge — dropped 1 orphaned bod(ies) so a mixin selecting by name cannot bind to the half that lost: lambda$getEntities$1(Ljava/util/function/Predicate;Ljava/util/List;ILnet/minecraft/world/level/entity/EntityTypeTest;Lnet/minecraft/world/entity/Entity;)Lnet/minecraft/util/AbortableIterationConsumer$Continuation;
[08:30:04] [main/ERROR]: [Forbric/Anchor] forbric-forge-part-tracking was handed net.minecraft.world.level.Level and made no edit — its anchor is gone. a MinecraftForge mod's multipart entity's parts cannot be aimed at or hit by projectiles
[08:30:04] [main/INFO]: [Forbric/Merge] net.minecraft.world.level.chunk.ChunkAccess carried 2 duplicated lambda name(s) from the byte merge — dropped 2 orphaned bod(ies) so a mixin selecting by name cannot bind to the half that lost: lambda$findBlocks$4(Ljava/util/function/BiPredicate;Lnet/minecraft/world/level/block/state/BlockState;)Z, lambda$findBlockLightSources$2(Lnet/minecraft/world/level/block/state/BlockState;Lnet/minecraft/core/BlockPos;)Z
[08:30:04] [main/WARN]: [Forbric/MergedBaseCompat] Connection.setupOutboundProtocol now updates MinecraftForge's outboundProtocol — the merge dropped the lambda that did, so a client Connection reported HANDSHAKING forever and every Forge channel send from the client threw
[08:30:04] [main/INFO]: [Forbric/Merge] net.minecraft.network.Connection carried 2 duplicated lambda name(s) from the byte merge — dropped 2 orphaned bod(ies) so a mixin selecting by name cannot bind to the half that lost: lambda$setupOutboundProtocol$9(Lnet/minecraft/network/PacketBundleUnpacker;Lio/netty/channel/ChannelHandlerContext;)V, lambda$setupOutboundProtocol$8(Lnet/minecraft/network/ProtocolInfo;Lio/netty/channel/ChannelHandlerContext;)V
[08:30:04] [main/INFO]: [Forbric/Net] net.minecraft.network.Connection.channelActive now starts MinecraftForge's networking for the connection — the merge dropped the activation handler that installed its per-connection packet handler, so a client had none and Forge's handshake could not be answered
[08:30:04] [main/INFO]: [Forbric/Mixin] guest accessor mixin fabric-data-attachment-api-v1 (fabric-data-attachment-api-v1.mixins.json):CustomPayloadS2CPacketAccessor cannot bind — @Accessor field ServerboundCustomPayloadPacket.MAX_PAYLOAD_SIZE:I:I (kept; the merge re-typed or removed the member, so the generated accessor will throw when called)
[08:30:04] [main/INFO]: [Forbric/Mixin] guest accessor mixin fabric-data-attachment-api-v1 (fabric-data-attachment-api-v1.mixins.json):VarIntsAccessor cannot bind — @Accessor field VarInt.MAX_VARINT_SIZE:I:I (kept; the merge re-typed or removed the member, so the generated accessor will throw when called)
[08:30:04] [main/WARN]: [Forbric/Capabilities] LevelChunk.<init> has 0 unsavedListener store(s) and 1 return(s), not one each — capProvider stays null
[08:30:04] [main/ERROR]: [Forbric/Anchor] forbric-forge-capabilities was handed net.minecraft.world.level.chunk.LevelChunk and made no edit — its anchor is gone. every chunk getCapability/invalidateCaps/writeCapsToNBT NPEs on a null capProvider
[08:30:04] [main/INFO]: [Forbric/Merge] net.minecraft.data.tags.TagsProvider carried 7 duplicated lambda name(s) from the byte merge — dropped 7 orphaned bod(ies) so a mixin selecting by name cannot bind to the half that lost: lambda$contentsGetter$10(Lnet/minecraft/tags/TagKey;)Ljava/util/Optional;, lambda$run$7(I)[Ljava/util/concurrent/CompletableFuture;, lambda$run$6(Ljava/util/function/Predicate;Ljava/util/function/Predicate;Lnet/minecraft/data/CachedOutput;Lnet/minecraft/data/tags/TagsProvider$1CombinedData;Ljava/util/Map$Entry;)Ljava/util/concurrent/CompletableFuture;, lambda$run$5(Ljava/util/function/Predicate;Ljava/util/function/Predicate;Lnet/minecraft/tags/TagEntry;)Z, lambda$run$4(Lnet/minecraft/data/tags/TagsProvider$1CombinedData;Lnet/minecraft/resources/ResourceLocation;)Z, lambda$run$3(Lnet/minecraft/core/HolderLookup$RegistryLookup;Lnet/minecraft/resources/ResourceLocation;)Z, lambda$run$2()Ljava/lang/IllegalStateException;
[08:30:04] [main/INFO]: [Forbric/Mixin] guest mixin fabric-data-generation-api-v1 (fabric-data-generation-api-v1.mixins.json):TagProviderMixin applies only partially on the merged base — 3/4 anchors resolve, missing: @At(INVOKE) net.minecraft.tags.TagFile.<init> in TagsProvider.lambda$run$5 (kept; -Dforbric.mixinFit=strict drops these)
[08:30:04] [main/INFO]: [Forbric/Mixin] guest accessor mixin fabric-data-generation-api-v1 (fabric-data-generation-api-v1.mixins.json):loot.BlockLootTableGeneratorAccessor cannot bind — @Accessor field BlockLootSubProvider.registries:Lnet/minecraft/core/HolderLookup$Provider;:Lnet/minecraft/core/HolderLookup$Provider; (kept; the merge re-typed or removed the member, so the generated accessor will throw when called)
[08:30:04] [main/INFO]: [Forbric/Mixin] suppressed mixin server.MainMixin from fabric-data-generation-api-v1 (fabric-data-generation-api-v1.mixins.json)
[08:30:04] [main/ERROR]: [Forbric/Anchor] forbric:lifecycle-hook-injector was handed net.minecraft.client.Minecraft and made no edit — its anchor is gone. the genuine loader's own mod-loading lifecycle would run alongside the kernel's, which is the one thing this architecture cannot survive
[08:30:04] [main/INFO]: [Forbric/Lifecycle] redirected genuine loader trigger net/neoforged/neoforge/client/loading/ClientModLoader.begin to net/forbric/kernel/runtime/KernelClientLifecycle.onClientModLoadingWithPacks from net.minecraft.client.Minecraft.<init> — kernel owns the lifecycle
[08:30:04] [main/INFO]: [Forbric/MergedBaseCompat] Minecraft now initializes both Forge families' client hooks and particles
[08:30:04] [main/INFO]: [Forbric/MergedBaseCompat] took "NeoForge" out of the window title — the merged base carries one loader's title patch, and this instance runs all three ecosystems
[08:30:04] [main/INFO]: [Forbric/ClientSmoke] armed on Minecraft.tick — this run will enter a world, live in it, disconnect and stop by itself
[08:30:04] [main/INFO]: [Forbric/Shutdown] net.minecraft.client.Minecraft.close now stops both loaders' config file-watchers before the JVM ends (1 return(s) hooked)
[08:30:04] [main/INFO]: [Forbric/Fabric] wired client-entrypoint hook into Minecraft.<init> (before Options) — Fabric client entrypoints now fire with a live Minecraft.getInstance()
[08:30:04] [main/WARN]: [Forbric/Transform] no ClientModLoader.finish() call in Minecraft.<init> — the NeoForge client setup lifecycle will NOT fire; mods that set up from FMLClientSetupEvent will do nothing
[08:30:04] [main/ERROR]: [Forbric/Anchor] forbric-neo-client-setup-hook was handed net.minecraft.client.Minecraft and made no edit — its anchor is gone. NeoForge mods would never receive their client setup phase, and the kernel's own client-side registration window would never open
[08:30:04] [main/INFO]: [Forbric/LambdaSelectorRetarget] rewrote 4 lambda selector(s) in net.fabricmc.fabric.mixin.entity.event.LivingEntityMixin to the member the merged base declares
[08:30:04] [main/INFO]: [Forbric/Mixin] guest mixin fabric-entity-events-v1 (fabric-entity-events-v1.mixins.json):LivingEntityMixin applies only partially on the merged base — 20/22 anchors resolve, missing: @At(INVOKE) net.minecraft.world.level.block.BedBlock.getBedOrientation in LivingEntity.getBedOrientation, @At(INVOKE) net.minecraft.world.level.Level.setBlock in LivingEntity.lambda$stopSleeping$12 (kept; -Dforbric.mixinFit=strict drops these)
[08:30:04] [main/INFO]: [Forbric/Merge] net.minecraft.world.entity.animal.MushroomCow carried 1 duplicated lambda name(s) from the byte merge — dropped 1 orphaned bod(ies) so a mixin selecting by name cannot bind to the half that lost: lambda$shear$0(Lnet/minecraft/world/item/ItemStack;)V
[08:30:04] [main/ERROR]: [Forbric/Anchor] forbric-forge-damage-seams was handed net.minecraft.world.entity.player.Player and made no edit — its anchor is gone. MinecraftForge's LivingHurtEvent and LivingDamageEvent never fire — damage perks, immunity and death-prevention in MinecraftForge mods do nothing
[08:30:04] [main/INFO]: [Forbric/MergedBaseCompat] net.minecraft.server.level.ServerPlayer turns radians into degrees by vanilla's folded constant again (1 site(s)) — the merged body divided by pi at run time, which is a different number in the eighth digit and moves every angle computed from a vector
[08:30:04] [main/INFO]: [Forbric/Merge] net.minecraft.server.level.ServerPlayer carried 1 duplicated lambda name(s) from the byte merge — dropped 1 orphaned bod(ies) so a mixin selecting by name cannot bind to the half that lost: lambda$startSleepInBed$13(Lnet/minecraft/util/Unit;)V
[08:30:05] [main/INFO]: [Forbric/Mixin] retargeted guest mixin fabric-entity-events-v1 (fabric-entity-events-v1.mixins.json):ServerPlayerEntityMixin — Lnet/minecraft/server/level/ServerPlayer;startSleepInBed(Lnet/minecraft/core/BlockPos;)Lcom/mojang/datafixers/util/Either; → lambda$startSleepInBed$13(Lnet/minecraft/core/BlockPos;)Lcom/mojang/datafixers/util/Either; (a carrier renamed the vanilla body to lambda$startSleepInBed$13 and left a dispatcher of the same shape behind); Lnet/minecraft/server/level/ServerPlayer;startSleepInBed(Lnet/minecraft/core/BlockPos;)Lcom/mojang/datafixers/util/Either; → lambda$startSleepInBed$13(Lnet/minecraft/core/BlockPos;)Lcom/mojang/datafixers/util/Either; (a carrier renamed the vanilla body to lambda$startSleepInBed$13 and left a dispatcher of the same shape behind); Lnet/minecraft/server/level/ServerPlayer;startSleepInBed(Lnet/minecraft/core/BlockPos;)Lcom/mojang/datafixers/util/Either; → lambda$startSleepInBed$13(Lnet/minecraft/core/BlockPos;)Lcom/mojang/datafixers/util/Either; (a carrier renamed the vanilla body to lambda$startSleepInBed$13 and left a dispatcher of the same shape behind); Lnet/minecraft/server/level/ServerPlayer;startSleepInBed(Lnet/minecraft/core/BlockPos;)Lcom/mojang/datafixers/util/Either; → lambda$startSleepInBed$13(Lnet/minecraft/core/BlockPos;)Lcom/mojang/datafixers/util/Either; (a carrier renamed the vanilla body to lambda$startSleepInBed$13 and left a dispatcher of the same shape behind); Lnet/minecraft/server/level/ServerPlayer;startSleepInBed(Lnet/minecraft/core/BlockPos;)Lcom/mojang/datafixers/util/Either; → lambda$startSleepInBed$13(Lnet/minecraft/core/BlockPos;)Lcom/mojang/datafixers/util/Either; (a carrier renamed the vanilla body to lambda$startSleepInBed$13 and left a dispatcher of the same shape behind); verdict PARTIAL→FIT
[08:30:05] [main/INFO]: [Forbric/GuestInjectorPruner] pruned 2 injector(s) from net.fabricmc.fabric.mixin.event.interaction.ServerPlayerInteractionManagerMixin — onBlockBroken's @At(INVOKE) Block.destroy is no longer made inside ServerPlayerGameMode.destroyBlock, and breakBlock's @Inject captures locals its LVT no longer has (incompatible changes at opcode 89); the anchor is present but the capture is not; the other 3 injector(s) apply as written
[08:30:05] [main/INFO]: [Forbric/GuestInjectorPruner] pruned 1 injector(s) from net.fabricmc.fabric.mixin.event.interaction.client.MinecraftClientMixin — the anchor binds — what fails is the LOCAL CAPTURE: "Injection warning: LVT in net/minecraft/client/Minecraft::startUseItem()V has incompatible changes at opcode 143", because NeoForge's patch inserts its InteractionKeyMappingTriggered local ahead of the InteractionHand loop; the handler's seven captured locals are the module's own code and are resolved against that LVT, and a capture is not a selector; the other 6 injector(s) apply as written
[08:30:05] [main/INFO]: [Forbric/GuestInjectorPruner] pruned 1 injector(s) from net.fabricmc.fabric.mixin.item.AnvilScreenHandlerMixin — the merged AnvilMenu.createResult no longer calls Enchantment.canEnchant(ItemStack); NeoForge moved the check to ItemStack.supportsEnchantment(Holder), a different owner and parameter, so the redirect's handler cannot bind; the other 0 injector(s) apply as written
[08:30:05] [main/INFO]: [Forbric/GuestInjectorPruner] pruned 2 injector(s) from net.fabricmc.fabric.mixin.item.BrewingStandBlockEntityMixin — the merged doBrew calls ItemStack.hasCraftingRemainingItem()/getCraftingRemainingItem() (the owner moved Item->ItemStack, and the handler's Item parameter no longer matches) and never constructs an ItemStack through the (ItemLike)ItemStack ctor the @WrapOperation wraps; the other 1 injector(s) apply as written
[08:30:05] [main/INFO]: [Forbric/GuestInjectorPruner] pruned 1 injector(s) from net.fabricmc.fabric.mixin.item.EnchantRandomlyLootFunctionMixin — the merged EnchantRandomlyFunction.lambda$run$4 no longer calls Enchantment.canEnchant(ItemStack); NeoForge moved the check to ItemStack.supportsEnchantment(Holder); the other 0 injector(s) apply as written
[08:30:05] [main/ERROR]: [Forbric/Anchor] forbric:guest-injector-pruner was handed net.fabricmc.fabric.mixin.item.ItemStackMixin and made no edit — its anchor is gone. fabric-item-api's tooltip injectors stay where the retarget put them, so the kernel's tooltip bridge stands down and a Fabric mod's component tooltips are missing from normal tooltips
[08:30:05] [main/INFO]: [Forbric/GuestInjectorPruner] pruned 2 injector(s) from net.fabricmc.fabric.mixin.item.RecipeMixin — the merged Recipe.getRemainingItems calls ItemStack.hasCraftingRemainingItem() and getCraftingRemainingItem() (the owner moved Item->ItemStack, so the Item-parameter handlers cannot match); the other 2 injector(s) apply as written
[08:30:05] [main/INFO]: [Forbric/GuestInjectorPruner] pruned 1 injector(s) from net.fabricmc.fabric.mixin.object.builder.TradeOffersTypeAwareBuyForOneEmeraldFactoryMixin — the merged EmeraldsForVillagerTypeItem.<init>(int,int,int,Map) takes its map as a PARAMETER and assigns four fields; vanilla's registry iteration is gone from the class entirely — VillagerTrades builds that map without iterating BuiltInRegistries.VILLAGER_TYPE at all — so the @At(INVOKE) DefaultedRegistry.stream anchor has no call to bind to, and a handler returning a widened Stream cannot fit any surviving call; the other 1 injector(s) apply as written
[08:30:05] [main/WARN]: [Forbric/MergedBaseCompat] fabric-api's ParticleManagerAccessor.getFactories() read a provider field this base does not have — the @Accessor it shipped with cannot bind, and its failure would have taken the two sprite accessors beside it down too. It is now a SYNTHETIC default method over ParticleEngine.forbric$providerFactories(ParticleEngine): without the flag the interface mixin becomes Mixin's INTERFACE variant and is rejected against the class ParticleEngine, losing every mixin in fabric-particles-v1.client.mixins.json
[08:30:05] [main/INFO]: [Forbric/GuestInjectorPruner] pruned 1 injector(s) from net.fabricmc.fabric.mixin.recipe.ingredient.IngredientMixin — the merged Ingredient.<clinit> builds the packet codec through Either.map, not the StreamCodec.map the @ModifyExpressionValue selects; the owner and return type both differ, so the modifier binds nowhere; the other 1 injector(s) apply as written
[08:30:05] [main/WARN]: [Forbric/MergedBaseCompat] net.fabricmc.fabric.mixin.registry.sync.MainMixin.LOGGER is a logger the merge left with no assignment, so it was null forever and whichever branch reads it threw instead of logging. It is now initialised.
[08:30:05] [main/INFO]: [Forbric/LambdaSelectorRetarget] rewrote 2 lambda selector(s) in net.fabricmc.fabric.mixin.registry.sync.SerializableRegistriesMixin to the member the merged base declares
[08:30:05] [main/WARN]: [Forbric/MergedBaseCompat] net.fabricmc.fabric.mixin.registry.sync.client.MinecraftClientMixin.LOGGER is a logger the merge left with no assignment, so it was null forever and whichever branch reads it threw instead of logging. It is now initialised.
[08:30:05] [main/ERROR]: [Forbric/Anchor] forbric:guest-injector-pruner was handed net.fabricmc.fabric.mixin.client.indigo.renderer.SectionBuilderMixin and made no edit — its anchor is gone. the redirect stays in the mixin, cannot attach (the merged SectionCompiler.compile calls a nine-argument renderBatched, not the seven-argument one this @At names) and is reported as a required CONFIRMED loss, so a STRICT launch halts on it; the Indigo path is gone either way, since a redirect cannot follow a call the merged body no longer makes
[08:30:05] [main/INFO]: [Forbric/MergedBaseCompat] net.fabricmc.fabric.mixin.client.rendering.BlockColorsMixin's @Shadow blockColors is an IdMapper this base no longer has, so Mixin could not bind it and discarded the whole mixin; it now reads the live Map by raw key
[08:30:05] [main/INFO]: [Forbric/MergedBaseCompat] net.fabricmc.fabric.mixin.client.rendering.ItemColorsMixin's @Shadow itemColors is an IdMapper this base no longer has, so Mixin could not bind it and discarded the whole mixin; it now reads the live Map by raw key
[08:30:05] [main/WARN]: [Forbric/MergedBaseCompat] net.fabricmc.fabric.mixin.resource.loader.client.GameOptionsMixin.LOGGER is a logger the merge left with no assignment, so it was null forever and whichever branch reads it threw instead of logging. It is now initialised.
[08:30:05] [main/INFO]: [Forbric/LambdaSelectorRetarget] rewrote 2 lambda selector(s) in net.fabricmc.fabric.mixin.screen.MinecraftClientMixin to the member the merged base declares
[08:30:05] [main/INFO]: [Forbric/GuestInjectorPruner] pruned 1 injector(s) from com.terraformersmc.modmenu.mixin.MixinTitleScreen — the merge did not rename the call, it MOVED it out of the mixin's target: javap of the merged TitleScreen counts 0 GuiGraphics.drawString invocations in render(GuiGraphics,int,int,float), and the four that exist in the class sit in lambda$render$13 / lambda$render$14 -- the branding callbacks reached through ClientHooks.renderMainMenu and BrandingControl.forEachLine, which render now delegates to. A @Mixin(TitleScreen) injector names a method OF ITS TARGET, and the target method no longer contains the call; reaching it means naming a synthetic lambda instead, which is exactly the lambda-selector retarget this table's class docs record as measured and REVERTED (it cleared one finding and exposed eleven others plus a balm InvalidInjectionException, i.e. it changed the pipeline rather than the anchor), so it is not repeated blind -- and there are two lambda families with different descriptors here, which is the same whole-class-match trap that made the Indigo retarget bind to the wrong overload; the other 1 injector(s) apply as written
[08:30:05] [main/WARN]: [Forbric/MergedBaseCompat] org.embeddedt.modernfix.common.mixin.feature.measure_time.BootstrapMixin.LOGGER is a logger the merge left with no assignment, so it was null forever and whichever branch reads it threw instead of logging. It is now initialised.
[08:30:05] [main/WARN]: [Forbric/MergedBaseCompat] org.embeddedt.modernfix.common.mixin.core.BootstrapMixin.LOGGER is a logger the merge left with no assignment, so it was null forever and whichever branch reads it threw instead of logging. It is now initialised.
[08:30:05] [main/WARN]: [Forbric/MergedBaseCompat] net.caffeinemc.mods.sodium.mixin.workarounds.context_creation.WindowMixin.LOGGER is a logger the merge left with no assignment, so it was null forever and whichever branch reads it threw instead of logging. It is now initialised.
[08:30:05] [main/WARN]: [Forbric/Mixin] guest mixin fabric-events-interaction-v0 (fabric-events-interaction-v0.mixins.json):ServerPlayNetworkHandlerMixin targets net/minecraft/server/network/ServerGamePacketListenerImpl$1, a renumbered anonymous class — on this base that name is a different class (the class was reshaped by the merge); its injections bind to unrelated code
[08:30:05] [main/INFO]: [Forbric/Mixin] guest mixin fabric-events-interaction-v0 (fabric-events-interaction-v0.mixins.json):ServerPlayNetworkHandlerMixin applies only partially on the merged base — 4/5 anchors resolve, missing: @Mixin target ServerGamePacketListenerImpl$1.ServerGamePacketListenerImpl$1 is not the class vanilla compiled at that name (the class was reshaped by the merge) (kept; -Dforbric.mixinFit=strict drops these)
[08:30:05] [main/WARN]: [Forbric/MergedBaseCompat] initialized Forge KeyMapping lookup on merged client base
[08:30:05] [main/WARN]: [Forbric/MergedBaseCompat] gave KeyMapping its MinecraftForge accessors back and pointed them at the NeoForge state the game actually reads — the merge kept both ecosystems' fields but only one side's accessors, and the other side's fields are read by nothing (4 constructor(s) also mirrored)
[08:30:05] [main/ERROR]: [Forbric/Anchor] forbric-merged-base-compat#routeKeyMappingClickToPopulatedLookup was handed net.minecraft.client.KeyMapping and made no edit — its anchor is gone. key presses are looked up in the lookup registration never populated — MinecraftForge mods' keys never fire
[08:30:05] [main/INFO]: [Forbric/Mixin] guest accessor mixin fabric-events-interaction-v0 (fabric-events-interaction-v0.client.mixins.json):KeyBindingAccessor cannot bind — @Accessor field KeyMapping.clickCount:I:I (kept; the merge re-typed or removed the member, so the generated accessor will throw when called)
[08:30:05] [main/INFO]: [Forbric/Mixin] guest accessor mixin fabric-game-rule-api-v1 (fabric-game-rule-api-v1.mixins.json):GameRulesBooleanRuleAccessor cannot bind — @Invoker method GameRules$BooleanValue.create(ZLjava/util/function/BiConsumer;)Lnet/minecraft/world/level/GameRules$Type;(ZLjava/util/function/BiConsumer;)Lnet/minecraft/world/level/GameRules$Type; (kept; the merge re-typed or removed the member, so the generated accessor will throw when called)
[08:30:05] [main/INFO]: [Forbric/Mixin] guest accessor mixin fabric-game-rule-api-v1 (fabric-game-rule-api-v1.mixins.json):GameRuleCommandAccessor cannot bind — @Invoker method GameRuleCommand.setRule(Lcom/mojang/brigadier/context/CommandContext;Lnet/minecraft/world/level/GameRules$Key;)I(Lcom/mojang/brigadier/context/CommandContext;Lnet/minecraft/world/level/GameRules$Key;)I, @Invoker method GameRuleCommand.queryRule(Lnet/minecraft/commands/CommandSourceStack;Lnet/minecraft/world/level/GameRules$Key;)I(Lnet/minecraft/commands/CommandSourceStack;Lnet/minecraft/world/level/GameRules$Key;)I (kept; the merge re-typed or removed the member, so the generated accessor will throw when called)
[08:30:05] [main/INFO]: [Forbric/Mixin] guest accessor mixin fabric-game-rule-api-v1 (fabric-game-rule-api-v1.mixins.json):GameRulesAccessor cannot bind — @Invoker method GameRules.register(Ljava/lang/String;Lnet/minecraft/world/level/GameRules$Category;Lnet/minecraft/world/level/GameRules$Type;)Lnet/minecraft/world/level/GameRules$Key;(Ljava/lang/String;Lnet/minecraft/world/level/GameRules$Category;Lnet/minecraft/world/level/GameRules$Type;)Lnet/minecraft/world/level/GameRules$Key;, @Accessor field GameRules.GAME_RULE_TYPES:Ljava/util/Map;:Ljava/util/Map; (kept; the merge re-typed or removed the member, so the generated accessor will throw when called)
[08:30:05] [main/INFO]: [Forbric/Mixin] guest accessor mixin fabric-game-rule-api-v1 (fabric-game-rule-api-v1.mixins.json):GameRulesIntRuleAccessor cannot bind — @Accessor field GameRules$IntegerValue.value:I:I, @Accessor field GameRules$IntegerValue.value:I:I (kept; the merge re-typed or removed the member, so the generated accessor will throw when called)
[08:30:05] [main/INFO]: [Forbric/Mixin] guest accessor mixin fabric-game-rule-api-v1 (fabric-game-rule-api-v1.client.mixins.json):EditGameRulesScreenAccessor cannot bind — @Invoker method EditGameRulesScreen.clearInvalid(Lnet/minecraft/client/gui/screens/worldselection/EditGameRulesScreen$RuleEntry;)V(Lnet/minecraft/client/gui/screens/worldselection/EditGameRulesScreen$RuleEntry;)V, @Invoker method EditGameRulesScreen.markInvalid(Lnet/minecraft/client/gui/screens/worldselection/EditGameRulesScreen$RuleEntry;)V(Lnet/minecraft/client/gui/screens/worldselection/EditGameRulesScreen$RuleEntry;)V (kept; the merge re-typed or removed the member, so the generated accessor will throw when called)
[08:30:05] [main/INFO]: [Forbric/Mixin] guest accessor mixin fabric-item-api-v1 (fabric-item-api-v1.mixins.json):EnchantmentBuilderAccessor cannot bind — @Accessor field Enchantment$Builder.definition:Lnet/minecraft/world/item/enchantment/Enchantment$EnchantmentDefinition;:Lnet/minecraft/world/item/enchantment/Enchantment$EnchantmentDefinition;, @Accessor field Enchantment$Builder.exclusiveSet:Lnet/minecraft/core/HolderSet;:Lnet/minecraft/core/HolderSet;, @Accessor field Enchantment$Builder.effectMapBuilder:Lnet/minecraft/core/component/DataComponentMap$Builder;:Lnet/minecraft/core/component/DataComponentMap$Builder;, @Invoker method Enchantment$Builder.getEffectsList(Lnet/minecraft/core/component/DataComponentType;)Ljava/util/List;(Lnet/minecraft/core/component/DataComponentType;)Ljava/util/List; (kept; the merge re-typed or removed the member, so the generated accessor will throw when called)
[08:30:05] [main/INFO]: [Forbric/Mixin] guest mixin fabric-item-api-v1 (fabric-item-api-v1.mixins.json):EnchantCommandMixin applies only partially on the merged base — 1/2 anchors resolve, missing: @At(INVOKE) net.minecraft.world.item.enchantment.Enchantment.canEnchant in EnchantCommand.enchant (kept; -Dforbric.mixinFit=strict drops these)
[08:30:05] [main/INFO]: [Forbric/Mixin] auto-suppressing guest mixin fabric-item-api-v1 (fabric-item-api-v1.mixins.json):EnchantmentHelperMixin — UNFIT on the merged base (no anchor resolves (@Inject target EnchantmentHelper.Lnet/minecraft/world/item/enchantment/EnchantmentHelper;lambda$getAvailableEnchantmentResults$41(Lnet/minecraft/world/item/ItemStack;ZLnet/minecraft/core/Holder;)Z))
[08:30:05] [main/INFO]: [Forbric/Mixin] guest accessor mixin fabric-item-api-v1 (fabric-item-api-v1.mixins.json):ItemAccessor cannot bind — @Accessor field Item.components:Lnet/minecraft/core/component/DataComponentMap;:Lnet/minecraft/core/component/DataComponentMap; (kept; the merge re-typed or removed the member, so the generated accessor will throw when called)
[08:30:05] [main/WARN]: [Forbric/MergedBaseCompat] routed net.minecraft.world.item.ItemStack's block-placement hook to NeoForge — the merged Level.capturedBlockSnapshots holds NeoForge BlockSnapshots, so MinecraftForge's hook threw ClassCastException on every block placed
[08:30:05] [main/INFO]: [Forbric/MergedBaseCompat] ItemStack.forEachModifier now asks NeoForge what an item's attributes are instead of reading the raw component — the merge took NeoForge's canGlide, which reads an attribute only NeoForge's ItemAttributeModifierEvent ever sets, and vanilla's reader, which never posts it. Elytra flight was the visible half of that
[08:30:05] [main/ERROR]: [Forbric/Anchor] forbric-merged-base-compat#postNeoForgesItemTooltipEvent was handed net.minecraft.world.item.ItemStack and made no edit — its anchor is gone. NeoForge mods cannot add a line to any item's tooltip — the merged getTooltipLines posts only MinecraftForge's event
[08:30:05] [main/WARN]: [Forbric/TooltipOrder] net.minecraft.world.item.ItemStack has no addDetailsToTooltip(Lnet/minecraft/world/item/Item$TooltipContext;Lnet/minecraft/world/item/component/TooltipDisplay;Lnet/minecraft/world/entity/player/Player;Lnet/minecraft/world/item/TooltipFlag;Ljava/util/function/Consumer;)V — the seam has drifted
[08:30:05] [main/ERROR]: [Forbric/Anchor] forbric:tooltip-order-scrape was handed net.minecraft.world.item.ItemStack and made no edit — its anchor is gone. any Fabric mod touching fabric-item-api's tooltip-order registry dies with ExceptionInInitializerError ("Found no component types")
[08:30:05] [main/INFO]: [Forbric/Merge] net.minecraft.world.item.ItemStack carried 2 duplicated lambda name(s) from the byte merge — dropped 2 orphaned bod(ies) so a mixin selecting by name cannot bind to the half that lost: lambda$lenientOptionalFieldOf$20(Lnet/minecraft/world/item/ItemStack;)Ljava/util/Optional;, lambda$validateComponents$14(II)Ljava/lang/String;
[08:30:05] [main/INFO]: [Forbric/Item] ItemStack.useOn posts NeoForge's UseItemOnBlockEvent (ITEM_AFTER_BLOCK) again, and its Item.useOn call is one Fabric's ItemEvents.USE_ON can wrap
[08:30:05] [main/INFO]: [Forbric/Frames] recomputed net.minecraftforge.common.capabilities.CapabilityProvider — its frames named [net/minecraftforge/common/capabilities/CapabilityProvider], which the merge took off that hierarchy, so the class could not pass verification
[08:30:05] [main/INFO]: [Forbric/Registry] net.minecraft.resources.RegistryDataLoader: dropped MinecraftForge's ConditionCodec wrap in loadContentsFromNetwork — the merged base kept Forge's Optional-wrapping driver with NeoForge's one-unwrap loader, so a known-pack entry registered as an Optional and Level.<init> cast it to DimensionType
[08:30:05] [main/INFO]: [Forbric/Merge] net.minecraft.resources.RegistryDataLoader carried 3 duplicated lambda name(s) from the byte merge — dropped 3 orphaned bod(ies) so a mixin selecting by name cannot bind to the half that lost: lambda$loadElementFromResource$14(Lcom/mojang/datafixers/util/Pair;)Ljava/util/Optional;, lambda$logErrors$11(Ljava/util/Map$Entry;)Lnet/minecraft/resources/ResourceLocation;, lambda$createContext$8(Ljava/util/Map;Lnet/minecraft/core/RegistryAccess$RegistryEntry;)V
[08:30:05] [main/INFO]: [Forbric/Mixin] guest mixin fabric-item-api-v1 (fabric-item-api-v1.mixins.json):RegistryLoaderMixin applies only partially on the merged base — 1/2 anchors resolve, missing: @At(INVOKE) net.minecraft.core.WritableRegistry.register in RegistryDataLoader.loadElementFromResource (kept; -Dforbric.mixinFit=strict drops these)
[08:30:05] [main/INFO]: [Forbric/Mixin] fabric-item-api-v1 (fabric-item-api-v1.mixins.json): left out 1 of 17 mixin(s)
[08:30:05] [main/INFO]: [Forbric/Mixin] suppressed mixin EnchantmentHelperMixin from fabric-item-api-v1 (fabric-item-api-v1.mixins.json)
[08:30:05] [main/INFO]: [Forbric/Mixin] guest mixin fabric-item-api-v1 (fabric-item-api-v1.client.mixins.json):ClientPlayerInteractionManagerMixin applies only partially on the merged base — 4/5 anchors resolve, missing: @At(INVOKE) net.minecraft.world.item.ItemStack.isSameItemSameComponents in MultiPlayerGameMode.sameDestroyTarget (kept; -Dforbric.mixinFit=strict drops these)
[08:30:05] [main/INFO]: [Forbric/CreativeTabs] creative-tab contents now run NeoForge and MinecraftForge's registration events through the same output (the carrier's ResourceKey is re-derived by the kernel)
[08:30:05] [main/INFO]: [Forbric/Mixin] guest accessor mixin fabric-item-group-api-v1 (fabric-item-group-api-v1.mixins.json):ItemGroupAccessor cannot bind — @Accessor field CreativeModeTab.row:Lnet/minecraft/world/item/CreativeModeTab$Row;:Lnet/minecraft/world/item/CreativeModeTab$Row;, @Accessor field CreativeModeTab.column:I:I (kept; the merge re-typed or removed the member, so the generated accessor will throw when called)
[08:30:05] [main/INFO]: [Forbric/Merge] net.minecraft.client.gui.screens.inventory.CreativeModeInventoryScreen carried 3 duplicated lambda name(s) from the byte merge — dropped 3 orphaned bod(ies) so a mixin selecting by name cannot bind to the half that lost: lambda$updateVisibleTags$5(Ljava/util/function/Predicate;Lnet/minecraft/tags/TagKey;)Z, lambda$updateVisibleTags$4(Ljava/lang/String;Ljava/lang/String;Lnet/minecraft/resources/ResourceLocation;)Z, lambda$init$2(Lnet/minecraftforge/client/gui/CreativeTabsScreenPage;)Z
[08:30:05] [main/INFO]: [Forbric/Mixin] guest accessor mixin fabric-key-binding-api-v1 (fabric-key-binding-api-v1.mixins.json):KeyBindingAccessor cannot bind — @Accessor field KeyMapping.CATEGORY_SORT_ORDER:Ljava/util/Map;:Ljava/util/Map;, @Accessor field KeyMapping.key:Lcom/mojang/blaze3d/platform/InputConstants$Key;:Lcom/mojang/blaze3d/platform/InputConstants$Key; (kept; the merge re-typed or removed the member, so the generated accessor will throw when called)
[08:30:05] [main/ERROR]: [Forbric/Anchor] forbric-forge-options was handed net.minecraft.client.Options and made no edit — its anchor is gone. saved Forge key bindings are erased before their keys are registered
[08:30:05] [main/ERROR]: [Forbric/Anchor] forbric-merged-base-compat#postMinecraftForgesReloadListenerEvent was handed net.minecraft.server.ReloadableServerResources and made no edit — its anchor is gone. MinecraftForge's AddReloadListenerEvent is never posted — traditional-Forge JSON data loaders never register
[08:30:05] [main/INFO]: [Forbric/Merge] net.minecraft.server.ReloadableServerResources carried 3 duplicated lambda name(s) from the byte merge — dropped 3 orphaned bod(ies) so a mixin selecting by name cannot bind to the half that lost: lambda$loadResources$2(Lnet/minecraft/world/flag/FeatureFlagSet;Lnet/minecraft/commands/Commands$CommandSelection;ILnet/minecraft/core/LayeredRegistryAccess;Lnet/minecraft/server/packs/resources/ResourceManager;Ljava/util/concurrent/Executor;Ljava/util/concurrent/Executor;Lnet/minecraft/core/LayeredRegistryAccess;)Ljava/util/concurrent/CompletionStage;, lambda$loadResources$1(Lnet/minecraft/server/ReloadableServerResources;Ljava/lang/Object;)Lnet/minecraft/server/ReloadableServerResources;, lambda$loadResources$0(Lnet/minecraft/server/ReloadableServerResources;Ljava/lang/Object;Ljava/lang/Throwable;)V
[08:30:05] [main/ERROR]: [Forbric/Anchor] forbric-forge-part-tracking was handed net.minecraft.server.level.ServerLevel$EntityCallbacks and made no edit — its anchor is gone. a MinecraftForge mod's multipart entity throws when a server adds it to a world or removes it
[08:30:05] [main/ERROR]: [Forbric/Anchor] forbric-client-part-tracking was handed net.minecraft.client.multiplayer.ClientLevel$EntityCallbacks and made no edit — its anchor is gone. a NeoForge mod's multipart entity disconnects the client with a network protocol error when it comes into view
[08:30:05] [main/INFO]: [Forbric/Entity] the client's onTrackingEnd takes a MinecraftForge mod's multipart entity's parts out of partEntities, as MinecraftForge's does — it read only NeoForge's getParts(), which it leaves null, and threw
[08:30:05] [main/WARN]: [Forbric/ClientConsumers] did not bridge net.minecraft.client.multiplayer.ClientLevel.lambda$new$0: the host method moved; Forge client registrations for this consumer remain unavailable
[08:30:05] [main/ERROR]: [Forbric/Anchor] forbric-forge-client-consumers was handed net.minecraft.client.multiplayer.ClientLevel and made no edit — its anchor is gone. traditional Forge client registrations would not reach lambda$new$0
[08:30:05] [main/INFO]: [Forbric/Loot] LootPool.Builder.build() now keeps a MinecraftForge when(ICondition) in the pool, as MinecraftForge's does
[08:30:05] [main/ERROR]: [Forbric/Anchor] forbric-merged-base-compat#translateAGuestsPrivateSkipMarker was handed net.minecraft.server.packs.resources.SimpleJsonResourceReloadListener and made no edit — its anchor is gone. fabric-api's skip marker reaches the merged reader's cast — the datapack load dies ("can't proceed with server load")
[08:30:05] [main/INFO]: [Forbric/LootBridge] routed 1 loot-table load site and 1 registry-parse site in net.minecraft.server.ReloadableServerRegistries through the kernel — the merged base's ReloadableServerRegistries holds no loot or tag hook, so LootTableEvents fire from the points Fabric's own 1.21.1 mixin uses and NeoForge's dropped LootTableLoadEvent is posted again
[08:30:05] [main/INFO]: [Forbric/Merge] net.minecraft.world.level.storage.loot.LootPool carried 1 duplicated lambda name(s) from the byte merge — dropped 1 orphaned bod(ies) so a mixin selecting by name cannot bind to the half that lost: lambda$static$7(Lcom/mojang/serialization/codecs/RecordCodecBuilder$Instance;)Lcom/mojang/datafixers/kinds/App;
[08:30:05] [main/INFO]: [Forbric/MergedBaseCompat] LootPool's constructors now fill both families' fields — a pool a mod built had no forge_condition, so encoding it failed, and a decoded pool had no name
[08:30:05] [main/INFO]: [Forbric/Mixin] guest accessor mixin fabric-loot-api-v3 (fabric-loot-api-v3.mixins.json):LootPoolAccessor cannot bind — @Accessor field LootPool.rolls:Lnet/minecraft/world/level/storage/loot/providers/number/NumberProvider;:Lnet/minecraft/world/level/storage/loot/providers/number/NumberProvider;, @Accessor field LootPool.bonusRolls:Lnet/minecraft/world/level/storage/loot/providers/number/NumberProvider;:Lnet/minecraft/world/level/storage/loot/providers/number/NumberProvider;, @Accessor field LootPool.entries:Ljava/util/List;:Ljava/util/List;, @Accessor field LootPool.conditions:Ljava/util/List;:Ljava/util/List;, @Accessor field LootPool.functions:Ljava/util/List;:Ljava/util/List; (kept; the merge re-typed or removed the member, so the generated accessor will throw when called)
[08:30:05] [main/INFO]: [Forbric/Mixin] guest accessor mixin fabric-loot-api-v3 (fabric-loot-api-v3.mixins.json):LootTableAccessor cannot bind — @Accessor field LootTable.pools:Ljava/util/List;:Ljava/util/List;, @Accessor field LootTable.functions:Ljava/util/List;:Ljava/util/List;, @Accessor field LootTable.randomSequence:Ljava/util/Optional;:Ljava/util/Optional; (kept; the merge re-typed or removed the member, so the generated accessor will throw when called)
[08:30:05] [main/INFO]: [Forbric/Mixin] suppressed mixin ReloadableRegistriesMixin from fabric-loot-api-v3 (fabric-loot-api-v3.mixins.json)
[08:30:05] [main/INFO]: [Forbric/MergedBaseCompat] ModelManager initializes Forge geometry loaders on every resource reload
[08:30:05] [main/INFO]: [Forbric/Mixin] guest mixin fabric-model-loading-api-v1 (fabric-model-loading-api-v1.mixins.json):ModelLoaderBakerImplMixin applies only partially on the merged base — 3/4 anchors resolve, missing: @At(INVOKE) ModelBakery$ModelBakerImpl.bakeUncached in bake (kept; -Dforbric.mixinFit=strict drops these)
[08:30:05] [main/INFO]: [Forbric/Mixin] guest mixin fabric-networking-api-v1 (fabric-networking-api-v1.mixins.json):CustomPayloadC2SPacketMixin applies only partially on the merged base — 1/2 anchors resolve, missing: @At(INVOKE) net.minecraft.network.protocol.common.custom.CustomPacketPayload.codec in ServerboundCustomPayloadPacket.<clinit> (kept; -Dforbric.mixinFit=strict drops these)
[08:30:05] [main/INFO]: [Forbric/Mixin] guest mixin fabric-networking-api-v1 (fabric-networking-api-v1.mixins.json):CustomPayloadS2CPacketMixin applies only partially on the merged base — 2/4 anchors resolve, missing: @At(INVOKE) net.minecraft.network.protocol.common.custom.CustomPacketPayload.codec in ClientboundCustomPayloadPacket.<clinit> (kept; -Dforbric.mixinFit=strict drops these)
[08:30:05] [main/INFO]: [Forbric/Net] handing MinecraftForge's payloads to ForgeHooks.onCustomPayload at net.minecraft.server.network.ServerCommonPacketListenerImpl.handleCustomPayload — NeoForge won this method in the merge and Forge's dispatch went with it
[08:30:05] [main/INFO]: [Forbric/Net] net.minecraft.server.network.ServerConfigurationPacketListenerImpl.runConfiguration now gathers MinecraftForge's configuration tasks alongside NeoForge's — the merged body is NeoForge's and never posted Forge's gather event, so its mod list, channel list and server-config sync never ran
[08:30:05] [main/INFO]: [Forbric/Net] net.minecraft.server.network.ServerConfigurationPacketListenerImpl.startNextTask now starts configuration tasks through MinecraftForge's task context — its own tasks refuse the vanilla overload, and every other task reaches it through the interface default that delegates back
[08:30:05] [main/INFO]: [Forbric/Net] treating Fabric/NeoForge common-networking tasks as equivalent at net.minecraft.server.network.ServerConfigurationPacketListenerImpl.finishCurrentTask
[08:30:05] [main/INFO]: [Forbric/Net] net.minecraft.server.network.ServerGamePacketListenerImpl.handleCustomPayload now falls through to NeoForge's dispatcher when MinecraftForge does not take the payload — it is Forge's override and never called super, so a NeoForge mod's play-phase packet to the server reached nobody
[08:30:05] [main/INFO]: [Forbric/Mixin] guest accessor mixin fabric-networking-api-v1 (fabric-networking-api-v1.mixins.json):accessor.EntityTrackerAccessor cannot bind — @Accessor field ChunkMap$TrackedEntity.seenBy:Ljava/util/Set;:Ljava/util/Set; (kept; the merge re-typed or removed the member, so the generated accessor will throw when called)
[08:30:05] [main/INFO]: [Forbric/Mixin] guest accessor mixin fabric-networking-api-v1 (fabric-networking-api-v1.mixins.json):accessor.ServerCommonNetworkHandlerAccessor cannot bind — @Accessor field ServerCommonPacketListenerImpl.connection:Lnet/minecraft/network/Connection;:Lnet/minecraft/network/Connection;, @Accessor field ServerCommonPacketListenerImpl.server:Lnet/minecraft/server/MinecraftServer;:Lnet/minecraft/server/MinecraftServer; (kept; the merge re-typed or removed the member, so the generated accessor will throw when called)
[08:30:05] [main/INFO]: [Forbric/Mixin] guest accessor mixin fabric-networking-api-v1 (fabric-networking-api-v1.mixins.json):accessor.ServerLoginNetworkHandlerAccessor cannot bind — @Accessor field ServerLoginPacketListenerImpl.server:Lnet/minecraft/server/MinecraftServer;:Lnet/minecraft/server/MinecraftServer;, @Accessor field ServerLoginPacketListenerImpl.connection:Lnet/minecraft/network/Connection;:Lnet/minecraft/network/Connection; (kept; the merge re-typed or removed the member, so the generated accessor will throw when called)
[08:30:05] [main/INFO]: [Forbric/Mixin] guest accessor mixin fabric-networking-api-v1 (fabric-networking-api-v1.mixins.json):accessor.ServerChunkLoadingManagerAccessor cannot bind — @Accessor field ChunkMap.entityMap:Lit/unimi/dsi/fastutil/ints/Int2ObjectMap;:Lit/unimi/dsi/fastutil/ints/Int2ObjectMap; (kept; the merge re-typed or removed the member, so the generated accessor will throw when called)
[08:30:05] [main/INFO]: [Forbric/Mixin] guest accessor mixin fabric-networking-api-v1 (fabric-networking-api-v1.client.mixins.json):accessor.ClientCommonNetworkHandlerAccessor cannot bind — @Accessor field ClientCommonPacketListenerImpl.connection:Lnet/minecraft/network/Connection;:Lnet/minecraft/network/Connection; (kept; the merge re-typed or removed the member, so the generated accessor will throw when called)
[08:30:05] [main/INFO]: [Forbric/Net] net.minecraft.client.multiplayer.ClientConfigurationPacketListenerImpl.handleEnabledFeatures now initialises a non-NeoForge connection once per configuration phase — NeoForge re-entered ClientNetworkRegistry.initializeOtherConnection from here and rebuilt every mod's default server config each time
[08:30:05] [main/INFO]: [Forbric/Net] net.minecraft.client.multiplayer.ClientConfigurationPacketListenerImpl.handleConfigurationFinished now runs MinecraftForge's configuration-complete hook — Forge reaches it only from a code-of-conduct handler vanilla rarely calls, so a Forge mod never learned whether the server was modded
[08:30:05] [main/INFO]: [Forbric/Net] net.minecraft.client.multiplayer.ClientConfigurationPacketListenerImpl.handleCustomPayload now initialises a non-NeoForge connection once per configuration phase — NeoForge re-entered ClientNetworkRegistry.initializeOtherConnection from here and rebuilt every mod's default server config each time
[08:30:05] [main/WARN]: [Forbric/Net] net.minecraft.client.multiplayer.ClientConfigurationPacketListenerImpl.handleCustomPayload no longer swallows minecraft:register the way this fix expects; leaving it alone
[08:30:05] [main/INFO]: [Forbric/Mixin] guest accessor mixin fabric-networking-api-v1 (fabric-networking-api-v1.client.mixins.json):accessor.ClientConfigurationNetworkHandlerAccessor cannot bind — @Accessor field ClientConfigurationPacketListenerImpl.localGameProfile:Lcom/mojang/authlib/GameProfile;:Lcom/mojang/authlib/GameProfile; (kept; the merge re-typed or removed the member, so the generated accessor will throw when called)
[08:30:05] [main/INFO]: [Forbric/Mixin] guest accessor mixin fabric-networking-api-v1 (fabric-networking-api-v1.client.mixins.json):accessor.ClientLoginNetworkHandlerAccessor cannot bind — @Accessor field ClientHandshakePacketListenerImpl.connection:Lnet/minecraft/network/Connection;:Lnet/minecraft/network/Connection; (kept; the merge re-typed or removed the member, so the generated accessor will throw when called)
[08:30:05] [main/INFO]: [Forbric/Mixin] guest accessor mixin fabric-networking-api-v1 (fabric-networking-api-v1.client.mixins.json):accessor.ConnectScreenAccessor cannot bind — @Accessor field ConnectScreen.connection:Lnet/minecraft/network/Connection;:Lnet/minecraft/network/Connection; (kept; the merge re-typed or removed the member, so the generated accessor will throw when called)
[08:30:05] [main/INFO]: [Forbric/Mixin] guest accessor mixin fabric-networking-api-v1 (fabric-networking-api-v1.client.mixins.json):accessor.MinecraftClientAccessor cannot bind — @Accessor field Minecraft.pendingConnection:Lnet/minecraft/network/Connection;:Lnet/minecraft/network/Connection; (kept; the merge re-typed or removed the member, so the generated accessor will throw when called)
[08:30:05] [main/INFO]: [Forbric/Mixin] guest accessor mixin fabric-object-builder-api-v1 (fabric-object-builder-v1.mixins.json):AbstractBlockAccessor cannot bind — @Accessor field BlockBehaviour.properties:Lnet/minecraft/world/level/block/state/BlockBehaviour$Properties;:Lnet/minecraft/world/level/block/state/BlockBehaviour$Properties; (kept; the merge re-typed or removed the member, so the generated accessor will throw when called)
[08:30:05] [main/INFO]: [Forbric/Mixin] guest accessor mixin fabric-object-builder-api-v1 (fabric-object-builder-v1.mixins.json):AbstractBlockSettingsAccessor cannot bind — @Accessor field BlockBehaviour$Properties.destroyTime:F:F, @Accessor field BlockBehaviour$Properties.explosionResistance:F:F, @Accessor field BlockBehaviour$Properties.hasCollision:Z:Z, @Accessor field BlockBehaviour$Properties.isRandomlyTicking:Z:Z, @Accessor field BlockBehaviour$Properties.lightEmission:Ljava/util/function/ToIntFunction;:Ljava/util/function/ToIntFunction;, @Accessor field BlockBehaviour$Properties.mapColor:Ljava/util/function/Function;:Ljava/util/function/Function;, @Accessor field BlockBehaviour$Properties.soundType:Lnet/minecraft/world/level/block/SoundType;:Lnet/minecraft/world/level/block/SoundType;, @Accessor field BlockBehaviour$Properties.friction:F:F, @Accessor field BlockBehaviour$Properties.speedFactor:F:F, @Accessor field BlockBehaviour$Properties.jumpFactor:F:F, @Accessor field BlockBehaviour$Properties.dynamicShape:Z:Z, @Accessor field BlockBehaviour$Properties.canOcclude:Z:Z, @Accessor field BlockBehaviour$Properties.isAir:Z:Z, @Accessor field BlockBehaviour$Properties.requiresCorrectToolForDrops:Z:Z, @Accessor field BlockBehaviour$Properties.isValidSpawn:Lnet/minecraft/world/level/block/state/BlockBehaviour$StateArgumentPredicate;:Lnet/minecraft/world/level/block/state/BlockBehaviour$StateArgumentPredicate;, @Accessor field BlockBehaviour$Properties.isRedstoneConductor:Lnet/minecraft/world/level/block/state/BlockBehaviour$StatePredicate;:Lnet/minecraft/world/level/block/state/BlockBehaviour$StatePredicate;, @Accessor field BlockBehaviour$Properties.isSuffocating:Lnet/minecraft/world/level/block/state/BlockBehaviour$StatePredicate;:Lnet/minecraft/world/level/block/state/BlockBehaviour$StatePredicate;, @Accessor field BlockBehaviour$Properties.isViewBlocking:Lnet/minecraft/world/level/block/state/BlockBehaviour$StatePredicate;:Lnet/minecraft/world/level/block/state/BlockBehaviour$StatePredicate;, @Accessor field BlockBehaviour$Properties.hasPostProcess:Lnet/minecraft/world/level/block/state/BlockBehaviour$StatePredicate;:Lnet/minecraft/world/level/block/state/BlockBehaviour$StatePredicate;, @Accessor field BlockBehaviour$Properties.emissiveRendering:Lnet/minecraft/world/level/block/state/BlockBehaviour$StatePredicate;:Lnet/minecraft/world/level/block/state/BlockBehaviour$StatePredicate;, @Accessor field BlockBehaviour$Properties.offsetFunction:Lnet/minecraft/world/level/block/state/BlockBehaviour$OffsetFunction;:Lnet/minecraft/world/level/block/state/BlockBehaviour$OffsetFunction;, @Accessor field BlockBehaviour$Properties.drops:Lnet/minecraft/resources/ResourceKey;:Lnet/minecraft/resources/ResourceKey;, @Accessor field BlockBehaviour$Properties.spawnTerrainParticles:Z:Z, @Accessor field BlockBehaviour$Properties.requiredFeatures:Lnet/minecraft/world/flag/FeatureFlagSet;:Lnet/minecraft/world/flag/FeatureFlagSet;, @Accessor field BlockBehaviour$Properties.ignitedByLava:Z:Z, @Accessor field BlockBehaviour$Properties.liquid:Z:Z, @Accessor field BlockBehaviour$Properties.forceSolidOff:Z:Z, @Accessor field BlockBehaviour$Properties.forceSolidOn:Z:Z, @Accessor field BlockBehaviour$Properties.pushReaction:Lnet/minecraft/world/level/material/PushReaction;:Lnet/minecraft/world/level/material/PushReaction;, @Accessor field BlockBehaviour$Properties.instrument:Lnet/minecraft/world/level/block/state/properties/NoteBlockInstrument;:Lnet/minecraft/world/level/block/state/properties/NoteBlockInstrument;, @Accessor field BlockBehaviour$Properties.replaceable:Z:Z, @Accessor field BlockBehaviour$Properties.hasCollision:Z:Z, @Accessor field BlockBehaviour$Properties.isRandomlyTicking:Z:Z, @Accessor field BlockBehaviour$Properties.mapColor:Ljava/util/function/Function;:Ljava/util/function/Function;, @Accessor field BlockBehaviour$Properties.dynamicShape:Z:Z, @Accessor field BlockBehaviour$Properties.canOcclude:Z:Z, @Accessor field BlockBehaviour$Properties.isAir:Z:Z, @Accessor field BlockBehaviour$Properties.drops:Lnet/minecraft/resources/ResourceKey;:Lnet/minecraft/resources/ResourceKey;, @Accessor field BlockBehaviour$Properties.requiresCorrectToolForDrops:Z:Z, @Accessor field BlockBehaviour$Properties.spawnTerrainParticles:Z:Z, @Accessor field BlockBehaviour$Properties.requiredFeatures:Lnet/minecraft/world/flag/FeatureFlagSet;:Lnet/minecraft/world/flag/FeatureFlagSet;, @Accessor field BlockBehaviour$Properties.offsetFunction:Lnet/minecraft/world/level/block/state/BlockBehaviour$OffsetFunction;:Lnet/minecraft/world/level/block/state/BlockBehaviour$OffsetFunction;, @Accessor field BlockBehaviour$Properties.ignitedByLava:Z:Z, @Accessor field BlockBehaviour$Properties.liquid:Z:Z, @Accessor field BlockBehaviour$Properties.forceSolidOff:Z:Z, @Accessor field BlockBehaviour$Properties.forceSolidOn:Z:Z, @Accessor field BlockBehaviour$Properties.replaceable:Z:Z (kept; the merge re-typed or removed the member, so the generated accessor will throw when called)
[08:30:05] [main/INFO]: [Forbric/MergedBaseCompat] DefaultAttributes now reads both ecosystems' mod-attribute maps (2 call site(s)) — the merge kept only NeoForge's reader, so a traditional MinecraftForge mod's entities had no attributes and could not exist
[08:30:05] [main/INFO]: [Forbric/Mixin] guest accessor mixin fabric-object-builder-api-v1 (fabric-object-builder-v1.mixins.json):DefaultAttributeRegistryAccessor cannot bind — @Accessor field DefaultAttributes.SUPPLIERS:Ljava/util/Map;:Ljava/util/Map; (kept; the merge re-typed or removed the member, so the generated accessor will throw when called)
[08:30:05] [main/INFO]: [Forbric/Mixin] guest mixin fabric-object-builder-api-v1 (fabric-object-builder-v1.client.mixins.json):HangingSignEditScreenMixin applies only partially on the merged base — 1/2 anchors resolve, missing: @At(INVOKE) net.minecraft.resources.ResourceLocation.withDefaultNamespace in HangingSignEditScreen.<init> (kept; -Dforbric.mixinFit=strict drops these)
[08:30:05] [main/INFO]: [Forbric/Mixin] guest accessor mixin fabric-object-builder-api-v1 (fabric-object-builder-v1.client.mixins.json):ModelPredicateProviderRegistryAccessor cannot bind — @Invoker method ItemProperties.registerGeneric(Lnet/minecraft/resources/ResourceLocation;Lnet/minecraft/client/renderer/item/ClampedItemPropertyFunction;)Lnet/minecraft/client/renderer/item/ClampedItemPropertyFunction;(Lnet/minecraft/resources/ResourceLocation;Lnet/minecraft/client/renderer/item/ClampedItemPropertyFunction;)Lnet/minecraft/client/renderer/item/ClampedItemPropertyFunction; (kept; the merge re-typed or removed the member, so the generated accessor will throw when called)
[08:30:05] [main/INFO]: [Forbric/Mixin] guest accessor mixin fabric-object-builder-api-v1 (fabric-object-builder-v1.client.mixins.json):ModelPredicateProviderRegistrySpecificAccessor cannot bind — @Invoker method ItemProperties.register(Lnet/minecraft/world/item/Item;Lnet/minecraft/resources/ResourceLocation;Lnet/minecraft/client/renderer/item/ClampedItemPropertyFunction;)V(Lnet/minecraft/world/item/Item;Lnet/minecraft/resources/ResourceLocation;Lnet/minecraft/client/renderer/item/ClampedItemPropertyFunction;)V (kept; the merge re-typed or removed the member, so the generated accessor will throw when called)
[08:30:05] [main/WARN]: [Forbric/MergedBaseCompat] ParticleEngine.providers is a single ResourceLocation-keyed map on this base, so fabric-api's Int2ObjectMap read of it has no field to bind to; forbric$providerFactories(ParticleEngine) now answers with a live int-keyed view of that map
[08:30:05] [main/ERROR]: [Forbric/Anchor] forbric-forge-particle-groups was handed net.minecraft.client.particle.ParticleEngine and made no edit — its anchor is gone. a MinecraftForge mod registering a particle group throws
[08:30:05] [main/INFO]: [Forbric/Mixin] guest accessor mixin fabric-particles-v1 (fabric-particles-v1.client.mixins.json):ParticleManagerAccessor cannot bind — @Accessor field ParticleEngine.textureAtlas:Lnet/minecraft/client/renderer/texture/TextureAtlas;:Lnet/minecraft/client/renderer/texture/TextureAtlas;, @Accessor field ParticleEngine.spriteSets:Ljava/util/Map;:Ljava/util/Map; (kept; the merge re-typed or removed the member, so the generated accessor will throw when called)
[08:30:05] [main/INFO]: [Forbric/Mixin] guest accessor mixin fabric-particles-v1 (fabric-particles-v1.client.mixins.json):ParticleManagerAccessor$SimpleSpriteProviderAccessor cannot bind — @Accessor field ParticleEngine$MutableSpriteSet.sprites:Ljava/util/List;:Ljava/util/List; (kept; the merge re-typed or removed the member, so the generated accessor will throw when called)
[08:30:05] [main/INFO]: [Forbric/Mixin] suppressed mixin BlockDustParticleMixin from fabric-particles-v1 (fabric-particles-v1.client.mixins.json)
[08:30:05] [main/WARN]: [Forbric/MergedBaseCompat] gave Ingredient.INVALIDATION_COUNTER the counter the merge dropped — without it every TagsUpdated post NPEs in Ingredient.invalidateAll and a quick-played world never opens
[08:30:05] [main/WARN]: [Forbric/MergedBaseCompat] Ingredient.CODEC is not stored straight from NeoForge's IngredientCodecs.codec — leaving it alone rather than wrapping an unrecognised shape
[08:30:05] [main/ERROR]: [Forbric/Anchor] forbric-merged-base-compat#letMinecraftForgeIngredientTypesDecode was handed net.minecraft.world.item.crafting.Ingredient and made no edit — its anchor is gone. MinecraftForge ingredient types (forge:intersection, …) fail to parse — every recipe using one is dropped
[08:30:05] [main/INFO]: [Forbric/Merge] net.minecraft.world.item.crafting.Ingredient carried 4 duplicated lambda name(s) from the byte merge — dropped 4 orphaned bod(ies) so a mixin selecting by name cannot bind to the half that lost: lambda$codec$9(ZLnet/minecraft/world/item/crafting/Ingredient;)Lcom/mojang/serialization/DataResult;, lambda$codec$8()Ljava/lang/String;, lambda$codec$7(Lcom/mojang/datafixers/util/Either;)Lnet/minecraft/world/item/crafting/Ingredient;, lambda$codec$6(Lnet/minecraft/world/item/crafting/Ingredient$Value;)Lnet/minecraft/world/item/crafting/Ingredient;
[08:30:05] [main/WARN]: [Forbric/MergedBaseCompat] Bootstrap now wraps System.out/System.err into log4j again — NeoForge's patch spends vanilla's wrapStreams() slot on GameData.vanillaSnapshot() and the merge kept only that half, so every line a mod PRINTED rather than logged was absent from the log entirely (a mod's own debug mode produced a log with nothing in it). Both calls now run
[08:30:05] [main/INFO]: [Forbric/MergedBaseCompat] Bootstrap.bootStrap() returns before its TAIL when bootstrap has already begun — MinecraftForge's ForgeRegistries calls it again from inside the first call, which ran every TAIL handler twice, the first time half-way through bootstrap
[08:30:05] [main/WARN]: [Forbric/MergedBaseCompat] ChunkGenerator.featuresPerStep carried MinecraftForge's ClearableLazy descriptor and vanilla's had stopped existing, so fabric-api's biome API — which writes that field directly — threw NoSuchFieldError and the server did not start. The field is vanilla-typed again (4 access site(s), 2 read(s) retargeted, 1 invalidation(s) guarded)
[08:30:05] [main/INFO]: [Forbric/Mixin] guest accessor mixin fabric-registry-sync-v0 (fabric-registry-sync-v0.mixins.json):DebugChunkGeneratorAccessor cannot bind — @Accessor field DebugLevelSource.ALL_BLOCKS:Ljava/util/List;:Ljava/util/List;, @Accessor field DebugLevelSource.GRID_WIDTH:I:I, @Accessor field DebugLevelSource.GRID_HEIGHT:I:I (kept; the merge re-typed or removed the member, so the generated accessor will throw when called)
[08:30:05] [main/INFO]: [Forbric/Mixin] guest mixin fabric-registry-sync-v0 (fabric-registry-sync-v0.mixins.json):ExperimentalRegistriesValidatorMixin applies only partially on the merged base — 1/2 anchors resolve, missing: @At(FIELD) net.minecraft.resources.RegistryDataLoader.WORLDGEN_REGISTRIES in RegistryPatchGenerator.lambda$createLookup$3 (kept; -Dforbric.mixinFit=strict drops these)
[08:30:05] [main/INFO]: [Forbric/Merge] net.minecraft.server.Main carried 5 duplicated lambda name(s) from the byte merge — dropped 5 orphaned bod(ies) so a mixin selecting by name cannot bind to the half that lost: lambda$main$4(ZLjoptsimple/OptionSet;Ljoptsimple/OptionSpec;Lnet/minecraft/world/level/storage/LevelStorageSource$LevelStorageAccess;Lnet/minecraft/server/packs/repository/PackRepository;Lnet/minecraft/server/WorldStem;Lnet/minecraft/server/dedicated/DedicatedServerSettings;Lnet/minecraft/server/Services;Ljoptsimple/OptionSpec;Ljoptsimple/OptionSpec;Ljoptsimple/OptionSpec;Ljoptsimple/OptionSpec;Ljoptsimple/OptionSpec;Ljava/lang/Thread;)Lnet/minecraft/server/MinecraftServer;, lambda$main$3()Z, lambda$main$2(Lnet/minecraft/server/WorldLoader$InitConfig;Lcom/mojang/serialization/Dynamic;Ljoptsimple/OptionSet;Ljoptsimple/OptionSpec;Lnet/minecraft/server/dedicated/DedicatedServerSettings;Ljoptsimple/OptionSpec;Ljava/util/concurrent/Executor;)Ljava/util/concurrent/CompletableFuture;, lambda$main$1(Lcom/mojang/serialization/Dynamic;Ljoptsimple/OptionSet;Ljoptsimple/OptionSpec;Lnet/minecraft/server/dedicated/DedicatedServerSettings;Ljoptsimple/OptionSpec;Lnet/minecraft/server/WorldLoader$DataLoadContext;)Lnet/minecraft/server/WorldLoader$DataLoadOutput;, lambda$main$0(Lnet/minecraft/resources/RegistryOps;Lnet/minecraft/nbt/Tag;)Lcom/mojang/serialization/DataResult;
[08:30:05] [main/INFO]: [Forbric/Mixin] guest accessor mixin fabric-registry-sync-v0 (fabric-registry-sync-v0.mixins.json):RegistriesAccessor cannot bind — @Accessor field BuiltInRegistries.WRITABLE_REGISTRY:Lnet/minecraft/core/WritableRegistry;:Lnet/minecraft/core/WritableRegistry; (kept; the merge re-typed or removed the member, so the generated accessor will throw when called)
[08:30:05] [main/WARN]: [Forbric/Registries] net.minecraft.core.registries.Registries has no static registryDirPath(Lnet/minecraft/resources/ResourceKey;)Ljava/lang/String; — a Fabric mod that keeps its registry directory unprefixed (WorldWeaver) will read nothing; re-derive RegistryDirectoryOwnerInjector
[08:30:05] [main/ERROR]: [Forbric/Anchor] forbric-registry-directory-owner was handed net.minecraft.core.registries.Registries and made no edit — its anchor is gone. a Fabric mod whose own mixin keeps its registry directory unprefixed reads a directory nothing ships, so the registry loads empty — WorldWeaver's world presets and biome data
[08:30:05] [main/WARN]: [Forbric/MergedBaseCompat] initialized MinecraftForge's MappedRegistry.KNOWN on the merged base — the byte merge dropped its initializer, and the first registry registration NPEs without it
[08:30:05] [main/INFO]: [Forbric/Merge] net.minecraft.core.MappedRegistry carried 2 duplicated lambda name(s) from the byte merge — dropped 2 orphaned bod(ies) so a mixin selecting by name cannot bind to the half that lost: lambda$bindTags$9(Lnet/minecraft/tags/TagKey;)Ljava/lang/String;, lambda$freeze$5(Ljava/util/Map$Entry;)Lnet/minecraft/resources/ResourceLocation;
[08:30:05] [main/INFO]: [Forbric/Mixin] guest accessor mixin fabric-registry-sync-v0 (fabric-registry-sync-v0.mixins.json):SimpleRegistryAccessor cannot bind — @Accessor field MappedRegistry.frozen:Z:Z (kept; the merge re-typed or removed the member, so the generated accessor will throw when called)
[08:30:05] [main/INFO]: [Forbric/Mixin] suppressed mixin RegistryLoaderMixin from fabric-registry-sync-v0 (fabric-registry-sync-v0.mixins.json)
[08:30:05] [main/INFO]: [Forbric/MergedBaseCompat] net.minecraft.client.color.block.BlockColors looked its colours up through a Forge registry delegate while its own register stored the raw object, so every one missed and fell back to MapColor (2 site(s) re-keyed to getBlock)
[08:30:05] [main/INFO]: [Forbric/Mixin] guest mixin fabric-registry-sync-v0 (fabric-registry-sync-v0.client.mixins.json):BlockColorsMixin applies only partially on the merged base — 1/2 anchors resolve, missing: @Shadow field BlockColors.blockColors (kept; -Dforbric.mixinFit=strict drops these)
[08:30:05] [main/INFO]: [Forbric/MergedBaseCompat] net.minecraft.client.color.item.ItemColors looked its colours up through a Forge registry delegate while its own register stored the raw object, so every one missed and fell back to MapColor (1 site(s) re-keyed to getItem)
[08:30:05] [main/INFO]: [Forbric/Mixin] guest mixin fabric-registry-sync-v0 (fabric-registry-sync-v0.client.mixins.json):ItemColorsMixin applies only partially on the merged base — 1/2 anchors resolve, missing: @Shadow field ItemColors.itemColors (kept; -Dforbric.mixinFit=strict drops these)
[08:30:05] [main/INFO]: [Forbric/Mixin] guest mixin fabric-registry-sync-v0 (fabric-registry-sync-v0.client.mixins.json):ParticleManagerMixin applies only partially on the merged base — 1/2 anchors resolve, missing: @Shadow field ParticleEngine.providers (kept; -Dforbric.mixinFit=strict drops these)
[08:30:05] [main/INFO]: [Forbric/Mixin] suppressed mixin BlockColorsMixin from fabric-registry-sync-v0 (fabric-registry-sync-v0.client.mixins.json)
[08:30:05] [main/INFO]: [Forbric/Mixin] suppressed mixin ItemColorsMixin from fabric-registry-sync-v0 (fabric-registry-sync-v0.client.mixins.json)
[08:30:05] [main/INFO]: [Forbric/Mixin] suppressed mixin ParticleManagerMixin from fabric-registry-sync-v0 (fabric-registry-sync-v0.client.mixins.json)
[08:30:05] [main/INFO]: [Forbric/Mixin] guest accessor mixin fabric-renderer-indigo (fabric-renderer-indigo.mixins.json):ItemRendererAccessor cannot bind — @Invoker method ItemRenderer.hasAnimatedTexture(Lnet/minecraft/world/item/ItemStack;)Z(Lnet/minecraft/world/item/ItemStack;)Z (kept; the merge re-typed or removed the member, so the generated accessor will throw when called)
[08:30:05] [main/INFO]: [Forbric/Mixin] guest mixin fabric-renderer-indigo (fabric-renderer-indigo.mixins.json):SectionBuilderMixin applies only partially on the merged base — 5/6 anchors resolve, missing: @At(INVOKE) net.minecraft.client.renderer.block.BlockRenderDispatcher.renderBatched in SectionCompiler.compile (kept; -Dforbric.mixinFit=strict drops these)
[08:30:05] [main/INFO]: [Mixin/mixin] Compatibility level set to JAVA_21
[08:30:05] [main/INFO]: [Forbric/Mixin] guest mixin fabric-rendering-fluids-v1 (fabric-rendering-fluids-v1.mixins.json):FluidRendererMixin applies only partially on the merged base — 11/16 anchors resolve, missing: @At(INVOKE) LiquidBlockRenderer.isNeighborSameFluid in tesselate, @At(FIELD) LiquidBlockRenderer.waterOverlay in tesselate, @At(INVOKE) net.minecraft.world.level.block.state.BlockState.getBlock in LiquidBlockRenderer.tesselate (kept; -Dforbric.mixinFit=strict drops these)
[08:30:05] [main/INFO]: [Forbric/Mixin] suppressed mixin FluidRendererMixin from fabric-rendering-fluids-v1 (fabric-rendering-fluids-v1.mixins.json)
[08:30:05] [main/INFO]: [Forbric/Mixin] guest accessor mixin fabric-rendering-v1 (fabric-rendering-v1.mixins.json):AtlasSourceManagerAccessor cannot bind — @Accessor field SpriteSources.TYPES:Lcom/google/common/collect/BiMap;:Lcom/google/common/collect/BiMap; (kept; the merge re-typed or removed the member, so the generated accessor will throw when called)
[08:30:05] [main/INFO]: [Forbric/Mixin] guest accessor mixin fabric-rendering-v1 (fabric-rendering-v1.mixins.json):DimensionEffectsAccessor cannot bind — @Accessor field DimensionSpecialEffects.EFFECTS:Lit/unimi/dsi/fastutil/objects/Object2ObjectMap;:Lit/unimi/dsi/fastutil/objects/Object2ObjectMap; (kept; the merge re-typed or removed the member, so the generated accessor will throw when called)
[08:30:05] [main/INFO]: [Forbric/Mixin] guest accessor mixin fabric-rendering-v1 (fabric-rendering-v1.mixins.json):EntityModelLayersAccessor cannot bind — @Accessor field ModelLayers.ALL_MODELS:Ljava/util/Set;:Ljava/util/Set; (kept; the merge re-typed or removed the member, so the generated accessor will throw when called)
[08:30:05] [main/INFO]: [Forbric/Merge] net.minecraft.client.gui.Gui carried 2 duplicated lambda name(s) from the byte merge — dropped 2 orphaned bod(ies) so a mixin selecting by name cannot bind to the half that lost: lambda$new$4(Lnet/minecraft/client/Minecraft;)Z, lambda$new$3(Lnet/minecraft/client/Minecraft;)Z
[08:30:05] [main/ERROR]: [Forbric/Anchor] forbric-neo-screen-events was handed net.minecraft.client.gui.Gui and made no edit — its anchor is gone. NeoForge mods that replace, refuse or track screens (Controlling, JEI, Balm) are never told a screen changed
[08:30:05] [main/INFO]: [Forbric/Mixin] guest accessor mixin fabric-rendering-v1 (fabric-rendering-v1.mixins.json):LivingEntityRendererAccessor cannot bind — @Invoker method LivingEntityRenderer.addLayer(Lnet/minecraft/client/renderer/entity/layers/RenderLayer;)Z(Lnet/minecraft/client/renderer/entity/layers/RenderLayer;)Z (kept; the merge re-typed or removed the member, so the generated accessor will throw when called)
[08:30:05] [main/INFO]: [Forbric/Mixin] guest mixin fabric-rendering-v1 (fabric-rendering-v1.mixins.json):shader.ShaderProgramMixin applies only partially on the merged base — 4/6 anchors resolve, missing: @At(INVOKE) net.minecraft.resources.ResourceLocation.withDefaultNamespace in ShaderInstance.<init>, @At(INVOKE) net.minecraft.resources.ResourceLocation.withDefaultNamespace in ShaderInstance.getOrCreate (kept; -Dforbric.mixinFit=strict drops these)
[08:30:05] [main/INFO]: [Forbric/PackRepair] net.minecraft.server.packs.repository.Pack.readPackMetadata now merges overlays without mutating in place — a pack carrying both fabric:overlays and neoforge:overlays survives the merged base
[08:30:05] [main/INFO]: [Forbric/Mixin] retargeted guest mixin fabric-resource-loader-v0 (fabric-resource-loader-v0.mixins.json):ServerConfigurationNetworkHandlerMixin — Lnet/minecraft/server/network/ServerConfigurationPacketListenerImpl;startConfiguration()V → runConfiguration()V (a carrier renamed the vanilla body to runConfiguration and left a dispatcher of the same shape behind); verdict PARTIAL→FIT
[08:30:05] [main/INFO]: [Forbric/MergedBaseCompat] net/minecraft/client/gui/screens/worldselection/CreateWorldScreen now populates its pack repository through the kernel (2 call site(s)) — the merge kept only NeoForge's, so MinecraftForge mods were never asked for pack finders
[08:30:05] [main/INFO]: [Forbric/Mixin] guest accessor mixin fabric-screen-api-v1 (fabric-screen-api-v1.mixins.json):ScreenAccessor cannot bind — @Accessor field Screen.font:Lnet/minecraft/client/gui/Font;:Lnet/minecraft/client/gui/Font;, @Accessor field Screen.minecraft:Lnet/minecraft/client/Minecraft;:Lnet/minecraft/client/Minecraft; (kept; the merge re-typed or removed the member, so the generated accessor will throw when called)
[08:30:05] [main/INFO]: [Forbric/Mixin] guest mixin fabric-screen-api-v1 (fabric-screen-api-v1.mixins.json):GameRendererMixin applies only partially on the merged base — 1/2 anchors resolve, missing: @At(INVOKE) net.minecraft.client.gui.screens.Screen.renderWithTooltip in GameRenderer.render (kept; -Dforbric.mixinFit=strict drops these)
[08:30:05] [main/ERROR]: [Forbric/Anchor] forbric-fabric-sound-contracts was handed net.minecraft.client.resources.sounds.SoundInstance and made no edit — its anchor is gone. native default streaming must dispatch Fabric sound overrides
[08:30:05] [main/INFO]: [Forbric/Mixin] guest mixin fabric-sound-api-v1 (fabric-sound-api-v1.mixins.json):SoundSystemMixin applies only partially on the merged base — 1/2 anchors resolve, missing: @At(INVOKE) net.minecraft.client.sounds.SoundBufferLibrary.getStream in SoundEngine.play (kept; -Dforbric.mixinFit=strict drops these)
[08:30:05] [main/INFO]: [Forbric/Mixin] guest accessor mixin fabric-tag-api-v1 (fabric-tag-api-v1.mixins.json):TagEntryAccessor cannot bind — @Accessor field TagEntry.id:Lnet/minecraft/resources/ResourceLocation;:Lnet/minecraft/resources/ResourceLocation;, @Accessor field TagEntry.tag:Z:Z (kept; the merge re-typed or removed the member, so the generated accessor will throw when called)
[08:30:05] [main/INFO]: [Forbric/Mixin] guest accessor mixin fabric-transfer-api-v1 (fabric-transfer-api-v1.mixins.json):BucketItemAccessor cannot bind — @Accessor field BucketItem.content:Lnet/minecraft/world/level/material/Fluid;:Lnet/minecraft/world/level/material/Fluid; (kept; the merge re-typed or removed the member, so the generated accessor will throw when called)
[08:30:05] [main/INFO]: [Forbric/Mixin] guest accessor mixin fabric-transfer-api-v1 (fabric-transfer-api-v1.mixins.json):BundleContentsComponentAccessor cannot bind — @Invoker method BundleContents.getWeight(Lnet/minecraft/world/item/ItemStack;)Lorg/apache/commons/lang3/math/Fraction;(Lnet/minecraft/world/item/ItemStack;)Lorg/apache/commons/lang3/math/Fraction; (kept; the merge re-typed or removed the member, so the generated accessor will throw when called)
[08:30:05] [main/ERROR]: [Forbric/Anchor] forbric-forge-capabilities was handed net.minecraft.world.level.block.entity.ChiseledBookShelfBlockEntity and made no edit — its anchor is gone. bookshelf.itemHandler stays null: every Forge ITEM_HANDLER ask on a chiseled bookshelf NPEs
[08:30:05] [main/INFO]: [Forbric/Mixin] guest accessor mixin fabric-transfer-api-v1 (fabric-transfer-api-v1.mixins.json):ContainerComponentAccessor cannot bind — @Accessor field ItemContainerContents.items:Lnet/minecraft/core/NonNullList;:Lnet/minecraft/core/NonNullList; (kept; the merge re-typed or removed the member, so the generated accessor will throw when called)
[08:30:05] [main/INFO]: [Forbric/Mixin] guest accessor mixin fabric-transfer-api-v1 (fabric-transfer-api-v1.mixins.json):DoubleInventoryAccessor cannot bind — @Accessor field CompoundContainer.container1:Lnet/minecraft/world/Container;:Lnet/minecraft/world/Container;, @Accessor field CompoundContainer.container2:Lnet/minecraft/world/Container;:Lnet/minecraft/world/Container; (kept; the merge re-typed or removed the member, so the generated accessor will throw when called)
[08:30:05] [main/INFO]: [Forbric/Fluid] a fluid with no NeoForge type of its own (a Fabric or MinecraftForge mod's) gets the one its fluid tags imply, instead of NeoForge's "Mod fluids must override getFluidType" — and likewise MinecraftForge's type for a fluid without one
[08:30:05] [main/INFO]: [Forbric/Mixin] guest accessor mixin modmenu (mixins.modmenu.json):AccessorGridWidget cannot bind — @Accessor field GridLayout.children:Ljava/util/List;:Ljava/util/List; (kept; the merge re-typed or removed the member, so the generated accessor will throw when called)
[08:30:05] [main/INFO]: [Forbric/ModsButton] net/minecraft/client/gui/screens/PauseScreen's mods button now opens the unified list and says so (1 construction site(s) re-pointed, 1 label(s)+icon(s) changed) — each family's own screen lists only its own family, which on this instance is never the whole answer
[08:30:05] [main/INFO]: [Forbric/ModsButton] net/minecraft/client/gui/screens/TitleScreen's mods button now opens the unified list and says so (1 construction site(s) re-pointed, 1 label(s)+icon(s) changed) — each family's own screen lists only its own family, which on this instance is never the whole answer
[08:30:05] [main/INFO]: [Forbric/Merge] net.minecraft.client.gui.screens.TitleScreen carried 2 duplicated lambda name(s) from the byte merge — dropped 2 orphaned bod(ies) so a mixin selecting by name cannot bind to the half that lost: lambda$render$14(Lnet/minecraft/client/gui/GuiGraphics;ILjava/lang/String;I)V, lambda$render$13(Lnet/minecraft/client/gui/GuiGraphics;ILjava/lang/String;I)V
[08:30:05] [main/ERROR]: [Forbric/Anchor] 69 of 205 declared repair(s) landed, and 27 did NOT -- their target classes were loaded and the repair declined them. Each one is a feature that is gone with no other symptom:
[08:30:05] [main/ERROR]: [Forbric/Anchor]   forbric-client-part-tracking on net.minecraft.client.multiplayer.ClientLevel$EntityCallbacks: a NeoForge mod's multipart entity disconnects the client with a network protocol error when it comes into view
[08:30:05] [main/ERROR]: [Forbric/Anchor]   forbric-fabric-sound-contracts on net.minecraft.client.resources.sounds.SoundInstance: native default streaming must dispatch Fabric sound overrides
[08:30:05] [main/ERROR]: [Forbric/Anchor]   forbric-forge-capabilities on net.minecraft.world.level.block.entity.AbstractFurnaceBlockEntity: furnace.handlers stays null: every Forge pipe or hopper asking a furnace for ITEM_HANDLER NPEs
[08:30:05] [main/ERROR]: [Forbric/Anchor]   forbric-forge-capabilities on net.minecraft.world.level.block.entity.ChiseledBookShelfBlockEntity: bookshelf.itemHandler stays null: every Forge ITEM_HANDLER ask on a chiseled bookshelf NPEs
[08:30:05] [main/ERROR]: [Forbric/Anchor]   forbric-forge-capabilities on net.minecraft.world.level.chunk.LevelChunk: every chunk getCapability/invalidateCaps/writeCapsToNBT NPEs on a null capProvider
[08:30:05] [main/ERROR]: [Forbric/Anchor]   forbric-forge-client-consumers on net.minecraft.client.multiplayer.ClientLevel: traditional Forge client registrations would not reach lambda$new$0
[08:30:05] [main/ERROR]: [Forbric/Anchor]   forbric-forge-damage-seams on net.minecraft.world.entity.LivingEntity: MinecraftForge's LivingHurtEvent and LivingDamageEvent never fire — damage perks, immunity and death-prevention in MinecraftForge mods do nothing
[08:30:05] [main/ERROR]: [Forbric/Anchor]   forbric-forge-damage-seams on net.minecraft.world.entity.player.Player: MinecraftForge's LivingHurtEvent and LivingDamageEvent never fire — damage perks, immunity and death-prevention in MinecraftForge mods do nothing
[08:30:05] [main/ERROR]: [Forbric/Anchor]   forbric-forge-options on net.minecraft.client.Options: saved Forge key bindings are erased before their keys are registered
[08:30:05] [main/ERROR]: [Forbric/Anchor]   forbric-forge-part-tracking on net.minecraft.server.level.ServerLevel$EntityCallbacks: a MinecraftForge mod's multipart entity throws when a server adds it to a world or removes it
[08:30:05] [main/ERROR]: [Forbric/Anchor]   forbric-forge-part-tracking on net.minecraft.world.level.Level: a MinecraftForge mod's multipart entity's parts cannot be aimed at or hit by projectiles
[08:30:05] [main/ERROR]: [Forbric/Anchor]   forbric-forge-particle-groups on net.minecraft.client.particle.ParticleEngine: a MinecraftForge mod registering a particle group throws
[08:30:05] [main/ERROR]: [Forbric/Anchor]   forbric-furnace-tick-calls on net.minecraft.world.level.block.entity.AbstractFurnaceBlockEntity: every furnace, smoker and blast furnace throws on its first smelt
[08:30:05] [main/ERROR]: [Forbric/Anchor]   forbric-merged-base-compat#letMinecraftForgeIngredientTypesDecode on net.minecraft.world.item.crafting.Ingredient: MinecraftForge ingredient types (forge:intersection, …) fail to parse — every recipe using one is dropped
[08:30:05] [main/ERROR]: [Forbric/Anchor]   forbric-merged-base-compat#postMinecraftForgesReloadListenerEvent on net.minecraft.server.ReloadableServerResources: MinecraftForge's AddReloadListenerEvent is never posted — traditional-Forge JSON data loaders never register
[08:30:05] [main/ERROR]: [Forbric/Anchor]   forbric-merged-base-compat#postNeoForgesItemTooltipEvent on net.minecraft.world.item.ItemStack: NeoForge mods cannot add a line to any item's tooltip — the merged getTooltipLines posts only MinecraftForge's event
[08:30:05] [main/ERROR]: [Forbric/Anchor]   forbric-merged-base-compat#readTheSpawnReasonThatIsActuallyWritten on net.minecraft.world.entity.Mob: Mob.getSpawnReason() reads a field the game never writes — spawn-reason logic sees null
[08:30:05] [main/ERROR]: [Forbric/Anchor]   forbric-merged-base-compat#routeKeyMappingClickToPopulatedLookup on net.minecraft.client.KeyMapping: key presses are looked up in the lookup registration never populated — MinecraftForge mods' keys never fire
[08:30:05] [main/ERROR]: [Forbric/Anchor]   forbric-merged-base-compat#translateAGuestsPrivateSkipMarker on net.minecraft.server.packs.resources.SimpleJsonResourceReloadListener: fabric-api's skip marker reaches the merged reader's cast — the datapack load dies ("can't proceed with server load")
[08:30:05] [main/ERROR]: [Forbric/Anchor]   forbric-neo-client-setup-hook on net.minecraft.client.Minecraft: NeoForge mods would never receive their client setup phase, and the kernel's own client-side registration window would never open
[08:30:05] [main/ERROR]: [Forbric/Anchor]   forbric-neo-screen-events on net.minecraft.client.gui.Gui: NeoForge mods that replace, refuse or track screens (Controlling, JEI, Balm) are never told a screen changed
[08:30:05] [main/ERROR]: [Forbric/Anchor]   forbric-portal-spawn on net.minecraft.world.level.block.BaseFireBlock: the portal hook result cannot reach BaseFireBlock through an event-only forward
[08:30:05] [main/ERROR]: [Forbric/Anchor]   forbric-registry-directory-owner on net.minecraft.core.registries.Registries: a Fabric mod whose own mixin keeps its registry directory unprefixed reads a directory nothing ships, so the registry loads empty — WorldWeaver's world presets and biome data
[08:30:05] [main/ERROR]: [Forbric/Anchor]   forbric-untracked-fluid-eyes on net.minecraft.world.entity.Entity: a Fabric mod's untracked fluid tag query throws while rendering
[08:30:05] [main/ERROR]: [Forbric/Anchor]   forbric:guest-injector-pruner on net.fabricmc.fabric.mixin.client.indigo.renderer.SectionBuilderMixin: the redirect stays in the mixin, cannot attach (the merged SectionCompiler.compile calls a nine-argument renderBatched, not the seven-argument one this @At names) and is reported as a required CONFIRMED loss, so a STRICT launch halts on it; the Indigo path is gone either way, since a redirect cannot follow a call the merged body no longer makes
[08:30:05] [main/ERROR]: [Forbric/Anchor]   forbric:guest-injector-pruner on net.fabricmc.fabric.mixin.item.ItemStackMixin: fabric-item-api's tooltip injectors stay where the retarget put them, so the kernel's tooltip bridge stands down and a Fabric mod's component tooltips are missing from normal tooltips
[08:30:05] [main/ERROR]: [Forbric/Anchor]   forbric:tooltip-order-scrape on net.minecraft.world.item.ItemStack: any Fabric mod touching fabric-item-api's tooltip-order registry dies with ExceptionInInitializerError ("Found no component types")
[08:30:05] [main/INFO]: [Forbric/HudBridge] routed 1 GuiLayerManager.add overload(s) through the kernel — Fabric's HudElementRegistry dispatches off NeoForge's layer manager from here, and MinecraftForge's overlay stack goes on at the end of initModdedLayers
[08:30:06] [main/INFO]: [Forbric/Composter] net.minecraft.world.level.block.ComposterBlock$InputContainer asks vanilla's compostables map (entries added or changed after bootstrap) where NeoForge's compostables data map has no answer — 1 site(s)
[08:30:06] [main/WARN]: [Forbric/MergedBaseCompat] CompoundTag.builder() — 1 method added: genuine Forge's body news CompoundTag$1, an anonymous class the merge could not carry (the merged CompoundTag$1 is a different class), so the body emitted is INBTBuilder.nbt()'s own; IForgeBlockPos.toCompoundTag() and ForgeHooks.createEmptyStructure link again
[08:30:06] [main/INFO]: [Forbric/Mixin] guest mixin lithium (lithium.mixins.json):shapes.lazy_shape_context.EntityCollisionContextMixin applies only partially on the merged base — 9/10 anchors resolve, missing: @Inject target EntityCollisionContext.getHeldItem (kept; -Dforbric.mixinFit=strict drops these)
[08:30:06] [main/INFO]: [Forbric/Worldgen] Biome's modified view now yields to a climate or effects replaced after NeoForge's pass, as those writes count on Fabric
[08:30:06] [main/INFO]: [Forbric/Mixin] guest mixin lithium (lithium.mixins.json):world.raycast.BlockGetterMixin applies only partially on the merged base — 4/6 anchors resolve, missing: @Shadow method BlockGetter.method_17743(Lnet/minecraft/world/level/ClipContext;Lnet/minecraft/core/BlockPos;)Lnet/minecraft/world/phys/BlockHitResult;, @Shadow method BlockGetter.method_17746(Lnet/minecraft/world/level/ClipContext;)Lnet/minecraft/world/phys/BlockHitResult; (kept; -Dforbric.mixinFit=strict drops these)
[08:30:06] [main/INFO]: [Forbric/Mixin] guest mixin modernfix (modernfix-modernfix.mixins.json):perf.dedicated_reload_executor.MinecraftServerMixin applies only partially on the merged base — 1/2 anchors resolve, missing: @At(INVOKE) net.minecraft.server.ReloadableServerResources.loadResources in MinecraftServer.spin (kept; -Dforbric.mixinFit=strict drops these)
[08:30:06] [main/INFO]: [Forbric/Mixin] guest mixin modernfix (modernfix-modernfix.mixins.json):perf.reduce_blockstate_cache_rebuilds.BlockStateBaseMixin applies only partially on the merged base — 11/14 anchors resolve, missing: @At(FIELD) BlockBehaviour$BlockStateBase.cache in <init>, @At(FIELD) BlockBehaviour$BlockStateBase.isRandomlyTicking in <init>, @At(FIELD) BlockBehaviour$BlockStateBase.legacySolid in <init> (kept; -Dforbric.mixinFit=strict drops these)
[08:30:06] [main/INFO]: [Forbric/WidenedFields] net.minecraft.world.entity.ai.attributes.AttributeSupplier$Builder: vanilla-descriptor twin builder:Lcom/google/common/collect/ImmutableMap$Builder; beside the merged Ljava/util/Map; (2 write(s), 4 drain(s)) — the merge re-typed the field, and a JVM field is its name AND its descriptor
[08:30:06] [main/INFO]: [Forbric/Entity] EnderDragon answers NeoForge's getParts() with its parts — it answered null, and adding a dragon threw
[08:30:06] [main/ERROR]: [Forbric/Anchor] forbric-merged-base-compat#keepTheSaveOffTheTeardownsFailurePath was handed net.minecraft.client.server.IntegratedServer and made no edit — its anchor is gone. a throw in IntegratedServer.teardownPublishedState costs the world save
[08:30:06] [main/WARN]: [Forbric/MergedBaseCompat] net/minecraft/client/renderer/block/BlockModelShaper no longer asks for MinecraftForge's model-data manager — NeoForge won the level's accessor, so Forge's call lands on an interface default that is null and the lookup NPEs; it uses Forge's own empty model data instead
[08:30:06] [main/INFO]: [Forbric/Mixin] guest mixin modernfix (modernfix-modernfix.mixins.json):perf.dynamic_resources.ModelBakeryMixin applies only partially on the merged base — 21/22 anchors resolve, missing: @Shadow method ModelBakery.method_61072(Lnet/minecraft/client/resources/model/ModelBakery$TextureGetter;Lnet/minecraft/client/resources/model/ModelResourceLocation;Lnet/minecraft/client/resources/model/UnbakedModel;)V (kept; -Dforbric.mixinFit=strict drops these)
[08:30:06] [main/INFO]: [Forbric/Mixin] guest mixin modernfix (modernfix-modernfix.mixins.json):bugfix.world_screen_skipped.WorldSelectionListMixin applies only partially on the merged base — 2/3 anchors resolve, missing: @At(INVOKE) WorldSelectionList$WorldListEntry.doDeleteWorld in <init> (kept; -Dforbric.mixinFit=strict drops these)
[08:30:06] [main/INFO]: [Forbric/Mixin] guest mixin sodium (sodium-common.mixins.json):core.WindowMixin applies only partially on the merged base — 2/3 anchors resolve, missing: @At(INVOKE) org.lwjgl.glfw.GLFW.glfwCreateWindow in Window.<init> (kept; -Dforbric.mixinFit=strict drops these)
[08:30:06] [main/INFO]: [Forbric/Mixin] guest mixin sodium (sodium-common.mixins.json):workarounds.context_creation.WindowMixin applies only partially on the merged base — 8/9 anchors resolve, missing: @At(INVOKE) org.lwjgl.glfw.GLFW.glfwCreateWindow in Window.<init> (kept; -Dforbric.mixinFit=strict drops these)
[08:30:06] [main/INFO]: [Forbric/DataPacks] hooked net.neoforged.neoforge.resource.ResourcePackLoader.populatePackRepository — the kernel now serves Forge-family mods' own data/ to the server datapack repository
[08:30:06] [main/INFO]: [Forbric/Mixin] 79 of 79 mixin config(s) now name their mod in Mixin's own messages; 0 could not be attributed and keep saying '(unknown)'
[08:30:06] [main/INFO]: [Forbric/Mixin] Mixin up on the sovereign kernel — 79 config(s) registered, side CLIENT
[08:30:06] [main/INFO]: [Forbric/Boot] MixinExtras sources: class=file:/Users/charlescai/Desktop/dsh/%E5%AE%9E%E9%AA%8C/forbric/mf-wt/forbric-kernel/run/compat/reports/2026-10-08-merge-fixes/merged-base/evidence/run-user12/per-mod/run/000-modmenu__fabric/.forbric-kernel/lib/bd79ddb2f54b39a08deeb50cb12439bba01481264dd5a9f5ea830551bfef31ff/mixinextras-fabric.jar; config=jar:file:/Users/charlescai/Desktop/dsh/%E5%AE%9E%E9%AA%8C/forbric/mf-wt/forbric-kernel/run/compat/reports/2026-10-08-merge-fixes/merged-base/evidence/run-user12/per-mod/run/000-modmenu__fabric/.forbric-kernel/lib/bd79ddb2f54b39a08deeb50cb12439bba01481264dd5a9f5ea830551bfef31ff/mixinextras-fabric.jar!/mixinextras.init.mixins.json; game-side=true
[08:30:06] [main/INFO]: [Forbric/Meta] sodium declares 1 [modproperties] key(s) [fabric-renderer-api-v1:contains_renderer] — a mod reads these to find what this mod offers it (Sodium's config entry point, Jade's flags)
[08:30:06] [main/INFO]: [Forbric/Deps] fabric-blockrenderlayer-v1 (Fabric) requires fabric-api-base, which is installed as fabric_api_base (NeoForge) — the same library, spelled the way its own ecosystem spells it.
[08:30:06] [main/INFO]: [Forbric/Deps] fabric-command-api-v2 (Fabric) requires fabric-api-base, which is installed as fabric_api_base (NeoForge) — the same library, spelled the way its own ecosystem spells it.
[08:30:06] [main/INFO]: [Forbric/Deps] fabric-dimensions-v1 (Fabric) requires fabric-api-base, which is installed as fabric_api_base (NeoForge) — the same library, spelled the way its own ecosystem spells it.
[08:30:06] [main/INFO]: [Forbric/Deps] fabric-item-api-v1 (Fabric) requires fabric-api-base, which is installed as fabric_api_base (NeoForge) — the same library, spelled the way its own ecosystem spells it.
[08:30:06] [main/INFO]: [Forbric/Deps] fabric-lifecycle-events-v1 (Fabric) requires fabric-api-base, which is installed as fabric_api_base (NeoForge) — the same library, spelled the way its own ecosystem spells it.
[08:30:06] [main/INFO]: [Forbric/Deps] fabric-message-api-v1 (Fabric) requires fabric-api-base, which is installed as fabric_api_base (NeoForge) — the same library, spelled the way its own ecosystem spells it.
[08:30:06] [main/INFO]: [Forbric/Deps] fabric-model-loading-api-v1 (Fabric) requires fabric-api-base, which is installed as fabric_api_base (NeoForge) — the same library, spelled the way its own ecosystem spells it.
[08:30:06] [main/INFO]: [Forbric/Deps] fabric-networking-api-v1 (Fabric) requires fabric-api-base, which is installed as fabric_api_base (NeoForge) — the same library, spelled the way its own ecosystem spells it.
[08:30:06] [main/INFO]: [Forbric/Deps] fabric-object-builder-api-v1 (Fabric) requires fabric-api-base, which is installed as fabric_api_base (NeoForge) — the same library, spelled the way its own ecosystem spells it.
[08:30:06] [main/INFO]: [Forbric/Deps] fabric-renderer-indigo (Fabric) requires fabric-renderer-api-v1, which is installed as fabric_renderer_api_v1 (NeoForge) — the same library, spelled the way its own ecosystem spells it.
[08:30:06] [main/INFO]: [Forbric/Deps] fabric-renderer-indigo (Fabric) requires fabric-api-base, which is installed as fabric_api_base (NeoForge) — the same library, spelled the way its own ecosystem spells it.
[08:30:06] [main/INFO]: [Forbric/Deps] fabric-rendering-fluids-v1 (Fabric) requires fabric-api-base, which is installed as fabric_api_base (NeoForge) — the same library, spelled the way its own ecosystem spells it.
[08:30:06] [main/INFO]: [Forbric/Deps] fabric-rendering-v1 (Fabric) requires fabric-api-base, which is installed as fabric_api_base (NeoForge) — the same library, spelled the way its own ecosystem spells it.
[08:30:06] [main/INFO]: [Forbric/Deps] fabric-screen-api-v1 (Fabric) requires fabric-api-base, which is installed as fabric_api_base (NeoForge) — the same library, spelled the way its own ecosystem spells it.
[08:30:06] [main/INFO]: [Forbric/Deps] fabric-command-api-v1 (Fabric) requires fabric-api-base, which is installed as fabric_api_base (NeoForge) — the same library, spelled the way its own ecosystem spells it.
[08:30:06] [main/INFO]: [Forbric/Deps] fabric-commands-v0 (Fabric) requires fabric-api-base, which is installed as fabric_api_base (NeoForge) — the same library, spelled the way its own ecosystem spells it.
[08:30:06] [main/INFO]: [Forbric/Deps] fabric-api-lookup-api-v1 (Fabric) requires fabric-api-base, which is installed as fabric_api_base (NeoForge) — the same library, spelled the way its own ecosystem spells it.
[08:30:06] [main/INFO]: [Forbric/Deps] fabric-events-interaction-v0 (Fabric) requires fabric-api-base, which is installed as fabric_api_base (NeoForge) — the same library, spelled the way its own ecosystem spells it.
[08:30:06] [main/INFO]: [Forbric/Deps] fabric-registry-sync-v0 (Fabric) requires fabric-api-base, which is installed as fabric_api_base (NeoForge) — the same library, spelled the way its own ecosystem spells it.
[08:30:06] [main/INFO]: [Forbric/Deps] fabric-screen-handler-api-v1 (Fabric) requires fabric-api-base, which is installed as fabric_api_base (NeoForge) — the same library, spelled the way its own ecosystem spells it.
[08:30:06] [main/INFO]: [Forbric/Deps] fabric-renderer-registries-v1 (Fabric) requires fabric-api-base, which is installed as fabric_api_base (NeoForge) — the same library, spelled the way its own ecosystem spells it.
[08:30:06] [main/INFO]: [Forbric/Deps] fabric-rendering-v0 (Fabric) requires fabric-api-base, which is installed as fabric_api_base (NeoForge) — the same library, spelled the way its own ecosystem spells it.
[08:30:06] [main/INFO]: [Forbric/Deps] fabric-content-registries-v0 (Fabric) requires fabric-api-base, which is installed as fabric_api_base (NeoForge) — the same library, spelled the way its own ecosystem spells it.
[08:30:06] [main/INFO]: [Forbric/Deps] fabric-item-group-api-v1 (Fabric) requires fabric-api-base, which is installed as fabric_api_base (NeoForge) — the same library, spelled the way its own ecosystem spells it.
[08:30:06] [main/INFO]: [Forbric/Deps] fabric-loot-api-v2 (Fabric) requires fabric-api-base, which is installed as fabric_api_base (NeoForge) — the same library, spelled the way its own ecosystem spells it.
[08:30:06] [main/INFO]: [Forbric/Deps] fabric-loot-api-v3 (Fabric) requires fabric-api-base, which is installed as fabric_api_base (NeoForge) — the same library, spelled the way its own ecosystem spells it.
[08:30:06] [main/INFO]: [Forbric/Deps] fabric-tag-api-v1 (Fabric) requires fabric-api-base, which is installed as fabric_api_base (NeoForge) — the same library, spelled the way its own ecosystem spells it.
[08:30:06] [main/INFO]: [Forbric/Deps] 27 hard dependencies are satisfied ACROSS ecosystems — neither loader on its own could have resolved them.
[08:30:06] [main/INFO]: [Forbric/Deps] every hard dependency of 64 mod(s) is present and in range.
[08:30:06] [main/INFO]: [Forbric/Mixin] guarded 7 method(s) of guest mixin config plugin net.fabricmc.fabric.impl.client.indigo.IndigoMixinConfigPlugin — a plugin that throws would otherwise abort config preparation for every mod
[08:30:06] [main/INFO]: [Forbric/Mixin] guarded 7 method(s) of guest mixin config plugin net.raphimc.immediatelyfast.injection.ImmediatelyFastMixinPlugin — a plugin that throws would otherwise abort config preparation for every mod
[08:30:06] [main/INFO]: [Forbric/Presence] net.neoforged.fml.ModList.isLoaded now answers for the other ecosystems' mods too — it reads only its own family's indexedMods, so a mod gating a compatibility branch on "is Sodium here" was told no next to a live Fabric Sodium and took the wrong branch in silence
[08:30:06] [main/WARN]: [Mixin/mixin] Reference map 'entityculling.refmap.mixins.json' for entityculling.mixins.json could not be read. If this is a development environment you can ignore this message
[08:30:06] [main/INFO]: [Forbric/Mixin] guarded 7 method(s) of guest mixin config plugin malte0811.ferritecore.mixin.config.FerriteMixinConfig — a plugin that throws would otherwise abort config preparation for every mod
[08:30:06] [main/WARN]: [Mixin/mixin] Reference map '${refmap_target}refmap.json' for ferritecore.predicates.mixin.json could not be read. If this is a development environment you can ignore this message
[08:30:06] [main/WARN]: [Mixin/mixin] Reference map '${refmap_target}refmap.json' for ferritecore.fastmap.mixin.json could not be read. If this is a development environment you can ignore this message
[08:30:06] [main/WARN]: [Mixin/mixin] Reference map '${refmap_target}refmap.json' for ferritecore.mrl.mixin.json could not be read. If this is a development environment you can ignore this message
[08:30:06] [main/WARN]: [Mixin/mixin] Reference map '${refmap_target}refmap.json' for ferritecore.dedupmultipart.mixin.json could not be read. If this is a development environment you can ignore this message
[08:30:06] [main/WARN]: [Mixin/mixin] Reference map '${refmap_target}refmap.json' for ferritecore.blockstatecache.mixin.json could not be read. If this is a development environment you can ignore this message
[08:30:06] [main/WARN]: [Mixin/mixin] Reference map '${refmap_target}refmap.json' for ferritecore.dedupbakedquad.mixin.json could not be read. If this is a development environment you can ignore this message
[08:30:06] [main/WARN]: [Mixin/mixin] Reference map '${refmap_target}refmap.json' for ferritecore.threaddetec.mixin.json could not be read. If this is a development environment you can ignore this message
[08:30:06] [main/WARN]: [Mixin/mixin] Reference map '${refmap_target}refmap.json' for ferritecore.modelsides.mixin.json could not be read. If this is a development environment you can ignore this message
[08:30:06] [main/WARN]: [Mixin/mixin] Reference map '${refmap_target}refmap.json' for ferritecore.datacomponents.mixin.json could not be read. If this is a development environment you can ignore this message
[08:30:06] [main/WARN]: [Mixin/mixin] Reference map '${refmap_target}refmap.json' for ferritecore.accessors.mixin.json could not be read. If this is a development environment you can ignore this message
[08:30:06] [main/INFO]: [Forbric/Mixin] guarded 7 method(s) of guest mixin config plugin net.caffeinemc.mods.lithium.mixin.LithiumMixinPlugin — a plugin that throws would otherwise abort config preparation for every mod
[08:30:06] [main/INFO]: Option 'mixin.experimental.entity.block_caching.suffocation' requires 'mixin.util.block_tracking=true' but found 'false'. Setting 'mixin.experimental.entity.block_caching.suffocation=false'.
[08:30:06] [main/INFO]: Option 'mixin.experimental.entity.block_caching.block_support' requires 'mixin.util.block_tracking=true' but found 'false'. Setting 'mixin.experimental.entity.block_caching.block_support=false'.
[08:30:06] [main/INFO]: Option 'mixin.experimental.entity.block_caching.block_touching' requires 'mixin.util.block_tracking=true' but found 'false'. Setting 'mixin.experimental.entity.block_caching.block_touching=false'.
[08:30:06] [main/INFO]: Option 'mixin.experimental.entity.block_caching' requires 'mixin.util.block_tracking=true' but found 'false'. Setting 'mixin.experimental.entity.block_caching=false'.
[08:30:06] [main/INFO]: Loaded configuration file for Lithium: 148 options available, 0 override(s) found
[08:30:06] [main/INFO]: [Forbric/Mixin] guarded 7 method(s) of guest mixin config plugin org.embeddedt.modernfix.core.ModernFixMixinPlugin — a plugin that throws would otherwise abort config preparation for every mod
[08:30:06] [main/INFO]: Loaded configuration file for ModernFix 5.27.24+mc1.21.1: 89 options available, 0 override(s) found
[08:30:06] [main/INFO]: Applying Nashorn fix
[08:30:06] [main/INFO]: Configuring Minecraft's max.bg.threads option with 5 threads
[08:30:06] [main/ERROR]: Error installing launch plugin service
java.lang.NullPointerException: null
	at java.base/java.util.Objects.requireNonNull(Objects.java:233) ~[?:?]
	at java.base/java.lang.invoke.DirectMethodHandle.checkBase(DirectMethodHandle.java:547) ~[?:?]
	at java.base/jdk.internal.reflect.MethodHandleObjectFieldAccessorImpl.get(MethodHandleObjectFieldAccessorImpl.java:57) ~[?:?]
	at java.base/java.lang.reflect.Field.get(Field.java:444) ~[?:?]
	at forbric/org.embeddedt.modernfix.core.launchplugin.CoreLaunchPluginService.install(CoreLaunchPluginService.java:24) ~[modernfix-neoforge-5.27.24+mc1.21.1.jar:5.27.24+mc1.21.1]
	at forbric/org.embeddedt.modernfix.core.ModernFixMixinPlugin.forbric$unguarded$onLoad(ModernFixMixinPlugin.java:121) ~[modernfix-neoforge-5.27.24+mc1.21.1.jar:5.27.24+mc1.21.1]
	at forbric/org.embeddedt.modernfix.core.ModernFixMixinPlugin.onLoad(ModernFixMixinPlugin.java) ~[modernfix-neoforge-5.27.24+mc1.21.1.jar:5.27.24+mc1.21.1]
	at org.spongepowered.asm.mixin.transformer.PluginHandle.onLoad(PluginHandle.java:119) ~[sponge-mixin-0.17.3+mixin.0.8.7.jar:0.17.3+mixin.0.8.7]
	at org.spongepowered.asm.mixin.transformer.MixinConfig.onSelect(MixinConfig.java:790) ~[sponge-mixin-0.17.3+mixin.0.8.7.jar:0.17.3+mixin.0.8.7]
	at org.spongepowered.asm.mixin.transformer.MixinProcessor.selectConfigs(MixinProcessor.java:545) ~[sponge-mixin-0.17.3+mixin.0.8.7.jar:0.17.3+mixin.0.8.7]
	at org.spongepowered.asm.mixin.transformer.MixinProcessor.select(MixinProcessor.java:507) ~[sponge-mixin-0.17.3+mixin.0.8.7.jar:0.17.3+mixin.0.8.7]
	at org.spongepowered.asm.mixin.transformer.MixinProcessor.checkSelect(MixinProcessor.java:485) ~[sponge-mixin-0.17.3+mixin.0.8.7.jar:0.17.3+mixin.0.8.7]
	at org.spongepowered.asm.mixin.transformer.MixinProcessor.lockAndSelect(MixinProcessor.java:437) ~[sponge-mixin-0.17.3+mixin.0.8.7.jar:0.17.3+mixin.0.8.7]
	at org.spongepowered.asm.mixin.transformer.MixinProcessor.couldTransformClass(MixinProcessor.java:397) ~[sponge-mixin-0.17.3+mixin.0.8.7.jar:0.17.3+mixin.0.8.7]
	at org.spongepowered.asm.mixin.transformer.MixinTransformer.couldTransformClass(MixinTransformer.java:265) ~[sponge-mixin-0.17.3+mixin.0.8.7.jar:0.17.3+mixin.0.8.7]
	at org.spongepowered.asm.mixin.transformer.MixinTransformer.transformClass(MixinTransformer.java:233) ~[sponge-mixin-0.17.3+mixin.0.8.7.jar:0.17.3+mixin.0.8.7]
	at org.spongepowered.asm.mixin.transformer.MixinTransformer.transformClassBytes(MixinTransformer.java:202) ~[sponge-mixin-0.17.3+mixin.0.8.7.jar:0.17.3+mixin.0.8.7]
	at net.forbric.kernel.mixin.KernelMixinBootstrap.lambda$init$1(KernelMixinBootstrap.java:135) ~[forbric-kernel-client.jar:?]
	at net.forbric.kernel.classloading.ForbricClassLoader.tryDefineGameClass(ForbricClassLoader.java:359) ~[forbric-kernel-client.jar:?]
	at net.forbric.kernel.classloading.ForbricClassLoader.defineGameClass(ForbricClassLoader.java:304) ~[forbric-kernel-client.jar:?]
	at net.forbric.kernel.classloading.ForbricClassLoader.loadClass(ForbricClassLoader.java:290) ~[forbric-kernel-client.jar:?]
	at java.base/java.lang.ClassLoader.loadClass(ClassLoader.java:526) ~[?:?]
	at java.base/java.lang.Class.forName0(Native Method) ~[?:?]
	at java.base/java.lang.Class.forName(Class.java:534) ~[?:?]
	at java.base/java.lang.Class.forName(Class.java:513) ~[?:?]
	at net.forbric.kernel.boot.KernelRuntimeClasses.verify(KernelRuntimeClasses.java:569) ~[forbric-kernel-client.jar:?]
	at net.forbric.kernel.boot.KernelBoot.launch(KernelBoot.java:1146) ~[forbric-kernel-client.jar:?]
	at net.forbric.kernel.boot.KernelClientLaunch.lambda$main$0(KernelClientLaunch.java:34) ~[forbric-kernel-client.jar:?]
	at net.forbric.kernel.boot.CompatibilityLaunchBoundary.run(CompatibilityLaunchBoundary.java:23) [forbric-kernel-client.jar:?]
	at net.forbric.kernel.boot.KernelClientLaunch.main(KernelClientLaunch.java:34) [forbric-kernel-client.jar:?]
[08:30:06] [main/INFO]: [Forbric/Mixin] guarded 7 method(s) of guest mixin config plugin dev.tr7zw.trender.gui.impl.LibGuiMixinPlugin — a plugin that throws would otherwise abort config preparation for every mod
[08:30:06] [main/INFO]: [Forbric/Mixin] guarded 7 method(s) of guest mixin config plugin net.caffeinemc.mods.sodium.mixin.SodiumMixinPlugin — a plugin that throws would otherwise abort config preparation for every mod
[08:30:06] [main/INFO]: Loaded configuration file for Sodium: 45 options available, 0 override(s) found
[08:30:06] [main/INFO]: [Forbric/Mixin] net.fabricmc.fabric.mixin.block.LivingEntityMixin.allowTaggedBlocksForTrapdoorClimbing: require (allow dropped) → 0 — if the merged game no longer has what it injects into, this one injector goes unattached and its mod is reported, instead of Mixin abandoning the target class for every mod
[08:30:07] [main/INFO]: [Forbric/Mixin] net.fabricmc.fabric.mixin.entity.event.EntityMixin: @Inject.locals CAPTURE_FAILHARD → CAPTURE_FAILSOFT — if the merged method's locals differ from the ones this mixin was written against, that one injection is skipped with Mixin's own warning instead of killing the game
[08:30:07] [main/INFO]: [Forbric/Mixin] net.fabricmc.fabric.mixin.entity.event.LivingEntityMixin: @Inject.locals CAPTURE_FAILHARD → CAPTURE_FAILSOFT — if the merged method's locals differ from the ones this mixin was written against, that one injection is skipped with Mixin's own warning instead of killing the game
[08:30:07] [main/INFO]: [Forbric/Mixin] fabric-api's sleeping direction now modifies LivingEntity.getBedOrientation's answer — NeoForge's body asks the bed block instead of BedBlock.getBedOrientation, so the wrap bound nowhere
[08:30:07] [main/INFO]: [Forbric/Mixin] restored 2 entity callback anchor(s) in net.fabricmc.fabric.mixin.entity.event.LivingEntityMixin at the corresponding native decision stage
[08:30:07] [main/INFO]: [Forbric/Mixin] net.fabricmc.fabric.mixin.entity.event.ServerPlayerEntityMixin: @Inject.locals CAPTURE_FAILHARD → CAPTURE_FAILSOFT — if the merged method's locals differ from the ones this mixin was written against, that one injection is skipped with Mixin's own warning instead of killing the game
[08:30:07] [main/INFO]: [Forbric/Mixin] net.fabricmc.fabric.mixin.entity.event.elytra.LivingEntityMixin.injectElytraTick: require (allow dropped) → 0 — if the merged game no longer has what it injects into, this one injector goes unattached and its mod is reported, instead of Mixin abandoning the target class for every mod
[08:30:07] [main/INFO]: [Forbric/Mixin] net.fabricmc.fabric.mixin.entity.event.elytra.PlayerEntityMixin.injectElytraCheck: require (allow dropped) → 0 — if the merged game no longer has what it injects into, this one injector goes unattached and its mod is reported, instead of Mixin abandoning the target class for every mod
[08:30:07] [main/INFO]: [Forbric/Mixin] net.fabricmc.fabric.mixin.client.entity.event.elytra.ClientPlayerEntityMixin.injectElytraStart: require (allow dropped) → 0 — if the merged game no longer has what it injects into, this one injector goes unattached and its mod is reported, instead of Mixin abandoning the target class for every mod
[08:30:07] [main/INFO]: [Forbric/Mixin] net.fabricmc.fabric.mixin.event.interaction.ServerPlayNetworkHandlerMixin: @Shadow field val$target no longer exists in its target; aliased to val$entity, the one field of the same descriptor the merged base declares
[08:30:07] [main/INFO]: [Forbric/Mixin] net.fabricmc.fabric.mixin.event.interaction.client.ClientPlayerInteractionManagerMixin: @Inject.locals CAPTURE_FAILHARD → CAPTURE_FAILSOFT — if the merged method's locals differ from the ones this mixin was written against, that one injection is skipped with Mixin's own warning instead of killing the game
[08:30:07] [main/INFO]: [Forbric/Mixin] net.fabricmc.fabric.mixin.item.AbstractFurnaceBlockEntityMixin: @Inject.locals CAPTURE_FAILHARD → CAPTURE_FAILSOFT — if the merged method's locals differ from the ones this mixin was written against, that one injection is skipped with Mixin's own warning instead of killing the game
[08:30:07] [main/INFO]: [Forbric/Mixin] net.fabricmc.fabric.mixin.item.AbstractFurnaceBlockEntityMixin.getStackRemainder: require (allow dropped) → 0 — if the merged game no longer has what it injects into, this one injector goes unattached and its mod is reported, instead of Mixin abandoning the target class for every mod
[08:30:07] [main/INFO]: [Forbric/Mixin] net.fabricmc.fabric.mixin.item.AbstractFurnaceBlockEntityMixin.setStackRemainder: require (allow dropped) → 0 — if the merged game no longer has what it injects into, this one injector goes unattached and its mod is reported, instead of Mixin abandoning the target class for every mod
[08:30:07] [main/INFO]: [Forbric/Mixin] net.fabricmc.fabric.mixin.item.BrewingStandBlockEntityMixin: @Inject.locals CAPTURE_FAILHARD → CAPTURE_FAILSOFT — if the merged method's locals differ from the ones this mixin was written against, that one injection is skipped with Mixin's own warning instead of killing the game
[08:30:07] [main/INFO]: [Forbric/Mixin] net.fabricmc.fabric.mixin.item.RecipeMixin: @Inject.locals CAPTURE_FAILHARD → CAPTURE_FAILSOFT — if the merged method's locals differ from the ones this mixin was written against, that one injection is skipped with Mixin's own warning instead of killing the game
[08:30:07] [main/INFO]: [Forbric/Mixin] retargeted guest mixin net/fabricmc/fabric/mixin/item/client/ClientPlayerInteractionManagerMixin:fabricItemContinueBlockBreakingInject onto ItemStack.shouldCauseBlockBreakReset (1.21.1 generation)
[08:30:07] [main/INFO]: [Forbric/Mixin] net.fabricmc.fabric.mixin.client.keybinding.GameOptionsMixin: loadHook now targets net.minecraft.client.Options.load(Z)V — Mixin bound its selector to the merge-added stub ()V, which only forwards to it
[08:30:07] [main/INFO]: [Forbric/Mixin] net.fabricmc.fabric.mixin.event.lifecycle.LivingEntityMixin: @Inject.locals CAPTURE_FAILHARD → CAPTURE_FAILSOFT — if the merged method's locals differ from the ones this mixin was written against, that one injection is skipped with Mixin's own warning instead of killing the game
[08:30:07] [main/INFO]: [Forbric/Mixin] net.fabricmc.fabric.mixin.event.lifecycle.client.ClientChunkManagerMixin: @Inject.locals CAPTURE_FAILHARD → CAPTURE_FAILSOFT — if the merged method's locals differ from the ones this mixin was written against, that one injection is skipped with Mixin's own warning instead of killing the game
[08:30:07] [main/INFO]: [Forbric/Mixin] net.fabricmc.fabric.mixin.event.lifecycle.client.ClientChunkManagerMixin: @Inject.locals CAPTURE_FAILHARD → CAPTURE_FAILSOFT — if the merged method's locals differ from the ones this mixin was written against, that one injection is skipped with Mixin's own warning instead of killing the game
[08:30:07] [main/INFO]: [Forbric/Mixin] net.fabricmc.fabric.mixin.event.lifecycle.client.ClientChunkManagerMixin: @Inject.locals CAPTURE_FAILHARD → CAPTURE_FAILSOFT — if the merged method's locals differ from the ones this mixin was written against, that one injection is skipped with Mixin's own warning instead of killing the game
[08:30:07] [main/INFO]: [Forbric/Mixin] retargeted guest mixin net/fabricmc/fabric/mixin/event/lifecycle/client/WorldChunkMixin:onRemoveBlockEntity onto the blockEntities Map.remove at instruction 20 (factory at 72)
[08:30:07] [main/INFO]: [Forbric/Mixin] net.fabricmc.fabric.mixin.client.model.loading.BakedModelManagerMixin.loadModelPluginData: require (allow dropped) → 0 — if the merged game no longer has what it injects into, this one injector goes unattached and its mod is reported, instead of Mixin abandoning the target class for every mod
[08:30:07] [main/WARN]: [Forbric/MergedBaseCompat] adopted old-loader interop hooks named by net.minecraft.network.protocol.common.custom.CustomPacketPayload$1$forbricneo
[08:30:07] [main/WARN]: [Forbric/MergedBaseCompat] resolved net.minecraft.network.protocol.common.custom.CustomPacketPayload$1$forbricneo's spliced codec capture read(s) against the fields the class declares
[08:30:07] [main/INFO]: [Forbric/Mixin] net.fabricmc.fabric.mixin.networking.CustomPayloadPacketCodecMixin also applies to net.minecraft.network.protocol.common.custom.CustomPacketPayload$1$forbricneo — the byte merge could not keep one name for both ecosystems' copy of that class, and the merged code that runs instantiates the renamed one, so a mixin naming only the vanilla name binds to the half nothing calls
[08:30:07] [main/INFO]: [Forbric/Mixin] net.fabricmc.fabric.mixin.networking.CustomPayloadPacketCodecMixin: 3 injection point(s) no longer pin the class they were compiled against — the merge's renamed twin owns the same call, and an owner-pinned point matches nothing there while Mixin still adds the handler, so the injection goes missing in silence
[08:30:07] [main/INFO]: [Forbric/Mixin] net.fabricmc.fabric.mixin.networking.PacketByteBufMixin.limitInitialCapacity: require 2 → 0 — if the merged game no longer has what it injects into, this one injector goes unattached and its mod is reported, instead of Mixin abandoning the target class for every mod
[08:30:07] [main/INFO]: [Forbric/RegistrySync] restored net/fabricmc/fabric/mixin/registry/sync/MainMixin post-freeze trackers without repeating BuiltInRegistries.bootStrap
[08:30:07] [main/INFO]: [Forbric/Mixin] net.fabricmc.fabric.mixin.registry.sync.SaveLoadingMixin.modifyLoadedEntries: require (allow dropped) → 0 — if the merged game no longer has what it injects into, this one injector goes unattached and its mod is reported, instead of Mixin abandoning the target class for every mod
[08:30:07] [main/INFO]: [Forbric/Mixin] net.fabricmc.fabric.mixin.client.indigo.renderer.BlockModelRendererMixin: hookRender$forbricshim now targets net.minecraft.client.renderer.block.ModelBlockRenderer.tesselateBlock(Lnet/minecraft/world/level/BlockAndTintGetter;Lnet/minecraft/client/resources/model/BakedModel;Lnet/minecraft/world/level/block/state/BlockState;Lnet/minecraft/core/BlockPos;Lcom/mojang/blaze3d/vertex/PoseStack;Lcom/mojang/blaze3d/vertex/VertexConsumer;ZLnet/minecraft/util/RandomSource;JILnet/neoforged/neoforge/client/model/data/ModelData;Lnet/minecraft/client/renderer/RenderType;)V — Mixin bound its selector to the merge-added stub (Lnet/minecraft/world/level/BlockAndTintGetter;Lnet/minecraft/client/resources/model/BakedModel;Lnet/minecraft/world/level/block/state/BlockState;Lnet/minecraft/core/BlockPos;Lcom/mojang/blaze3d/vertex/PoseStack;Lcom/mojang/blaze3d/vertex/VertexConsumer;ZLnet/minecraft/util/RandomSource;JI)V, which only forwards to it; the handler still receives the stub's arguments
[08:30:07] [main/INFO]: [Forbric/Mixin] net.fabricmc.fabric.mixin.client.indigo.renderer.SectionBuilderMixin: @Inject.locals CAPTURE_FAILHARD → CAPTURE_FAILSOFT — if the merged method's locals differ from the ones this mixin was written against, that one injection is skipped with Mixin's own warning instead of killing the game
[08:30:07] [main/INFO]: [Forbric/Renderer] retargeted Indigo's per-block redirect onto the LIVE merged compile body's nine-argument renderBatched (NeoForge model data + render type forwarded verbatim; the tesselateBlock fast path is byte-for-byte as compiled)
[08:30:07] [main/INFO]: [Forbric/Mixin] net.fabricmc.fabric.mixin.client.indigo.renderer.SectionBuilderMixin.hookBuildRenderBlock: require 1 → 0 — if the merged game no longer has what it injects into, this one injector goes unattached and its mod is reported, instead of Mixin abandoning the target class for every mod
[08:30:07] [main/INFO]: [Forbric/Mixin] net.fabricmc.fabric.mixin.client.rendering.ArmorFeatureRendererMixin: renderArmor$forbricshim now targets net.minecraft.client.renderer.entity.layers.HumanoidArmorLayer.renderArmorPiece(Lcom/mojang/blaze3d/vertex/PoseStack;Lnet/minecraft/client/renderer/MultiBufferSource;Lnet/minecraft/world/entity/LivingEntity;Lnet/minecraft/world/entity/EquipmentSlot;ILnet/minecraft/client/model/HumanoidModel;FFFFFF)V — Mixin bound its selector to the merge-added stub (Lcom/mojang/blaze3d/vertex/PoseStack;Lnet/minecraft/client/renderer/MultiBufferSource;Lnet/minecraft/world/entity/LivingEntity;Lnet/minecraft/world/entity/EquipmentSlot;ILnet/minecraft/client/model/HumanoidModel;)V, which only forwards to it; the handler still receives the stub's arguments
[08:30:07] [main/INFO]: [Forbric/Mixin] net.fabricmc.fabric.mixin.client.rendering.CapeFeatureRendererMixin.injectCapeRenderCheck: require 1 → 0 — if the merged game no longer has what it injects into, this one injector goes unattached and its mod is reported, instead of Mixin abandoning the target class for every mod
[08:30:07] [main/INFO]: [Forbric/Mixin] normalised net/fabricmc/fabric/mixin/client/rendering/shader/ShaderProgramMixin:modifyStageId — the stage id it hands ShaderInstance.getOrCreate is the path, not a full location; the merged NeoForge reader attaches the namespace itself
[08:30:07] [main/INFO]: [Forbric/Mixin] net.fabricmc.fabric.mixin.client.rendering.shader.ShaderProgramMixin.modifyId: require (allow dropped) → 0 — if the merged game no longer has what it injects into, this one injector goes unattached and its mod is reported, instead of Mixin abandoning the target class for every mod
[08:30:07] [main/INFO]: [Forbric/Mixin] net.fabricmc.fabric.mixin.client.rendering.shader.ShaderProgramMixin.allowNoneMinecraftId: require (allow dropped) → 0 — if the merged game no longer has what it injects into, this one injector goes unattached and its mod is reported, instead of Mixin abandoning the target class for every mod
[08:30:07] [main/WARN]: [Mixin/mixin] Error loading class: net/minecraft/client/gl/ShaderProgram$1 (java.lang.ClassNotFoundException: net/minecraft/client/gl/ShaderProgram$1)
[08:30:07] [main/WARN]: [Mixin/mixin] @Mixin target net/minecraft/client/gl/ShaderProgram$1 was not found fabric-rendering-v1.mixins.json:shader.ShaderProgramImportProcessorMixin from mod fabric-rendering-v1
[08:30:07] [main/INFO]: [Forbric/ResourceLoader] ResourcePackProfileMixin.fabric_isHidden answers false for a pack whose parent predicate was never set — with the field at its JVM default every pack read as hidden, and pack selection came back empty, which empties every datapack registry (only requiredNonEmpty ones report it)
[08:30:07] [main/INFO]: [Forbric/Mixin] net.fabricmc.fabric.mixin.resource.loader.client.GameOptionsMixin: onLoad now targets net.minecraft.client.Options.load(Z)V — Mixin bound its selector to the merge-added stub ()V, which only forwards to it
[08:30:07] [main/INFO]: [Forbric/Mixin] net.fabricmc.fabric.mixin.screen.MouseMixin: @Inject.locals CAPTURE_FAILHARD → CAPTURE_FAILSOFT — if the merged method's locals differ from the ones this mixin was written against, that one injection is skipped with Mixin's own warning instead of killing the game
[08:30:07] [main/INFO]: [Forbric/Mixin] net.fabricmc.fabric.mixin.screen.MouseMixin: @Inject.locals CAPTURE_FAILHARD → CAPTURE_FAILSOFT — if the merged method's locals differ from the ones this mixin was written against, that one injection is skipped with Mixin's own warning instead of killing the game
[08:30:07] [main/INFO]: [Forbric/Mixin] net.fabricmc.fabric.mixin.screenhandler.ServerPlayerEntityMixin: @Inject.locals CAPTURE_FAILHARD → CAPTURE_FAILSOFT — if the merged method's locals differ from the ones this mixin was written against, that one injection is skipped with Mixin's own warning instead of killing the game
[08:30:07] [main/INFO]: [Forbric/Sound] retargeted Fabric's stream redirect onto the merged SoundEngine.play's SoundInstance.getStream call (1.21.1 generation); it now dispatches FabricSoundInstance.getAudioStream with the sound's own path, exactly as the guest handler did
[08:30:07] [main/INFO]: [Forbric/Mixin] net.fabricmc.fabric.mixin.transfer.DropperBlockMixin.hookDispense: require (allow dropped) → 0 — if the merged game no longer has what it injects into, this one injector goes unattached and its mod is reported, instead of Mixin abandoning the target class for every mod
[08:30:07] [main/INFO]: [Forbric/Mixin] net.caffeinemc.mods.lithium.mixin.ai.pathing.WalkNodeEvaluatorMixin: @Inject.locals CAPTURE_FAILHARD → CAPTURE_FAILSOFT — if the merged method's locals differ from the ones this mixin was written against, that one injection is skipped with Mixin's own warning instead of killing the game
[08:30:07] [main/INFO]: [Forbric/Mixin] net.caffeinemc.mods.lithium.mixin.ai.pathing.WalkNodeEvaluatorMixin: @Inject.locals CAPTURE_FAILHARD → CAPTURE_FAILSOFT — if the merged method's locals differ from the ones this mixin was written against, that one injection is skipped with Mixin's own warning instead of killing the game
[08:30:07] [main/INFO]: [Forbric/Mixin] net.caffeinemc.mods.lithium.mixin.ai.task.launch.BrainMixin: @Inject.locals CAPTURE_FAILHARD → CAPTURE_FAILSOFT — if the merged method's locals differ from the ones this mixin was written against, that one injection is skipped with Mixin's own warning instead of killing the game
[08:30:07] [main/INFO]: [Forbric/Mixin] net.caffeinemc.mods.lithium.mixin.ai.task.launch.BrainMixin: @Inject.locals CAPTURE_FAILHARD → CAPTURE_FAILSOFT — if the merged method's locals differ from the ones this mixin was written against, that one injection is skipped with Mixin's own warning instead of killing the game
[08:30:07] [main/INFO]: [Forbric/Mixin] net.caffeinemc.mods.lithium.mixin.ai.useless_sensors.parent_animal_sensor.AgeableMobMixin.handleParentSensor: require 1 → 0 — if the merged game no longer has what it injects into, this one injector goes unattached and its mod is reported, instead of Mixin abandoning the target class for every mod
[08:30:07] [main/INFO]: [Forbric/Mixin] net.caffeinemc.mods.lithium.mixin.block.hopper.HopperBlockEntityMixin: @Inject.locals CAPTURE_FAILHARD → CAPTURE_FAILSOFT — if the merged method's locals differ from the ones this mixin was written against, that one injection is skipped with Mixin's own warning instead of killing the game
[08:30:07] [main/INFO]: [Forbric/Mixin] net.caffeinemc.mods.lithium.mixin.block.moving_block_shapes.PistonMovingBlockEntityMixin: @Inject.locals CAPTURE_FAILHARD → CAPTURE_FAILSOFT — if the merged method's locals differ from the ones this mixin was written against, that one injection is skipped with Mixin's own warning instead of killing the game
[08:30:08] [main/INFO]: [Forbric/Mixin] net.caffeinemc.mods.lithium.mixin.entity.equipment_tracking.ArmorStandMixin.trackEquipChange: require 4 → 0 — if the merged game no longer has what it injects into, this one injector goes unattached and its mod is reported, instead of Mixin abandoning the target class for every mod
[08:30:08] [main/INFO]: [Forbric/Mixin] net.caffeinemc.mods.lithium.mixin.entity.equipment_tracking.LivingEntityMixin.handleStackEquip: require 1 → 0 — if the merged game no longer has what it injects into, this one injector goes unattached and its mod is reported, instead of Mixin abandoning the target class for every mod
[08:30:08] [main/INFO]: [Forbric/Mixin] net.caffeinemc.mods.lithium.mixin.entity.equipment_tracking.MobMixin.trackEquipChange: require 2 → 0 — if the merged game no longer has what it injects into, this one injector goes unattached and its mod is reported, instead of Mixin abandoning the target class for every mod
[08:30:08] [main/INFO]: [Forbric/Mixin] net.caffeinemc.mods.lithium.mixin.entity.fast_elytra_check.LivingEntityMixin: @Inject.locals CAPTURE_FAILHARD → CAPTURE_FAILSOFT — if the merged method's locals differ from the ones this mixin was written against, that one injection is skipped with Mixin's own warning instead of killing the game
[08:30:08] [main/INFO]: [Forbric/Mixin] net.caffeinemc.mods.lithium.mixin.entity.fast_retrieval.EntitySectionStorageMixin: @Inject.locals CAPTURE_FAILHARD → CAPTURE_FAILSOFT — if the merged method's locals differ from the ones this mixin was written against, that one injection is skipped with Mixin's own warning instead of killing the game
[08:30:08] [main/INFO]: [Forbric/Mixin] net.caffeinemc.mods.lithium.mixin.entity.inactive_navigations.ServerLevelMixin: @Inject.locals CAPTURE_FAILHARD → CAPTURE_FAILSOFT — if the merged method's locals differ from the ones this mixin was written against, that one injection is skipped with Mixin's own warning instead of killing the game
[08:30:08] [main/INFO]: [Forbric/Mixin] net.caffeinemc.mods.lithium.mixin.experimental.entity.block_caching.block_touching.EntityMixin: @Inject.locals CAPTURE_FAILHARD → CAPTURE_FAILSOFT — if the merged method's locals differ from the ones this mixin was written against, that one injection is skipped with Mixin's own warning instead of killing the game
[08:30:08] [main/INFO]: [Forbric/Mixin] net.caffeinemc.mods.lithium.mixin.experimental.entity.block_caching.suffocation.EntityMixin: @Inject.locals CAPTURE_FAILHARD → CAPTURE_FAILSOFT — if the merged method's locals differ from the ones this mixin was written against, that one injection is skipped with Mixin's own warning instead of killing the game
[08:30:08] [main/INFO]: [Forbric/Mixin] net.caffeinemc.mods.lithium.mixin.minimal_nonvanilla.world.expiring_chunk_tickets.DistanceManagerMixin: @Inject.locals CAPTURE_FAILHARD → CAPTURE_FAILSOFT — if the merged method's locals differ from the ones this mixin was written against, that one injection is skipped with Mixin's own warning instead of killing the game
[08:30:08] [main/INFO]: [Forbric/Mixin] net.caffeinemc.mods.lithium.mixin.minimal_nonvanilla.world.expiring_chunk_tickets.DistanceManagerMixin: @Inject.locals CAPTURE_FAILHARD → CAPTURE_FAILSOFT — if the merged method's locals differ from the ones this mixin was written against, that one injection is skipped with Mixin's own warning instead of killing the game
[08:30:08] [main/INFO]: [Forbric/Mixin] net.caffeinemc.mods.lithium.mixin.minimal_nonvanilla.world.expiring_chunk_tickets.DistanceManagerMixin: @Inject.locals CAPTURE_FAILHARD → CAPTURE_FAILSOFT — if the merged method's locals differ from the ones this mixin was written against, that one injection is skipped with Mixin's own warning instead of killing the game
[08:30:08] [main/INFO]: [Forbric/Mixin] net.caffeinemc.mods.lithium.mixin.util.block_tracking.LevelChunkSectionMixin: @Inject.locals CAPTURE_FAILHARD → CAPTURE_FAILSOFT — if the merged method's locals differ from the ones this mixin was written against, that one injection is skipped with Mixin's own warning instead of killing the game
[08:30:08] [main/INFO]: [Forbric/Mixin] net.caffeinemc.mods.lithium.mixin.util.chunk_status_tracking.ChunkHolderMixin: @Inject.locals CAPTURE_FAILHARD → CAPTURE_FAILSOFT — if the merged method's locals differ from the ones this mixin was written against, that one injection is skipped with Mixin's own warning instead of killing the game
[08:30:08] [main/INFO]: [Forbric/Mixin] net.caffeinemc.mods.lithium.mixin.world.block_entity_ticking.sleeping.LevelChunkMixin: @Inject.locals CAPTURE_FAILHARD → CAPTURE_FAILSOFT — if the merged method's locals differ from the ones this mixin was written against, that one injection is skipped with Mixin's own warning instead of killing the game
[08:30:08] [main/INFO]: [Forbric/Mixin] net.caffeinemc.mods.lithium.mixin.world.block_entity_ticking.sleeping.LevelChunkMixin: @Inject.locals CAPTURE_FAILHARD → CAPTURE_FAILSOFT — if the merged method's locals differ from the ones this mixin was written against, that one injection is skipped with Mixin's own warning instead of killing the game
[08:30:08] [main/INFO]: [Forbric/Mixin] net.caffeinemc.mods.lithium.mixin.world.block_entity_ticking.sleeping.campfire.lit.CampfireBlockEntityMixin: @Inject.locals CAPTURE_FAILHARD → CAPTURE_FAILSOFT — if the merged method's locals differ from the ones this mixin was written against, that one injection is skipped with Mixin's own warning instead of killing the game
[08:30:08] [main/INFO]: [Forbric/Mixin] net.caffeinemc.mods.lithium.mixin.world.block_entity_ticking.sleeping.campfire.unlit.CampfireBlockEntityMixin: @Inject.locals CAPTURE_FAILHARD → CAPTURE_FAILSOFT — if the merged method's locals differ from the ones this mixin was written against, that one injection is skipped with Mixin's own warning instead of killing the game
[08:30:08] [main/INFO]: [Forbric/Mixin] net.caffeinemc.mods.lithium.mixin.world.combined_heightmap_update.LevelChunkMixin: @Inject.locals CAPTURE_FAILHARD → CAPTURE_FAILSOFT — if the merged method's locals differ from the ones this mixin was written against, that one injection is skipped with Mixin's own warning instead of killing the game
[08:30:08] [main/INFO]: [Forbric/Mixin] org.embeddedt.modernfix.common.mixin.perf.compact_bit_storage.PalettedContainerMixin: @Inject.locals CAPTURE_FAILHARD → CAPTURE_FAILSOFT — if the merged method's locals differ from the ones this mixin was written against, that one injection is skipped with Mixin's own warning instead of killing the game
[08:30:08] [main/INFO]: [Forbric/Mixin] org.embeddedt.modernfix.common.mixin.feature.branding.BrandingControlMixin: @Inject.locals CAPTURE_FAILHARD → CAPTURE_FAILSOFT — if the merged method's locals differ from the ones this mixin was written against, that one injection is skipped with Mixin's own warning instead of killing the game
[08:30:08] [main/INFO]: [Forbric/Mixin] net.caffeinemc.mods.sodium.mixin.features.gui.hooks.settings.OptionsScreenMixin.open: require 1 → 0 — if the merged game no longer has what it injects into, this one injector goes unattached and its mod is reported, instead of Mixin abandoning the target class for every mod
[08:30:08] [main/INFO]: [Forbric/Mixin] net.caffeinemc.mods.sodium.mixin.features.options.render_layers.ItemBlockRenderTypesMixin.redirectLeavesShouldBeFancy: require 2 → 0 — if the merged game no longer has what it injects into, this one injector goes unattached and its mod is reported, instead of Mixin abandoning the target class for every mod
[08:30:08] [main/INFO]: [Forbric/Mixin] net.caffeinemc.mods.sodium.mixin.features.textures.mipmaps.SpriteContentsMixin: sodium$beforeGenerateMipLevels now targets net.minecraft.client.renderer.texture.SpriteContents.<init>(Lnet/minecraft/resources/ResourceLocation;Lnet/minecraft/client/resources/metadata/animation/FrameSize;Lcom/mojang/blaze3d/platform/NativeImage;Lnet/minecraft/server/packs/resources/ResourceMetadata;Lnet/minecraftforge/client/textures/ForgeTextureMetadata;)V — Mixin bound its selector to the merge-added stub (Lnet/minecraft/resources/ResourceLocation;Lnet/minecraft/client/resources/metadata/animation/FrameSize;Lcom/mojang/blaze3d/platform/NativeImage;Lnet/minecraft/server/packs/resources/ResourceMetadata;)V, which only forwards to it; a NeoForge mod, and NeoForge's own class runs that selector on the body
[08:30:08] [main/INFO]: [Forbric/Mixin] net.caffeinemc.mods.sodium.mixin.features.textures.scan.SpriteContentsMixin: sodium$beforeGenerateMipLevels now targets net.minecraft.client.renderer.texture.SpriteContents.<init>(Lnet/minecraft/resources/ResourceLocation;Lnet/minecraft/client/resources/metadata/animation/FrameSize;Lcom/mojang/blaze3d/platform/NativeImage;Lnet/minecraft/server/packs/resources/ResourceMetadata;Lnet/minecraftforge/client/textures/ForgeTextureMetadata;)V — Mixin bound its selector to the merge-added stub (Lnet/minecraft/resources/ResourceLocation;Lnet/minecraft/client/resources/metadata/animation/FrameSize;Lcom/mojang/blaze3d/platform/NativeImage;Lnet/minecraft/server/packs/resources/ResourceMetadata;)V, which only forwards to it; a NeoForge mod, and NeoForge's own class runs that selector on the body
[08:30:08] [main/WARN]: [Forbric/MergedBaseCompat] gave net.minecraftforge.fml.event.lifecycle.FMLConstructModEvent the no-arg constructor EventBus 6 instantiates — without it every post through its hierarchy threw "Error computing listener list"
[08:30:08] [main/WARN]: [Forbric/MergedBaseCompat] gave net.minecraftforge.fml.event.lifecycle.ParallelDispatchEvent the no-arg constructor EventBus 6 instantiates — without it every post through its hierarchy threw "Error computing listener list"
[08:30:08] [main/WARN]: [Forbric/MergedBaseCompat] gave net.minecraftforge.fml.event.lifecycle.ModLifecycleEvent the no-arg constructor EventBus 6 instantiates — without it every post through its hierarchy threw "Error computing listener list"
[08:30:08] [main/WARN]: [Forbric/MergedBaseCompat] gave net.minecraftforge.fml.event.lifecycle.FMLCommonSetupEvent the no-arg constructor EventBus 6 instantiates — without it every post through its hierarchy threw "Error computing listener list"
[08:30:08] [main/WARN]: [Forbric/MergedBaseCompat] gave net.minecraftforge.fml.event.lifecycle.FMLClientSetupEvent the no-arg constructor EventBus 6 instantiates — without it every post through its hierarchy threw "Error computing listener list"
[08:30:08] [main/WARN]: [Forbric/MergedBaseCompat] gave net.minecraftforge.fml.event.lifecycle.FMLDedicatedServerSetupEvent the no-arg constructor EventBus 6 instantiates — without it every post through its hierarchy threw "Error computing listener list"
[08:30:08] [main/WARN]: [Forbric/MergedBaseCompat] gave net.minecraftforge.fml.event.lifecycle.InterModEnqueueEvent the no-arg constructor EventBus 6 instantiates — without it every post through its hierarchy threw "Error computing listener list"
[08:30:08] [main/WARN]: [Forbric/MergedBaseCompat] gave net.minecraftforge.fml.event.lifecycle.InterModProcessEvent the no-arg constructor EventBus 6 instantiates — without it every post through its hierarchy threw "Error computing listener list"
[08:30:08] [main/WARN]: [Forbric/MergedBaseCompat] gave net.minecraftforge.fml.event.lifecycle.FMLLoadCompleteEvent the no-arg constructor EventBus 6 instantiates — without it every post through its hierarchy threw "Error computing listener list"
[08:30:08] [main/WARN]: [Forbric/MergedBaseCompat] gave net.minecraftforge.registries.RegisterEvent the no-arg constructor EventBus 6 instantiates — without it every post through its hierarchy threw "Error computing listener list"
[08:30:08] [main/INFO]: [Mixin/MixinExtras|Service] Initializing MixinExtras via com.llamalad7.mixinextras.service.MixinExtrasServiceImpl(version=0.5.4).
[08:30:08] [main/INFO]: [Forbric/Merge] net.minecraft.server.MinecraftServer carried 1 duplicated lambda name(s) from the byte merge — dropped 1 orphaned bod(ies) so a mixin selecting by name cannot bind to the half that lost: lambda$storeChunkIoError$37(Lnet/minecraft/world/level/chunk/storage/RegionStorageInfo;Lnet/minecraft/CrashReport;Lnet/minecraft/world/level/ChunkPos;)V
[08:30:08] [main/INFO]: [Forbric/Frames] recomputed net.minecraftforge.common.capabilities.CapabilityProvider — its frames named [net/minecraftforge/common/capabilities/CapabilityProvider], which the merge took off that hierarchy, so the class could not pass verification
[08:30:08] [main/WARN]: [Forbric/MergedBaseCompat] CompoundTag.builder() — 1 method added: genuine Forge's body news CompoundTag$1, an anonymous class the merge could not carry (the merged CompoundTag$1 is a different class), so the body emitted is INBTBuilder.nbt()'s own; IForgeBlockPos.toCompoundTag() and ForgeHooks.createEmptyStructure link again
[08:30:08] [main/WARN]: [Forbric/MergedBaseCompat] gave net.minecraftforge.client.event.RegisterClientCommandsEvent the no-arg constructor EventBus 6 instantiates — without it every post through its hierarchy threw "Error computing listener list"
[08:30:08] [main/WARN]: [Forbric/MergedBaseCompat] gave net.minecraftforge.event.entity.living.LivingExperienceDropEvent the no-arg constructor EventBus 6 instantiates — without it every post through its hierarchy threw "Error computing listener list"
[08:30:08] [main/WARN]: [Forbric/MergedBaseCompat] gave net.minecraftforge.event.entity.living.LivingEvent the no-arg constructor EventBus 6 instantiates — without it every post through its hierarchy threw "Error computing listener list"
[08:30:08] [main/WARN]: [Forbric/MergedBaseCompat] gave net.minecraftforge.event.entity.EntityEvent the no-arg constructor EventBus 6 instantiates — without it every post through its hierarchy threw "Error computing listener list"
[08:30:08] [main/WARN]: [Forbric/MergedBaseCompat] gave net.minecraftforge.client.event.ScreenEvent$Render$Post the no-arg constructor EventBus 6 instantiates — without it every post through its hierarchy threw "Error computing listener list"
[08:30:08] [main/WARN]: [Forbric/MergedBaseCompat] gave net.minecraftforge.client.event.ScreenEvent$Render the no-arg constructor EventBus 6 instantiates — without it every post through its hierarchy threw "Error computing listener list"
[08:30:08] [main/WARN]: [Forbric/MergedBaseCompat] gave net.minecraftforge.client.event.ScreenEvent the no-arg constructor EventBus 6 instantiates — without it every post through its hierarchy threw "Error computing listener list"
[08:30:08] [main/WARN]: [Forbric/MergedBaseCompat] gave net.minecraftforge.client.event.ScreenEvent$Render$Pre the no-arg constructor EventBus 6 instantiates — without it every post through its hierarchy threw "Error computing listener list"
[08:30:08] [main/WARN]: [Forbric/MergedBaseCompat] gave net.minecraftforge.client.event.InputEvent$InteractionKeyMappingTriggered the no-arg constructor EventBus 6 instantiates — without it every post through its hierarchy threw "Error computing listener list"
[08:30:08] [main/WARN]: [Forbric/MergedBaseCompat] gave net.minecraftforge.client.event.ComputeFovModifierEvent the no-arg constructor EventBus 6 instantiates — without it every post through its hierarchy threw "Error computing listener list"
[08:30:08] [main/WARN]: [Forbric/MergedBaseCompat] gave net.minecraftforge.client.event.ViewportEvent$ComputeFogColor the no-arg constructor EventBus 6 instantiates — without it every post through its hierarchy threw "Error computing listener list"
[08:30:08] [main/WARN]: [Forbric/MergedBaseCompat] gave net.minecraftforge.client.event.ViewportEvent the no-arg constructor EventBus 6 instantiates — without it every post through its hierarchy threw "Error computing listener list"
[08:30:08] [main/WARN]: [Forbric/MergedBaseCompat] gave net.minecraftforge.client.event.ViewportEvent$RenderFog the no-arg constructor EventBus 6 instantiates — without it every post through its hierarchy threw "Error computing listener list"
[08:30:08] [main/WARN]: [Forbric/MergedBaseCompat] gave net.minecraftforge.client.event.ScreenEvent$Init$Post the no-arg constructor EventBus 6 instantiates — without it every post through its hierarchy threw "Error computing listener list"
[08:30:08] [main/WARN]: [Forbric/MergedBaseCompat] gave net.minecraftforge.client.event.ScreenEvent$Init the no-arg constructor EventBus 6 instantiates — without it every post through its hierarchy threw "Error computing listener list"
[08:30:08] [main/WARN]: [Forbric/MergedBaseCompat] gave net.minecraftforge.client.event.ScreenEvent$Init$Pre the no-arg constructor EventBus 6 instantiates — without it every post through its hierarchy threw "Error computing listener list"
[08:30:08] [main/WARN]: [Forbric/MergedBaseCompat] gave net.minecraftforge.event.entity.player.PlayerInteractEvent$EntityInteractSpecific the no-arg constructor EventBus 6 instantiates — without it every post through its hierarchy threw "Error computing listener list"
[08:30:08] [main/WARN]: [Forbric/MergedBaseCompat] gave net.minecraftforge.event.entity.player.PlayerInteractEvent the no-arg constructor EventBus 6 instantiates — without it every post through its hierarchy threw "Error computing listener list"
[08:30:08] [main/WARN]: [Forbric/MergedBaseCompat] gave net.minecraftforge.event.entity.player.PlayerEvent the no-arg constructor EventBus 6 instantiates — without it every post through its hierarchy threw "Error computing listener list"
[08:30:08] [main/WARN]: [Forbric/MergedBaseCompat] gave net.minecraftforge.event.entity.living.MobEffectEvent$Applicable the no-arg constructor EventBus 6 instantiates — without it every post through its hierarchy threw "Error computing listener list"
[08:30:08] [main/WARN]: [Forbric/MergedBaseCompat] gave net.minecraftforge.event.entity.living.MobEffectEvent the no-arg constructor EventBus 6 instantiates — without it every post through its hierarchy threw "Error computing listener list"
[08:30:08] [main/WARN]: [Forbric/MergedBaseCompat] gave net.minecraftforge.event.entity.player.PermissionsChangedEvent the no-arg constructor EventBus 6 instantiates — without it every post through its hierarchy threw "Error computing listener list"
[08:30:08] [main/INFO]: [Forbric/Capabilities] composed MinecraftForge capabilities into net.minecraft.world.level.Level: +8 method(s) — the merge put it under NeoForge's AttachmentHolder, so a Forge mod could neither attach nor read a capability on it
[08:30:08] [main/INFO]: [Forbric/Merge] net.minecraft.world.level.Level carried 1 duplicated lambda name(s) from the byte merge — dropped 1 orphaned bod(ies) so a mixin selecting by name cannot bind to the half that lost: lambda$getEntities$1(Ljava/util/function/Predicate;Ljava/util/List;ILnet/minecraft/world/level/entity/EntityTypeTest;Lnet/minecraft/world/entity/Entity;)Lnet/minecraft/util/AbortableIterationConsumer$Continuation;
[08:30:08] [main/INFO]: [Forbric/Capabilities] ServerLevel.<init> gathers MinecraftForge level capabilities again (1 call site) — Forge's own call at the constructor's end was lost in the merge while initCapabilities itself survived
[08:30:08] [main/WARN]: [Forbric/MergedBaseCompat] gave net.minecraftforge.event.level.BlockEvent$FarmlandTrampleEvent the no-arg constructor EventBus 6 instantiates — without it every post through its hierarchy threw "Error computing listener list"
[08:30:08] [main/WARN]: [Forbric/MergedBaseCompat] gave net.minecraftforge.event.level.BlockEvent the no-arg constructor EventBus 6 instantiates — without it every post through its hierarchy threw "Error computing listener list"
[08:30:08] [main/WARN]: [Forbric/MergedBaseCompat] gave net.minecraftforge.event.AnvilUpdateEvent the no-arg constructor EventBus 6 instantiates — without it every post through its hierarchy threw "Error computing listener list"
[08:30:08] [main/WARN]: [Forbric/MergedBaseCompat] gave net.minecraftforge.event.entity.player.CriticalHitEvent the no-arg constructor EventBus 6 instantiates — without it every post through its hierarchy threw "Error computing listener list"
[08:30:08] [main/WARN]: [Forbric/MergedBaseCompat] gave net.minecraftforge.event.CommandEvent the no-arg constructor EventBus 6 instantiates — without it every post through its hierarchy threw "Error computing listener list"
[08:30:08] [main/WARN]: [Forbric/MergedBaseCompat] gave net.minecraftforge.event.entity.living.LivingHealEvent the no-arg constructor EventBus 6 instantiates — without it every post through its hierarchy threw "Error computing listener list"
[08:30:08] [main/WARN]: [Forbric/MergedBaseCompat] gave net.minecraftforge.event.entity.player.PlayerInteractEvent$RightClickItem the no-arg constructor EventBus 6 instantiates — without it every post through its hierarchy threw "Error computing listener list"
[08:30:08] [main/WARN]: [Forbric/MergedBaseCompat] gave net.minecraftforge.event.level.BlockEvent$EntityPlaceEvent the no-arg constructor EventBus 6 instantiates — without it every post through its hierarchy threw "Error computing listener list"
[08:30:08] [main/WARN]: [Forbric/MergedBaseCompat] gave net.minecraftforge.event.entity.player.PlayerInteractEvent$RightClickBlock the no-arg constructor EventBus 6 instantiates — without it every post through its hierarchy threw "Error computing listener list"
[08:30:08] [main/WARN]: [Forbric/MergedBaseCompat] gave net.minecraftforge.event.entity.player.PlayerInteractEvent$LeftClickBlock the no-arg constructor EventBus 6 instantiates — without it every post through its hierarchy threw "Error computing listener list"
[08:30:08] [main/WARN]: [Forbric/MergedBaseCompat] gave net.minecraftforge.event.level.BlockEvent$BreakEvent the no-arg constructor EventBus 6 instantiates — without it every post through its hierarchy threw "Error computing listener list"
[08:30:08] [main/WARN]: [Forbric/MergedBaseCompat] gave net.minecraftforge.client.event.ScreenEvent$MouseButtonReleased$Pre the no-arg constructor EventBus 6 instantiates — without it every post through its hierarchy threw "Error computing listener list"
[08:30:08] [main/WARN]: [Forbric/MergedBaseCompat] gave net.minecraftforge.client.event.ScreenEvent$MouseButtonReleased the no-arg constructor EventBus 6 instantiates — without it every post through its hierarchy threw "Error computing listener list"
[08:30:08] [main/WARN]: [Forbric/MergedBaseCompat] gave net.minecraftforge.client.event.ScreenEvent$MouseInput the no-arg constructor EventBus 6 instantiates — without it every post through its hierarchy threw "Error computing listener list"
[08:30:08] [main/WARN]: [Forbric/MergedBaseCompat] gave net.minecraftforge.client.event.ScreenEvent$MouseButtonPressed$Pre the no-arg constructor EventBus 6 instantiates — without it every post through its hierarchy threw "Error computing listener list"
[08:30:08] [main/WARN]: [Forbric/MergedBaseCompat] gave net.minecraftforge.client.event.ScreenEvent$MouseButtonPressed the no-arg constructor EventBus 6 instantiates — without it every post through its hierarchy threw "Error computing listener list"
[08:30:09] [main/WARN]: [Forbric/MergedBaseCompat] gave net.minecraftforge.event.server.ServerAboutToStartEvent the no-arg constructor EventBus 6 instantiates — without it every post through its hierarchy threw "Error computing listener list"
[08:30:09] [main/WARN]: [Forbric/MergedBaseCompat] gave net.minecraftforge.event.server.ServerLifecycleEvent the no-arg constructor EventBus 6 instantiates — without it every post through its hierarchy threw "Error computing listener list"
[08:30:09] [main/WARN]: [Forbric/MergedBaseCompat] gave net.minecraftforge.client.event.RegisterClientReloadListenersEvent the no-arg constructor EventBus 6 instantiates — without it every post through its hierarchy threw "Error computing listener list"
[08:30:09] [main/INFO]: [Forbric/Runtime] game-side kernel classes: 98/98 linked
[08:30:09] [main/INFO]: [Forbric/Catalog] 12 installed mod(s) for the unified Mods screen: 3 Fabric, 9 NeoForge, 0 MinecraftForge — plus 52 jar(s) they carry inside themselves, which are running and are not what a player means by "my mods"
[08:30:09] [main/INFO]: [Forbric/Seed] NeoForge 21.1 FMLLoader seeded (dist=CLIENT, production=true, neoforge=21.1.252, mc=null) — static identity only, no lifecycle
[08:30:09] [main/INFO]: [Forbric/FieldDrift] scanned 66 jar(s): 0 reference a vanilla field the merge re-typed
[08:30:09] [main/INFO]: [Forbric/AbiAudit] scanned 66 jar(s) in 258 ms: 0 with dangling Forge-family references
[08:30:09] [main/INFO]: [Forbric/Mixin] not marking fabric-renderer-indigo for fabric-renderer-indigo (fabric-renderer-indigo.mixins.json):SectionBuilderMixin — the mod's own config plugin net.fabricmc.fabric.impl.client.indigo.IndigoMixinConfigPlugin does not apply that mixin on this instance either, so leaving it out cost the mod nothing
[08:30:09] [main/INFO]: [Forbric/Mixin] not marking modernfix for modernfix (modernfix-modernfix.mixins.json):perf.dynamic_resources.ModelBakeryMixin — the mod's own config plugin org.embeddedt.modernfix.core.ModernFixMixinPlugin does not apply that mixin on this instance either, so leaving it out cost the mod nothing
[08:30:09] [main/WARN]: [Forbric/Load] 10 mod(s) partly did not run: fabric-content-registries-v0, fabric-events-interaction-v0, fabric-item-api-v1, fabric-loot-api-v3, fabric-object-builder-api-v1, fabric-particles-v1, fabric-recipe-api-v1, fabric-registry-sync-v0, fabric-rendering-fluids-v1, modmenu — details in .forbric-kernel/load-report.txt
[08:30:09] [main/INFO]: [Forbric/Boot] merged base client entry loaded through kernel loader; lifecycle redirected to the kernel — handing to vanilla boot
[08:30:10] [main/WARN]: Configuration conflict: there is more than one oshi.properties file on the classpath: [jar:file:/Users/charlescai/Desktop/dsh/%e5%ae%9e%e9%aa%8c/forbric/w7/.stage-scratch/mc/libraries/com/github/oshi/oshi-core/6.4.10/oshi-core-6.4.10.jar!/oshi.properties, jar:file:/Users/charlescai/Desktop/dsh/%E5%AE%9E%E9%AA%8C/forbric/w7/.stage-scratch/mc/libraries/com/github/oshi/oshi-core/6.4.10/oshi-core-6.4.10.jar!/oshi.properties]
[08:30:10] [main/WARN]: Configuration conflict: there is more than one oshi.architecture.properties file on the classpath: [jar:file:/Users/charlescai/Desktop/dsh/%e5%ae%9e%e9%aa%8c/forbric/w7/.stage-scratch/mc/libraries/com/github/oshi/oshi-core/6.4.10/oshi-core-6.4.10.jar!/oshi.architecture.properties, jar:file:/Users/charlescai/Desktop/dsh/%E5%AE%9E%E9%AA%8C/forbric/w7/.stage-scratch/mc/libraries/com/github/oshi/oshi-core/6.4.10/oshi-core-6.4.10.jar!/oshi.architecture.properties]
[08:30:10] [Datafixer Bootstrap/INFO]: 229 Datafixer optimizations took 231 milliseconds
[08:30:10] [pool-3-thread-1/WARN]: [Forbric/MergedBaseCompat] Bootstrap now wraps System.out/System.err into log4j again — NeoForge's patch spends vanilla's wrapStreams() slot on GameData.vanillaSnapshot() and the merge kept only that half, so every line a mod PRINTED rather than logged was absent from the log entirely (a mod's own debug mode produced a log with nothing in it). Both calls now run
[08:30:10] [pool-3-thread-1/INFO]: [Forbric/MergedBaseCompat] Bootstrap.bootStrap() returns before its TAIL when bootstrap has already begun — MinecraftForge's ForgeRegistries calls it again from inside the first call, which ran every TAIL handler twice, the first time half-way through bootstrap
[08:30:10] [pool-3-thread-1/WARN]: [Mixin/mixin] @Final field LOGGER:Lorg/slf4j/Logger; in modernfix-modernfix.mixins.json:feature.measure_time.BootstrapMixin from mod modernfix should be final
[08:30:10] [pool-3-thread-1/WARN]: [Mixin/mixin] @Final field LOGGER:Lorg/slf4j/Logger; in modernfix-modernfix.mixins.json:core.BootstrapMixin from mod modernfix should be final
[08:30:10] [pool-3-thread-1/INFO]: ModernFix reached bootstrap stage (11.67 s after launch)
[08:30:10] [pool-3-thread-1/WARN]: [Forbric/MergedBaseCompat] initialized MinecraftForge's MappedRegistry.KNOWN on the merged base — the byte merge dropped its initializer, and the first registry registration NPEs without it
[08:30:10] [pool-3-thread-1/INFO]: [Forbric/Merge] net.minecraft.core.MappedRegistry carried 2 duplicated lambda name(s) from the byte merge — dropped 2 orphaned bod(ies) so a mixin selecting by name cannot bind to the half that lost: lambda$bindTags$9(Lnet/minecraft/tags/TagKey;)Ljava/lang/String;, lambda$freeze$5(Ljava/util/Map$Entry;)Lnet/minecraft/resources/ResourceLocation;
[08:30:10] [pool-3-thread-1/INFO]: [Forbric/Aliases] post-mixin repair: fabric-registry-sync's addAlias asks the registry's own key set whether an alias target exists — MinecraftForge's wrapped registries (block, item, …) never fill the map it read, so every alias to a registered block warned that the block did not exist
[08:30:10] [pool-3-thread-1/INFO]: [Forbric/Mixin] post-mixin repair: replayed net.minecraft.core.MappedRegistry's constructor injection handler$bkc000$modernfix$replaceStorage into the constructor it delegates to ((Lnet/minecraft/resources/ResourceKey;Lcom/mojang/serialization/Lifecycle;Z)V) — the merge made that overload canonical, so callers of it were skipping the guest mixin's initializer
[08:30:10] [pool-3-thread-1/WARN]: [Forbric/Registries] net.minecraft.core.registries.Registries has no static registryDirPath(Lnet/minecraft/resources/ResourceKey;)Ljava/lang/String; — a Fabric mod that keeps its registry directory unprefixed (WorldWeaver) will read nothing; re-derive RegistryDirectoryOwnerInjector
[08:30:10] [pool-3-thread-1/WARN]: [Forbric/MergedBaseCompat] gave net.minecraftforge.registries.MissingMappingsEvent the no-arg constructor EventBus 6 instantiates — without it every post through its hierarchy threw "Error computing listener list"
[08:30:10] [pool-3-thread-1/WARN]: [Forbric/MergedBaseCompat] gave net.minecraftforge.registries.IdMappingEvent the no-arg constructor EventBus 6 instantiates — without it every post through its hierarchy threw "Error computing listener list"
[08:30:10] [pool-3-thread-1/INFO]: [Forbric/Capabilities] composed MinecraftForge capabilities into net.minecraft.world.entity.Entity: +8 method(s) — the merge put it under NeoForge's AttachmentHolder, so a Forge mod could neither attach nor read a capability on it
[08:30:10] [pool-3-thread-1/INFO]: [Forbric/MergedBaseCompat] net.minecraft.world.entity.Entity turns radians into degrees by vanilla's folded constant again (2 site(s)) — the merged body divided by pi at run time, which is a different number in the eighth digit and moves every angle computed from a vector
[08:30:11] [pool-3-thread-1/INFO]: [Forbric/Capabilities] net.minecraft.world.entity.LivingEntity.<init> assigns handlers again (1 constructor(s)) — the merge kept MinecraftForge's field, its readers and its reviveCaps() re-creation but dropped the constructor initializer, so it read null from construction on: invalidateCaps NPE'd on every removal and getCapability(ITEM_HANDLER) on every ask
[08:30:11] [pool-3-thread-1/INFO]: [Forbric/MergedBaseCompat] net.minecraft.world.entity.LivingEntity turns radians into degrees by vanilla's folded constant again (2 site(s)) — the merged body divided by pi at run time, which is a different number in the eighth digit and moves every angle computed from a vector
[08:30:11] [pool-3-thread-1/INFO]: [Forbric/Merge] net.minecraft.world.entity.LivingEntity carried 2 duplicated lambda name(s) from the byte merge — dropped 2 orphaned bod(ies) so a mixin selecting by name cannot bind to the half that lost: lambda$stopSleeping$11(Lnet/minecraft/core/BlockPos;)V, lambda$collectEquipmentChanges$7(Lnet/minecraft/world/item/ItemStack;Lnet/minecraft/world/entity/EquipmentSlot;Lnet/minecraft/core/Holder;Lnet/minecraft/world/entity/ai/attributes/AttributeModifier;)V
[08:30:11] [pool-3-thread-1/INFO]: [Forbric/Aliases] gave net.minecraftforge.registries.NamespacedDefaultedWrapper back the 1 alias-resolving lookup(s) its overrides hid from fabric-api's registry-sync mixin
[08:30:11] [pool-3-thread-1/INFO]: [Forbric/Aliases] gave net.minecraftforge.registries.NamespacedWrapper back the 8 alias-resolving lookup(s) its overrides hid from fabric-api's registry-sync mixin
[08:30:11] [pool-3-thread-1/INFO]: [Forbric/RegistrySync] gave net.minecraftforge.registries.NamespacedWrapper NeoForge's id-remap contract (clear, registerIdMapping) and fabric-api's (remap) — the server's ids are staged and applied through Forge's own injectSnapshot
[08:30:11] [pool-3-thread-1/INFO]: [Forbric/Registries] a MinecraftForge-wrapped registry's register fires fabric-registry-sync's RegistryEntryAddedCallback at 1 return(s), as MappedRegistry.register does — the wrapper never reached it, so fabric-menu-api had no codec for a menu registered after its own main entrypoint
[08:30:11] [pool-3-thread-1/INFO]: [Forbric/Fluid] a fluid with no NeoForge type of its own (a Fabric or MinecraftForge mod's) gets the one its fluid tags imply, instead of NeoForge's "Mod fluids must override getFluidType" — and likewise MinecraftForge's type for a fluid without one
[08:30:11] [pool-3-thread-1/INFO]: [Forbric/Coremod] EntityType: 1 finalizeSpawn call(s) now post both families' events and finalize once
[08:30:11] [pool-3-thread-1/INFO]: [Forbric/CreativeTabs] creative-tab contents now run NeoForge and MinecraftForge's registration events through the same output (the carrier's ResourceKey is re-derived by the kernel)
[08:30:11] [pool-3-thread-1/INFO]: [Forbric/Merge] net.minecraft.network.RegistryFriendlyByteBuf carried 1 duplicated lambda name(s) from the byte merge — dropped 1 orphaned bod(ies) so a mixin selecting by name cannot bind to the half that lost: lambda$decorator$0(Lnet/minecraft/core/RegistryAccess;Lio/netty/buffer/ByteBuf;)Lnet/minecraft/network/RegistryFriendlyByteBuf;
[08:30:11] [pool-3-thread-1/INFO]: [Forbric/Fluid] LiquidBlock.getFluid() now answers the field vanilla's constructor sets, then the supplier — it threw for vanilla water and lava
[08:30:11] [pool-3-thread-1/INFO]: [Forbric/Merge] net.minecraft.world.level.block.FenceGateBlock carried 2 duplicated lambda name(s) from the byte merge — dropped 2 orphaned bod(ies) so a mixin selecting by name cannot bind to the half that lost: lambda$static$1(Lcom/mojang/serialization/codecs/RecordCodecBuilder$Instance;)Lcom/mojang/datafixers/kinds/App;, lambda$static$0(Lnet/minecraft/world/level/block/FenceGateBlock;)Lnet/minecraft/world/level/block/state/properties/WoodType;
[08:30:11] [pool-3-thread-1/INFO]: [Forbric/Composter] net.minecraft.world.level.block.ComposterBlock asks vanilla's compostables map (entries added or changed after bootstrap) where NeoForge's compostables data map has no answer — 3 site(s)
[08:30:12] [pool-3-thread-1/INFO]: [Forbric/FlowerPot] FlowerPotBlock repaired: plant stored by the vanilla constructor yes, lookup over every family's pots yes, addPlant recorded NO
[08:30:12] [pool-3-thread-1/INFO]: [Forbric/Coremod] FlowerPotBlock: 4 field read(s) now go through NeoForge's getter
[08:30:12] [pool-3-thread-1/INFO]: [Forbric/MergedBaseCompat] FeatureFlags now asks the kernel for NeoForge mods' declared feature flags — NeoForge's own loader walks jar contents the kernel's mod files do not carry, so those flags were never registered and a mod asking for its own died in its static initialiser
[08:30:12] [pool-3-thread-1/WARN]: [Forbric/MergedBaseCompat] added Forge FluidType bridge to net.minecraft.world.level.material.EmptyFluid
[08:30:12] [pool-3-thread-1/WARN]: [Forbric/MergedBaseCompat] added Forge FluidType bridge to net.minecraft.world.level.material.WaterFluid$Flowing
[08:30:12] [pool-3-thread-1/WARN]: [Forbric/MergedBaseCompat] added Forge FluidType bridge to net.minecraft.world.level.material.WaterFluid$Source
[08:30:12] [pool-3-thread-1/WARN]: [Forbric/MergedBaseCompat] added Forge FluidType bridge to net.minecraft.world.level.material.LavaFluid$Flowing
[08:30:12] [pool-3-thread-1/WARN]: [Forbric/MergedBaseCompat] added Forge FluidType bridge to net.minecraft.world.level.material.LavaFluid$Source
[08:30:12] [pool-3-thread-1/INFO]: [Forbric/Capabilities] composed MinecraftForge capabilities into net.minecraft.world.level.block.entity.BlockEntity: +9 method(s) — the merge put it under NeoForge's AttachmentHolder, so a Forge mod could neither attach nor read a capability on it
[08:30:12] [pool-3-thread-1/INFO]: [Forbric/MergedBaseCompat] net.minecraft.world.entity.Mob turns radians into degrees by vanilla's folded constant again (2 site(s)) — the merged body divided by pi at run time, which is a different number in the eighth digit and moves every angle computed from a vector
[08:30:12] [pool-3-thread-1/INFO]: [Forbric/MergedBaseCompat] net.minecraft.world.level.block.entity.AbstractFurnaceBlockEntity decides 1 enum switch(es) by direct comparison — javac's $SwitchMap$ holder class for them was MinecraftForge's, and the merge kept NeoForge's class of the same name instead, so the read was a NoSuchFieldError on every Forge ITEM_HANDLER ask of a furnace
[08:30:12] [pool-3-thread-1/INFO]: [Forbric/MergedBaseCompat] AbstractFurnaceBlockEntity.getBurnDuration now asks both ecosystems how long something burns (1 call site) — the merged base kept only MinecraftForge's hook, so NeoForge's FurnaceFuelBurnTimeEvent was posted nowhere, and the Fabric fuel table it never consulted left those fuels burning for zero ticks
[08:30:12] [pool-3-thread-1/INFO]: [Forbric/Fuel] AbstractFurnaceBlockEntity.getFuel hands its freshly built table to fabric-content-registries before caching it — the merged game builds its fuels there, and Fabric's own mixin on the same method may not have attached
[08:30:12] [pool-3-thread-1/INFO]: [Forbric/MergedBaseCompat] net.minecraft.world.level.block.entity.SignBlockEntity turns radians into degrees by vanilla's folded constant again (1 site(s)) — the merged body divided by pi at run time, which is a different number in the eighth digit and moves every angle computed from a vector
[08:30:12] [pool-3-thread-1/INFO]: [Forbric/MergedBaseCompat] net.minecraft.world.entity.projectile.AbstractArrow turns radians into degrees by vanilla's folded constant again (5 site(s)) — the merged body divided by pi at run time, which is a different number in the eighth digit and moves every angle computed from a vector
[08:30:12] [pool-3-thread-1/INFO]: [Forbric/MergedBaseCompat] net.minecraft.world.entity.projectile.Projectile turns radians into degrees by vanilla's folded constant again (6 site(s)) — the merged body divided by pi at run time, which is a different number in the eighth digit and moves every angle computed from a vector
[08:30:12] [pool-3-thread-1/WARN]: [Forbric/MergedBaseCompat] routed net.minecraft.world.item.ItemStack's block-placement hook to NeoForge — the merged Level.capturedBlockSnapshots holds NeoForge BlockSnapshots, so MinecraftForge's hook threw ClassCastException on every block placed
[08:30:12] [pool-3-thread-1/INFO]: [Forbric/MergedBaseCompat] ItemStack.forEachModifier now asks NeoForge what an item's attributes are instead of reading the raw component — the merge took NeoForge's canGlide, which reads an attribute only NeoForge's ItemAttributeModifierEvent ever sets, and vanilla's reader, which never posts it. Elytra flight was the visible half of that
[08:30:12] [pool-3-thread-1/WARN]: [Forbric/TooltipOrder] net.minecraft.world.item.ItemStack has no addDetailsToTooltip(Lnet/minecraft/world/item/Item$TooltipContext;Lnet/minecraft/world/item/component/TooltipDisplay;Lnet/minecraft/world/entity/player/Player;Lnet/minecraft/world/item/TooltipFlag;Ljava/util/function/Consumer;)V — the seam has drifted
[08:30:12] [pool-3-thread-1/INFO]: [Forbric/Merge] net.minecraft.world.item.ItemStack carried 2 duplicated lambda name(s) from the byte merge — dropped 2 orphaned bod(ies) so a mixin selecting by name cannot bind to the half that lost: lambda$lenientOptionalFieldOf$20(Lnet/minecraft/world/item/ItemStack;)Ljava/util/Optional;, lambda$validateComponents$14(II)Ljava/lang/String;
[08:30:12] [pool-3-thread-1/INFO]: [Forbric/Item] ItemStack.useOn posts NeoForge's UseItemOnBlockEvent (ITEM_AFTER_BLOCK) again, and its Item.useOn call is one Fabric's ItemEvents.USE_ON can wrap
[08:30:12] [pool-3-thread-1/INFO]: [Forbric/Worldgen] Biome's modified view now yields to a climate or effects replaced after NeoForge's pass, as those writes count on Fabric
[08:30:12] [pool-3-thread-1/WARN]: [Mixin/mixin] Method overwrite conflict for getTemperature in modernfix-modernfix.mixins.json:perf.remove_biome_temperature_cache.BiomeMixin from mod modernfix, previously written by net.caffeinemc.mods.lithium.mixin.world.temperature_cache.BiomeMixin. Skipping method.
[08:30:12] [pool-3-thread-1/INFO]: [Forbric/Coremod] Biome: 20 field read(s) now go through NeoForge's getter
[08:30:12] [pool-3-thread-1/INFO]: [Forbric/MergedBaseCompat] net.minecraft.world.entity.boss.wither.WitherBoss turns radians into degrees by vanilla's folded constant again (2 site(s)) — the merged body divided by pi at run time, which is a different number in the eighth digit and moves every angle computed from a vector
[08:30:12] [pool-3-thread-1/INFO]: [Forbric/Composter] net.minecraft.world.level.block.ComposterBlock$InputContainer asks vanilla's compostables map (entries added or changed after bootstrap) where NeoForge's compostables data map has no answer — 1 site(s)
[08:30:12] [pool-3-thread-1/INFO]: [Forbric/Coremod] Tadpole: 1 finalizeSpawn call(s) now post both families' events and finalize once
[08:30:13] [pool-3-thread-1/INFO]: [Forbric/Merge] net.minecraft.resources.HolderSetCodec carried 5 duplicated lambda name(s) from the byte merge — dropped 5 orphaned bod(ies) so a mixin selecting by name cannot bind to the half that lost: lambda$decode$8(Lnet/minecraft/core/HolderGetter;Lcom/mojang/datafixers/util/Either;)Lcom/mojang/serialization/DataResult;, lambda$decode$7(Ljava/util/List;)Lcom/mojang/serialization/DataResult;, lambda$decode$6(Lnet/minecraft/core/HolderGetter;Lnet/minecraft/tags/TagKey;)Lcom/mojang/serialization/DataResult;, lambda$decode$5(Lnet/minecraftforge/registries/holdersets/ICustomHolderSet;)Lcom/mojang/serialization/DataResult;, lambda$new$3()Lcom/mojang/serialization/Codec;
[08:30:13] [pool-3-thread-1/INFO]: [Forbric/RegistrySync] net.neoforged.neoforge.registries.RegistryManager.revertToFrozen() now restores the kernel's own pre-connection snapshot
[08:30:13] [pool-3-thread-1/INFO]: [Forbric/RegistrySync] flushing the Forge-wrapped registries' staged ids at 2 return(s) of net.neoforged.neoforge.registries.RegistryManager.applySnapshot
[08:30:13] [pool-3-thread-1/INFO]: [Forbric/MergedBaseCompat] net.minecraft.server.level.ServerPlayer turns radians into degrees by vanilla's folded constant again (1 site(s)) — the merged body divided by pi at run time, which is a different number in the eighth digit and moves every angle computed from a vector
[08:30:13] [pool-3-thread-1/INFO]: [Forbric/Merge] net.minecraft.server.level.ServerPlayer carried 1 duplicated lambda name(s) from the byte merge — dropped 1 orphaned bod(ies) so a mixin selecting by name cannot bind to the half that lost: lambda$startSleepInBed$13(Lnet/minecraft/util/Unit;)V
[08:30:13] [pool-3-thread-1/INFO]: [Forbric/Merge] net.minecraft.world.level.chunk.ChunkAccess carried 2 duplicated lambda name(s) from the byte merge — dropped 2 orphaned bod(ies) so a mixin selecting by name cannot bind to the half that lost: lambda$findBlocks$4(Ljava/util/function/BiPredicate;Lnet/minecraft/world/level/block/state/BlockState;)Z, lambda$findBlockLightSources$2(Lnet/minecraft/world/level/block/state/BlockState;Lnet/minecraft/core/BlockPos;)Z
[08:30:13] [pool-3-thread-1/WARN]: [Forbric/Capabilities] LevelChunk.<init> has 0 unsavedListener store(s) and 1 return(s), not one each — capProvider stays null
[08:30:13] [pool-3-thread-1/INFO]: [Forbric/Loot] a loot table pool's forge:condition is now judged, as MinecraftForge's LootTable judges it
[08:30:13] [pool-3-thread-1/INFO]: [Forbric/Item] CommonHooks.onPlaceItemIntoWorld calls Item.useOn through ItemStack, where Fabric's ItemEvents.USE_ON wraps it
[08:30:13] [pool-3-thread-1/INFO]: [Forbric/EnumExt] net.minecraft.world.level.pathfinder.PathType can be extended again — its create(...) was a stub that threw "Enum not extended", usually from a mod's static initialiser, which kills the mod outright
[08:30:13] [pool-3-thread-1/INFO]: [Forbric/EnumExt] net.minecraft.world.entity.MobCategory can be extended again — its create(...) was a stub that threw "Enum not extended", usually from a mod's static initialiser, which kills the mod outright
[08:30:13] [pool-3-thread-1/INFO]: [Forbric/WidenedFields] net.minecraft.world.entity.ai.goal.RangedBowAttackGoal: vanilla-descriptor twin mob:Lnet/minecraft/world/entity/monster/Monster; beside the merged Lnet/minecraft/world/entity/Mob; (1 write(s), 0 drain(s)) — the merge re-typed the field, and a JVM field is its name AND its descriptor
[08:30:13] [pool-3-thread-1/INFO]: [Forbric/Coremod] Spider: 1 finalizeSpawn call(s) now post both families' events and finalize once
[08:30:13] [pool-3-thread-1/INFO]: [Forbric/Coremod] Zombie: 3 finalizeSpawn call(s) now post both families' events and finalize once
[08:30:13] [pool-3-thread-1/INFO]: [Forbric/Coremod] ZombieVillager: 1 finalizeSpawn call(s) now post both families' events and finalize once
[08:30:13] [pool-3-thread-1/INFO]: [Forbric/Entity] EnderDragon answers NeoForge's getParts() with its parts — it answered null, and adding a dragon threw
[08:30:13] [pool-3-thread-1/INFO]: [Forbric/Coremod] Evoker$EvokerSummonSpellGoal: 1 finalizeSpawn call(s) now post both families' events and finalize once
[08:30:13] [pool-3-thread-1/INFO]: [Forbric/MergedBaseCompat] net.minecraft.world.entity.animal.Fox$FoxPounceGoal turns radians into degrees by vanilla's folded constant again (1 site(s)) — the merged body divided by pi at run time, which is a different number in the eighth digit and moves every angle computed from a vector
[08:30:13] [pool-3-thread-1/INFO]: [Forbric/Merge] net.minecraft.world.entity.animal.MushroomCow carried 1 duplicated lambda name(s) from the byte merge — dropped 1 orphaned bod(ies) so a mixin selecting by name cannot bind to the half that lost: lambda$shear$0(Lnet/minecraft/world/item/ItemStack;)V
[08:30:13] [pool-3-thread-1/INFO]: [Forbric/WidenedFields] net.minecraft.world.entity.ai.goal.RangedCrossbowAttackGoal: vanilla-descriptor twin mob:Lnet/minecraft/world/entity/monster/Monster; beside the merged Lnet/minecraft/world/entity/Mob; (1 write(s), 0 drain(s)) — the merge re-typed the field, and a JVM field is its name AND its descriptor
[08:30:13] [pool-3-thread-1/INFO]: [Forbric/MergedBaseCompat] net.minecraft.world.entity.animal.Rabbit turns radians into degrees by vanilla's folded constant again (1 site(s)) — the merged body divided by pi at run time, which is a different number in the eighth digit and moves every angle computed from a vector
[08:30:13] [pool-3-thread-1/INFO]: [Forbric/MergedBaseCompat] net.minecraft.world.entity.monster.Shulker$ShulkerLookControl turns radians into degrees by vanilla's folded constant again (1 site(s)) — the merged body divided by pi at run time, which is a different number in the eighth digit and moves every angle computed from a vector
[08:30:13] [pool-3-thread-1/INFO]: [Forbric/Coremod] SkeletonTrapGoal: 2 finalizeSpawn call(s) now post both families' events and finalize once
[08:30:13] [pool-3-thread-1/INFO]: [Forbric/MergedBaseCompat] BaseSpawner finalization routed through the kernel (1 call site(s)); the input injector supplies the Forge event's actual ValueInput
[08:30:13] [pool-3-thread-1/INFO]: [Forbric/Spawner] finalization now supplies the proven spawn tag before both event families decide
[08:30:13] [pool-3-thread-1/INFO]: [Forbric/Spawner] put checkSpawnRules/checkSpawnObstruction back into net.minecraft.world.level.BaseSpawner at 1 call site(s), after NeoForge's PositionCheck event as its hook ran them, so a Fabric mixin redirecting them binds
[08:30:13] [pool-3-thread-1/INFO]: [Forbric/Coremod] Strider: 1 finalizeSpawn call(s) now post both families' events and finalize once
[08:30:13] [pool-3-thread-1/INFO]: [Forbric/Coremod] Villager: 2 finalizeSpawn call(s) now post both families' events and finalize once
[08:30:13] [pool-3-thread-1/INFO]: [Forbric/MergedBaseCompat] EntityDataSerializers.registerSerializer routes a foreign ecosystem's registration into NeoForge's synced registry — the merged base's guard refuses every caller but the class itself, so a Fabric guest's entrypoint died before any of its registrations ran (Cobblemon: 0/43 custom registries, and 86 worldgen/processor_list files unparseable behind it)
[08:30:13] [pool-3-thread-1/INFO]: [Forbric/MergedBaseCompat] net.minecraft.world.entity.projectile.FishingHook turns radians into degrees by vanilla's folded constant again (2 site(s)) — the merged body divided by pi at run time, which is a different number in the eighth digit and moves every angle computed from a vector
[08:30:13] [pool-3-thread-1/WARN]: [Forbric/MergedBaseCompat] gave Ingredient.INVALIDATION_COUNTER the counter the merge dropped — without it every TagsUpdated post NPEs in Ingredient.invalidateAll and a quick-played world never opens
[08:30:13] [pool-3-thread-1/WARN]: [Forbric/MergedBaseCompat] Ingredient.CODEC is not stored straight from NeoForge's IngredientCodecs.codec — leaving it alone rather than wrapping an unrecognised shape
[08:30:13] [pool-3-thread-1/INFO]: [Forbric/Merge] net.minecraft.world.item.crafting.Ingredient carried 4 duplicated lambda name(s) from the byte merge — dropped 4 orphaned bod(ies) so a mixin selecting by name cannot bind to the half that lost: lambda$codec$9(ZLnet/minecraft/world/item/crafting/Ingredient;)Lcom/mojang/serialization/DataResult;, lambda$codec$8()Ljava/lang/String;, lambda$codec$7(Lcom/mojang/datafixers/util/Either;)Lnet/minecraft/world/item/crafting/Ingredient;, lambda$codec$6(Lnet/minecraft/world/item/crafting/Ingredient$Value;)Lnet/minecraft/world/item/crafting/Ingredient;
[08:30:13] [pool-3-thread-1/INFO]: [Forbric/EnumExt] net.minecraft.world.item.AnimalArmorItem$BodyType can be extended again — its create(...) was a stub that threw "Enum not extended", usually from a mod's static initialiser, which kills the mod outright
[08:30:13] [pool-3-thread-1/INFO]: [Forbric/Item] ForgeHooks.onPlaceItemIntoWorld calls Item.useOn through ItemStack, where Fabric's ItemEvents.USE_ON wraps it
[08:30:13] [pool-3-thread-1/WARN]: [Forbric/MergedBaseCompat] gave net.minecraftforge.event.GrindstoneEvent$OnTakeItem the no-arg constructor EventBus 6 instantiates — without it every post through its hierarchy threw "Error computing listener list"
[08:30:13] [pool-3-thread-1/WARN]: [Forbric/MergedBaseCompat] gave net.minecraftforge.event.GrindstoneEvent the no-arg constructor EventBus 6 instantiates — without it every post through its hierarchy threw "Error computing listener list"
[08:30:13] [pool-3-thread-1/WARN]: [Forbric/MergedBaseCompat] gave net.minecraftforge.event.ModMismatchEvent the no-arg constructor EventBus 6 instantiates — without it every post through its hierarchy threw "Error computing listener list"
[08:30:13] [pool-3-thread-1/WARN]: [Forbric/MergedBaseCompat] gave net.minecraftforge.event.entity.living.EnderManAngerEvent the no-arg constructor EventBus 6 instantiates — without it every post through its hierarchy threw "Error computing listener list"
[08:30:13] [pool-3-thread-1/WARN]: [Forbric/MergedBaseCompat] gave net.minecraftforge.event.ServerChatEvent the no-arg constructor EventBus 6 instantiates — without it every post through its hierarchy threw "Error computing listener list"
[08:30:13] [pool-3-thread-1/WARN]: [Forbric/MergedBaseCompat] gave net.minecraftforge.event.entity.living.LivingEvent$LivingVisibilityEvent the no-arg constructor EventBus 6 instantiates — without it every post through its hierarchy threw "Error computing listener list"
[08:30:13] [pool-3-thread-1/WARN]: [Forbric/MergedBaseCompat] gave net.minecraftforge.event.BuildCreativeModeTabContentsEvent the no-arg constructor EventBus 6 instantiates — without it every post through its hierarchy threw "Error computing listener list"
[08:30:13] [pool-3-thread-1/WARN]: [Forbric/MergedBaseCompat] gave net.minecraftforge.event.level.BlockEvent$CropGrowEvent$Post the no-arg constructor EventBus 6 instantiates — without it every post through its hierarchy threw "Error computing listener list"
[08:30:13] [pool-3-thread-1/WARN]: [Forbric/MergedBaseCompat] gave net.minecraftforge.event.level.BlockEvent$CropGrowEvent the no-arg constructor EventBus 6 instantiates — without it every post through its hierarchy threw "Error computing listener list"
[08:30:13] [pool-3-thread-1/WARN]: [Forbric/MergedBaseCompat] gave net.minecraftforge.event.entity.player.PlayerEvent$PlayerChangeGameModeEvent the no-arg constructor EventBus 6 instantiates — without it every post through its hierarchy threw "Error computing listener list"
[08:30:13] [pool-3-thread-1/WARN]: [Forbric/MergedBaseCompat] gave net.minecraftforge.event.entity.player.AttackEntityEvent the no-arg constructor EventBus 6 instantiates — without it every post through its hierarchy threw "Error computing listener list"
[08:30:13] [pool-3-thread-1/WARN]: [Forbric/MergedBaseCompat] gave net.minecraftforge.event.entity.living.LivingMakeBrainEvent the no-arg constructor EventBus 6 instantiates — without it every post through its hierarchy threw "Error computing listener list"
[08:30:13] [pool-3-thread-1/WARN]: [Forbric/MergedBaseCompat] gave net.minecraftforge.event.entity.living.LivingUseTotemEvent the no-arg constructor EventBus 6 instantiates — without it every post through its hierarchy threw "Error computing listener list"
[08:30:13] [pool-3-thread-1/WARN]: [Forbric/MergedBaseCompat] gave net.minecraftforge.event.entity.item.ItemTossEvent the no-arg constructor EventBus 6 instantiates — without it every post through its hierarchy threw "Error computing listener list"
[08:30:13] [pool-3-thread-1/WARN]: [Forbric/MergedBaseCompat] gave net.minecraftforge.event.entity.item.ItemEvent the no-arg constructor EventBus 6 instantiates — without it every post through its hierarchy threw "Error computing listener list"
[08:30:13] [pool-3-thread-1/WARN]: [Forbric/MergedBaseCompat] gave net.minecraftforge.event.network.CustomPayloadEvent the no-arg constructor EventBus 6 instantiates — without it every post through its hierarchy threw "Error computing listener list"
[08:30:13] [pool-3-thread-1/WARN]: [Forbric/MergedBaseCompat] gave net.minecraftforge.event.RegisterStructureConversionsEvent the no-arg constructor EventBus 6 instantiates — without it every post through its hierarchy threw "Error computing listener list"
[08:30:13] [pool-3-thread-1/WARN]: [Forbric/MergedBaseCompat] gave net.minecraftforge.event.entity.EntityAttributeCreationEvent the no-arg constructor EventBus 6 instantiates — without it every post through its hierarchy threw "Error computing listener list"
[08:30:13] [pool-3-thread-1/WARN]: [Forbric/MergedBaseCompat] gave net.minecraftforge.event.entity.EntityAttributeModificationEvent the no-arg constructor EventBus 6 instantiates — without it every post through its hierarchy threw "Error computing listener list"
[08:30:13] [pool-3-thread-1/WARN]: [Forbric/MergedBaseCompat] gave net.minecraftforge.event.level.BlockEvent$CropGrowEvent$Pre the no-arg constructor EventBus 6 instantiates — without it every post through its hierarchy threw "Error computing listener list"
[08:30:13] [pool-3-thread-1/WARN]: [Forbric/MergedBaseCompat] gave net.minecraftforge.event.level.NoteBlockEvent$Change the no-arg constructor EventBus 6 instantiates — without it every post through its hierarchy threw "Error computing listener list"
[08:30:13] [pool-3-thread-1/WARN]: [Forbric/MergedBaseCompat] gave net.minecraftforge.event.level.NoteBlockEvent the no-arg constructor EventBus 6 instantiates — without it every post through its hierarchy threw "Error computing listener list"
[08:30:14] [pool-3-thread-1/WARN]: [Forbric/MergedBaseCompat] gave net.minecraftforge.event.entity.living.LivingEvent$LivingJumpEvent the no-arg constructor EventBus 6 instantiates — without it every post through its hierarchy threw "Error computing listener list"
[08:30:14] [pool-3-thread-1/WARN]: [Forbric/MergedBaseCompat] gave net.minecraftforge.event.entity.living.LivingAttackEvent the no-arg constructor EventBus 6 instantiates — without it every post through its hierarchy threw "Error computing listener list"
[08:30:14] [pool-3-thread-1/WARN]: [Forbric/MergedBaseCompat] gave net.minecraftforge.event.entity.living.LivingGetProjectileEvent the no-arg constructor EventBus 6 instantiates — without it every post through its hierarchy threw "Error computing listener list"
[08:30:14] [pool-3-thread-1/WARN]: [Forbric/MergedBaseCompat] gave net.minecraftforge.event.entity.living.LivingHurtEvent the no-arg constructor EventBus 6 instantiates — without it every post through its hierarchy threw "Error computing listener list"
[08:30:14] [pool-3-thread-1/WARN]: [Forbric/MergedBaseCompat] gave net.minecraftforge.event.entity.living.LivingDamageEvent the no-arg constructor EventBus 6 instantiates — without it every post through its hierarchy threw "Error computing listener list"
[08:30:14] [pool-3-thread-1/WARN]: [Forbric/MergedBaseCompat] gave net.minecraftforge.event.entity.EntityTeleportEvent$SpreadPlayersCommand the no-arg constructor EventBus 6 instantiates — without it every post through its hierarchy threw "Error computing listener list"
[08:30:14] [pool-3-thread-1/WARN]: [Forbric/MergedBaseCompat] gave net.minecraftforge.event.entity.EntityTeleportEvent the no-arg constructor EventBus 6 instantiates — without it every post through its hierarchy threw "Error computing listener list"
[08:30:14] [pool-3-thread-1/WARN]: [Forbric/MergedBaseCompat] gave net.minecraftforge.event.GatherComponentsEvent$Item the no-arg constructor EventBus 6 instantiates — without it every post through its hierarchy threw "Error computing listener list"
[08:30:14] [pool-3-thread-1/WARN]: [Forbric/MergedBaseCompat] gave net.minecraftforge.event.GatherComponentsEvent the no-arg constructor EventBus 6 instantiates — without it every post through its hierarchy threw "Error computing listener list"
[08:30:14] [pool-3-thread-1/WARN]: [Forbric/MergedBaseCompat] gave net.minecraftforge.event.level.BlockEvent$FluidPlaceBlockEvent the no-arg constructor EventBus 6 instantiates — without it every post through its hierarchy threw "Error computing listener list"
[08:30:14] [pool-3-thread-1/WARN]: [Forbric/MergedBaseCompat] gave net.minecraftforge.event.entity.EntityStruckByLightningEvent the no-arg constructor EventBus 6 instantiates — without it every post through its hierarchy threw "Error computing listener list"
[08:30:14] [pool-3-thread-1/WARN]: [Forbric/MergedBaseCompat] gave net.minecraftforge.event.entity.ProjectileImpactEvent the no-arg constructor EventBus 6 instantiates — without it every post through its hierarchy threw "Error computing listener list"
[08:30:14] [pool-3-thread-1/WARN]: [Forbric/MergedBaseCompat] gave net.minecraftforge.event.level.ChunkTicketLevelUpdatedEvent the no-arg constructor EventBus 6 instantiates — without it every post through its hierarchy threw "Error computing listener list"
[08:30:14] [pool-3-thread-1/WARN]: [Forbric/MergedBaseCompat] gave net.minecraftforge.event.entity.EntityTeleportEvent$TeleportCommand the no-arg constructor EventBus 6 instantiates — without it every post through its hierarchy threw "Error computing listener list"
[08:30:14] [pool-3-thread-1/WARN]: [Forbric/MergedBaseCompat] gave net.minecraftforge.event.entity.player.PlayerEvent$ItemPickupEvent the no-arg constructor EventBus 6 instantiates — without it every post through its hierarchy threw "Error computing listener list"
[08:30:14] [pool-3-thread-1/WARN]: [Forbric/MergedBaseCompat] gave net.minecraftforge.event.entity.player.PlayerEvent$ItemCraftedEvent the no-arg constructor EventBus 6 instantiates — without it every post through its hierarchy threw "Error computing listener list"
[08:30:14] [pool-3-thread-1/WARN]: [Forbric/MergedBaseCompat] gave net.minecraftforge.event.network.ChannelRegistrationChangeEvent the no-arg constructor EventBus 6 instantiates — without it every post through its hierarchy threw "Error computing listener list"
[08:30:14] [pool-3-thread-1/WARN]: [Forbric/MergedBaseCompat] gave net.minecraftforge.event.entity.living.LivingEquipmentChangeEvent the no-arg constructor EventBus 6 instantiates — without it every post through its hierarchy threw "Error computing listener list"
[08:30:14] [pool-3-thread-1/WARN]: [Forbric/MergedBaseCompat] gave net.minecraftforge.event.entity.living.LivingChangeTargetEvent the no-arg constructor EventBus 6 instantiates — without it every post through its hierarchy threw "Error computing listener list"
[08:30:14] [pool-3-thread-1/WARN]: [Forbric/MergedBaseCompat] gave net.minecraftforge.event.entity.player.TradeWithVillagerEvent the no-arg constructor EventBus 6 instantiates — without it every post through its hierarchy threw "Error computing listener list"
[08:30:14] [pool-3-thread-1/WARN]: [Forbric/MergedBaseCompat] gave net.minecraftforge.event.entity.player.PlayerEvent$TabListNameFormat the no-arg constructor EventBus 6 instantiates — without it every post through its hierarchy threw "Error computing listener list"
[08:30:14] [pool-3-thread-1/WARN]: [Forbric/MergedBaseCompat] gave net.minecraftforge.event.entity.player.SleepingLocationCheckEvent the no-arg constructor EventBus 6 instantiates — without it every post through its hierarchy threw "Error computing listener list"
[08:30:14] [pool-3-thread-1/WARN]: [Forbric/MergedBaseCompat] gave net.minecraftforge.event.entity.player.PlayerEvent$PlayerChangedDimensionEvent the no-arg constructor EventBus 6 instantiates — without it every post through its hierarchy threw "Error computing listener list"
[08:30:14] [pool-3-thread-1/WARN]: [Forbric/MergedBaseCompat] gave net.minecraftforge.event.brewing.BrewingRecipeRegisterEvent the no-arg constructor EventBus 6 instantiates — without it every post through its hierarchy threw "Error computing listener list"
[08:30:14] [pool-3-thread-1/WARN]: [Forbric/MergedBaseCompat] gave net.minecraftforge.event.entity.living.MobSpawnEvent$PositionCheck the no-arg constructor EventBus 6 instantiates — without it every post through its hierarchy threw "Error computing listener list"
[08:30:14] [pool-3-thread-1/WARN]: [Forbric/MergedBaseCompat] gave net.minecraftforge.event.entity.living.MobSpawnEvent the no-arg constructor EventBus 6 instantiates — without it every post through its hierarchy threw "Error computing listener list"
[08:30:14] [pool-3-thread-1/WARN]: [Forbric/MergedBaseCompat] gave net.minecraftforge.event.entity.living.ZombieEvent$SummonAidEvent the no-arg constructor EventBus 6 instantiates — without it every post through its hierarchy threw "Error computing listener list"
[08:30:14] [pool-3-thread-1/WARN]: [Forbric/MergedBaseCompat] gave net.minecraftforge.event.entity.living.ZombieEvent the no-arg constructor EventBus 6 instantiates — without it every post through its hierarchy threw "Error computing listener list"
[08:30:14] [pool-3-thread-1/WARN]: [Forbric/MergedBaseCompat] gave net.minecraftforge.event.entity.EntityTeleportEvent$EnderPearl the no-arg constructor EventBus 6 instantiates — without it every post through its hierarchy threw "Error computing listener list"
[08:30:14] [pool-3-thread-1/WARN]: [Forbric/MergedBaseCompat] gave net.minecraftforge.event.entity.EntityTeleportEvent$EnderEntity the no-arg constructor EventBus 6 instantiates — without it every post through its hierarchy threw "Error computing listener list"
[08:30:14] [pool-3-thread-1/WARN]: [Forbric/MergedBaseCompat] gave net.minecraftforge.event.entity.living.LootingLevelEvent the no-arg constructor EventBus 6 instantiates — without it every post through its hierarchy threw "Error computing listener list"
[08:30:14] [pool-3-thread-1/WARN]: [Forbric/MergedBaseCompat] gave net.minecraftforge.event.entity.EntityMobGriefingEvent the no-arg constructor EventBus 6 instantiates — without it every post through its hierarchy threw "Error computing listener list"
[08:30:14] [pool-3-thread-1/WARN]: [Forbric/MergedBaseCompat] gave net.minecraftforge.event.entity.living.MobSpawnEvent$SpawnPlacementCheck the no-arg constructor EventBus 6 instantiates — without it every post through its hierarchy threw "Error computing listener list"
[08:30:14] [pool-3-thread-1/WARN]: [Forbric/MergedBaseCompat] gave net.minecraftforge.event.entity.living.MobSpawnEvent$FinalizeSpawn the no-arg constructor EventBus 6 instantiates — without it every post through its hierarchy threw "Error computing listener list"
[08:30:14] [pool-3-thread-1/WARN]: [Forbric/MergedBaseCompat] gave net.minecraftforge.event.entity.living.MobSpawnEvent$AllowDespawn the no-arg constructor EventBus 6 instantiates — without it every post through its hierarchy threw "Error computing listener list"
[08:30:14] [pool-3-thread-1/WARN]: [Forbric/MergedBaseCompat] gave net.minecraftforge.event.entity.living.LivingPackSizeEvent the no-arg constructor EventBus 6 instantiates — without it every post through its hierarchy threw "Error computing listener list"
[08:30:14] [pool-3-thread-1/WARN]: [Forbric/MergedBaseCompat] gave net.minecraftforge.event.entity.player.PlayerEvent$LoadFromFile the no-arg constructor EventBus 6 instantiates — without it every post through its hierarchy threw "Error computing listener list"
[08:30:14] [pool-3-thread-1/WARN]: [Forbric/MergedBaseCompat] gave net.minecraftforge.event.entity.player.PlayerEvent$SaveToFile the no-arg constructor EventBus 6 instantiates — without it every post through its hierarchy threw "Error computing listener list"
[08:30:14] [pool-3-thread-1/WARN]: [Forbric/MergedBaseCompat] gave net.minecraftforge.event.entity.player.BonemealEvent the no-arg constructor EventBus 6 instantiates — without it every post through its hierarchy threw "Error computing listener list"
[08:30:14] [pool-3-thread-1/WARN]: [Forbric/MergedBaseCompat] gave net.minecraftforge.event.entity.player.PlayerXpEvent$PickupXp the no-arg constructor EventBus 6 instantiates — without it every post through its hierarchy threw "Error computing listener list"
[08:30:14] [pool-3-thread-1/WARN]: [Forbric/MergedBaseCompat] gave net.minecraftforge.event.entity.player.PlayerXpEvent the no-arg constructor EventBus 6 instantiates — without it every post through its hierarchy threw "Error computing listener list"
[08:30:14] [pool-3-thread-1/WARN]: [Forbric/MergedBaseCompat] gave net.minecraftforge.event.entity.player.PlayerSleepInBedEvent the no-arg constructor EventBus 6 instantiates — without it every post through its hierarchy threw "Error computing listener list"
[08:30:14] [pool-3-thread-1/WARN]: [Forbric/MergedBaseCompat] gave net.minecraftforge.event.entity.player.PlayerSpawnPhantomsEvent the no-arg constructor EventBus 6 instantiates — without it every post through its hierarchy threw "Error computing listener list"
[08:30:14] [pool-3-thread-1/WARN]: [Forbric/MergedBaseCompat] gave net.minecraftforge.event.brewing.PlayerBrewedPotionEvent the no-arg constructor EventBus 6 instantiates — without it every post through its hierarchy threw "Error computing listener list"
[08:30:14] [pool-3-thread-1/WARN]: [Forbric/MergedBaseCompat] gave net.minecraftforge.event.entity.player.SleepingTimeCheckEvent the no-arg constructor EventBus 6 instantiates — without it every post through its hierarchy threw "Error computing listener list"
[08:30:14] [pool-3-thread-1/WARN]: [Forbric/MergedBaseCompat] gave net.minecraftforge.event.level.SaplingGrowTreeEvent the no-arg constructor EventBus 6 instantiates — without it every post through its hierarchy threw "Error computing listener list"
[08:30:14] [pool-3-thread-1/WARN]: [Forbric/MergedBaseCompat] gave net.minecraftforge.event.level.LevelEvent the no-arg constructor EventBus 6 instantiates — without it every post through its hierarchy threw "Error computing listener list"
[08:30:14] [pool-3-thread-1/WARN]: [Forbric/MergedBaseCompat] gave net.minecraftforge.event.level.ChunkWatchEvent$UnWatch the no-arg constructor EventBus 6 instantiates — without it every post through its hierarchy threw "Error computing listener list"
[08:30:14] [pool-3-thread-1/WARN]: [Forbric/MergedBaseCompat] gave net.minecraftforge.event.level.ChunkWatchEvent the no-arg constructor EventBus 6 instantiates — without it every post through its hierarchy threw "Error computing listener list"
[08:30:14] [pool-3-thread-1/WARN]: [Forbric/MergedBaseCompat] gave net.minecraftforge.event.entity.player.PlayerEvent$ItemSmeltedEvent the no-arg constructor EventBus 6 instantiates — without it every post through its hierarchy threw "Error computing listener list"
[08:30:14] [pool-3-thread-1/WARN]: [Forbric/MergedBaseCompat] gave net.minecraftforge.event.level.LevelEvent$PotentialSpawns the no-arg constructor EventBus 6 instantiates — without it every post through its hierarchy threw "Error computing listener list"
[08:30:14] [pool-3-thread-1/WARN]: [Forbric/MergedBaseCompat] gave net.minecraftforge.event.entity.player.AdvancementEvent$AdvancementEarnEvent the no-arg constructor EventBus 6 instantiates — without it every post through its hierarchy threw "Error computing listener list"
[08:30:14] [pool-3-thread-1/WARN]: [Forbric/MergedBaseCompat] gave net.minecraftforge.event.entity.player.AdvancementEvent the no-arg constructor EventBus 6 instantiates — without it every post through its hierarchy threw "Error computing listener list"
[08:30:14] [pool-3-thread-1/WARN]: [Forbric/MergedBaseCompat] gave net.minecraftforge.event.entity.player.AdvancementEvent$AdvancementProgressEvent the no-arg constructor EventBus 6 instantiates — without it every post through its hierarchy threw "Error computing listener list"
[08:30:14] [pool-3-thread-1/WARN]: [Forbric/MergedBaseCompat] gave net.minecraftforge.event.entity.EntityEvent$EntityConstructing the no-arg constructor EventBus 6 instantiates — without it every post through its hierarchy threw "Error computing listener list"
[08:30:14] [pool-3-thread-1/WARN]: [Forbric/MergedBaseCompat] gave net.minecraftforge.event.entity.player.PlayerContainerEvent$Close the no-arg constructor EventBus 6 instantiates — without it every post through its hierarchy threw "Error computing listener list"
[08:30:14] [pool-3-thread-1/WARN]: [Forbric/MergedBaseCompat] gave net.minecraftforge.event.entity.player.PlayerContainerEvent the no-arg constructor EventBus 6 instantiates — without it every post through its hierarchy threw "Error computing listener list"
[08:30:14] [pool-3-thread-1/WARN]: [Forbric/MergedBaseCompat] gave net.minecraftforge.event.level.ChunkDataEvent$Save the no-arg constructor EventBus 6 instantiates — without it every post through its hierarchy threw "Error computing listener list"
[08:30:14] [pool-3-thread-1/WARN]: [Forbric/MergedBaseCompat] gave net.minecraftforge.event.level.ChunkDataEvent the no-arg constructor EventBus 6 instantiates — without it every post through its hierarchy threw "Error computing listener list"
[08:30:14] [pool-3-thread-1/WARN]: [Forbric/MergedBaseCompat] gave net.minecraftforge.event.level.ChunkEvent the no-arg constructor EventBus 6 instantiates — without it every post through its hierarchy threw "Error computing listener list"
[08:30:14] [pool-3-thread-1/WARN]: [Forbric/MergedBaseCompat] gave net.minecraftforge.event.level.ChunkDataEvent$Load the no-arg constructor EventBus 6 instantiates — without it every post through its hierarchy threw "Error computing listener list"
[08:30:14] [pool-3-thread-1/WARN]: [Forbric/MergedBaseCompat] gave net.minecraftforge.event.network.GatherLoginConfigurationTasksEvent the no-arg constructor EventBus 6 instantiates — without it every post through its hierarchy threw "Error computing listener list"
[08:30:14] [pool-3-thread-1/WARN]: [Forbric/MergedBaseCompat] gave net.minecraftforge.event.network.ConnectionStartEvent the no-arg constructor EventBus 6 instantiates — without it every post through its hierarchy threw "Error computing listener list"
[08:30:14] [pool-3-thread-1/WARN]: [Forbric/MergedBaseCompat] gave net.minecraftforge.event.entity.player.PlayerInteractEvent$LeftClickEmpty the no-arg constructor EventBus 6 instantiates — without it every post through its hierarchy threw "Error computing listener list"
[08:30:14] [pool-3-thread-1/WARN]: [Forbric/MergedBaseCompat] gave net.minecraftforge.event.entity.player.PlayerInteractEvent$EntityInteract the no-arg constructor EventBus 6 instantiates — without it every post through its hierarchy threw "Error computing listener list"
[08:30:14] [pool-3-thread-1/WARN]: [Forbric/MergedBaseCompat] gave net.minecraftforge.event.entity.player.PlayerInteractEvent$RightClickEmpty the no-arg constructor EventBus 6 instantiates — without it every post through its hierarchy threw "Error computing listener list"
[08:30:14] [pool-3-thread-1/WARN]: [Forbric/MergedBaseCompat] gave net.minecraftforge.event.entity.living.MobEffectEvent$Remove the no-arg constructor EventBus 6 instantiates — without it every post through its hierarchy threw "Error computing listener list"
[08:30:14] [pool-3-thread-1/WARN]: [Forbric/MergedBaseCompat] gave net.minecraftforge.event.entity.player.ItemFishedEvent the no-arg constructor EventBus 6 instantiates — without it every post through its hierarchy threw "Error computing listener list"
[08:30:14] [pool-3-thread-1/WARN]: [Forbric/MergedBaseCompat] gave net.minecraftforge.event.entity.player.PlayerXpEvent$XpChange the no-arg constructor EventBus 6 instantiates — without it every post through its hierarchy threw "Error computing listener list"
[08:30:14] [pool-3-thread-1/WARN]: [Forbric/MergedBaseCompat] gave net.minecraftforge.event.entity.player.PlayerXpEvent$LevelChange the no-arg constructor EventBus 6 instantiates — without it every post through its hierarchy threw "Error computing listener list"
[08:30:14] [pool-3-thread-1/WARN]: [Forbric/MergedBaseCompat] gave net.minecraftforge.event.ItemStackedOnOtherEvent the no-arg constructor EventBus 6 instantiates — without it every post through its hierarchy threw "Error computing listener list"
[08:30:14] [pool-3-thread-1/WARN]: [Forbric/MergedBaseCompat] gave net.minecraftforge.event.enchanting.EnchantmentLevelSetEvent the no-arg constructor EventBus 6 instantiates — without it every post through its hierarchy threw "Error computing listener list"
[08:30:14] [pool-3-thread-1/WARN]: [Forbric/MergedBaseCompat] gave net.minecraftforge.event.DifficultyChangeEvent the no-arg constructor EventBus 6 instantiates — without it every post through its hierarchy threw "Error computing listener list"
[08:30:14] [pool-3-thread-1/WARN]: [Forbric/MergedBaseCompat] gave net.minecraftforge.event.level.BlockEvent$EntityMultiPlaceEvent the no-arg constructor EventBus 6 instantiates — without it every post through its hierarchy threw "Error computing listener list"
[08:30:14] [pool-3-thread-1/WARN]: [Forbric/MergedBaseCompat] gave net.minecraftforge.event.entity.player.PlayerContainerEvent$Open the no-arg constructor EventBus 6 instantiates — without it every post through its hierarchy threw "Error computing listener list"
[08:30:14] [pool-3-thread-1/WARN]: [Forbric/MergedBaseCompat] gave net.minecraftforge.event.entity.player.PlayerSetSpawnEvent the no-arg constructor EventBus 6 instantiates — without it every post through its hierarchy threw "Error computing listener list"
[08:30:14] [pool-3-thread-1/WARN]: [Forbric/MergedBaseCompat] gave net.minecraftforge.event.entity.EntityTeleportEvent$ChorusFruit the no-arg constructor EventBus 6 instantiates — without it every post through its hierarchy threw "Error computing listener list"
[08:30:14] [pool-3-thread-1/WARN]: [Forbric/MergedBaseCompat] gave net.minecraftforge.event.GrindstoneEvent$OnPlaceItem the no-arg constructor EventBus 6 instantiates — without it every post through its hierarchy threw "Error computing listener list"
[08:30:14] [pool-3-thread-1/WARN]: [Forbric/MergedBaseCompat] gave net.minecraftforge.event.entity.living.LivingDestroyBlockEvent the no-arg constructor EventBus 6 instantiates — without it every post through its hierarchy threw "Error computing listener list"
[08:30:14] [pool-3-thread-1/WARN]: [Forbric/MergedBaseCompat] gave net.minecraftforge.event.level.BlockEvent$CreateFluidSourceEvent the no-arg constructor EventBus 6 instantiates — without it every post through its hierarchy threw "Error computing listener list"
[08:30:14] [pool-3-thread-1/WARN]: [Forbric/MergedBaseCompat] gave net.minecraftforge.event.entity.EntityTravelToDimensionEvent the no-arg constructor EventBus 6 instantiates — without it every post through its hierarchy threw "Error computing listener list"
[08:30:14] [pool-3-thread-1/WARN]: [Forbric/MergedBaseCompat] gave net.minecraftforge.event.entity.player.PlayerDestroyItemEvent the no-arg constructor EventBus 6 instantiates — without it every post through its hierarchy threw "Error computing listener list"
[08:30:14] [pool-3-thread-1/WARN]: [Forbric/MergedBaseCompat] gave net.minecraftforge.event.entity.player.PlayerEvent$NameFormat the no-arg constructor EventBus 6 instantiates — without it every post through its hierarchy threw "Error computing listener list"
[08:30:14] [pool-3-thread-1/WARN]: [Forbric/MergedBaseCompat] gave net.minecraftforge.event.entity.living.LivingBreatheEvent the no-arg constructor EventBus 6 instantiates — without it every post through its hierarchy threw "Error computing listener list"
[08:30:14] [pool-3-thread-1/WARN]: [Forbric/MergedBaseCompat] gave net.minecraftforge.event.entity.player.PlayerEvent$HarvestCheck the no-arg constructor EventBus 6 instantiates — without it every post through its hierarchy threw "Error computing listener list"
[08:30:14] [pool-3-thread-1/WARN]: [Forbric/MergedBaseCompat] gave net.minecraftforge.event.brewing.PotionBrewEvent$Pre the no-arg constructor EventBus 6 instantiates — without it every post through its hierarchy threw "Error computing listener list"
[08:30:14] [pool-3-thread-1/WARN]: [Forbric/MergedBaseCompat] gave net.minecraftforge.event.brewing.PotionBrewEvent the no-arg constructor EventBus 6 instantiates — without it every post through its hierarchy threw "Error computing listener list"
[08:30:14] [pool-3-thread-1/WARN]: [Forbric/MergedBaseCompat] gave net.minecraftforge.event.level.PistonEvent$Pre the no-arg constructor EventBus 6 instantiates — without it every post through its hierarchy threw "Error computing listener list"
[08:30:14] [pool-3-thread-1/WARN]: [Forbric/MergedBaseCompat] gave net.minecraftforge.event.level.PistonEvent the no-arg constructor EventBus 6 instantiates — without it every post through its hierarchy threw "Error computing listener list"
[08:30:14] [pool-3-thread-1/WARN]: [Forbric/MergedBaseCompat] gave net.minecraftforge.event.level.PistonEvent$Post the no-arg constructor EventBus 6 instantiates — without it every post through its hierarchy threw "Error computing listener list"
[08:30:14] [pool-3-thread-1/WARN]: [Forbric/MergedBaseCompat] gave net.minecraftforge.event.level.SleepFinishedTimeEvent the no-arg constructor EventBus 6 instantiates — without it every post through its hierarchy threw "Error computing listener list"
[08:30:14] [pool-3-thread-1/WARN]: [Forbric/MergedBaseCompat] gave net.minecraftforge.event.PlayLevelSoundEvent$AtPosition the no-arg constructor EventBus 6 instantiates — without it every post through its hierarchy threw "Error computing listener list"
[08:30:14] [pool-3-thread-1/WARN]: [Forbric/MergedBaseCompat] gave net.minecraftforge.event.PlayLevelSoundEvent the no-arg constructor EventBus 6 instantiates — without it every post through its hierarchy threw "Error computing listener list"
[08:30:14] [pool-3-thread-1/WARN]: [Forbric/MergedBaseCompat] gave net.minecraftforge.event.PlayLevelSoundEvent$AtEntity the no-arg constructor EventBus 6 instantiates — without it every post through its hierarchy threw "Error computing listener list"
[08:30:14] [pool-3-thread-1/WARN]: [Forbric/MergedBaseCompat] gave net.minecraftforge.event.VanillaGameEvent the no-arg constructor EventBus 6 instantiates — without it every post through its hierarchy threw "Error computing listener list"
[08:30:14] [pool-3-thread-1/WARN]: [Forbric/MergedBaseCompat] gave net.minecraftforge.event.entity.living.LivingKnockBackEvent the no-arg constructor EventBus 6 instantiates — without it every post through its hierarchy threw "Error computing listener list"
[08:30:14] [pool-3-thread-1/WARN]: [Forbric/MergedBaseCompat] gave net.minecraftforge.event.entity.living.LivingEntityUseItemEvent$Finish the no-arg constructor EventBus 6 instantiates — without it every post through its hierarchy threw "Error computing listener list"
[08:30:14] [pool-3-thread-1/WARN]: [Forbric/MergedBaseCompat] gave net.minecraftforge.event.entity.living.LivingEntityUseItemEvent the no-arg constructor EventBus 6 instantiates — without it every post through its hierarchy threw "Error computing listener list"
[08:30:14] [pool-3-thread-1/WARN]: [Forbric/MergedBaseCompat] gave net.minecraftforge.event.entity.player.PlayerEvent$StopTracking the no-arg constructor EventBus 6 instantiates — without it every post through its hierarchy threw "Error computing listener list"
[08:30:14] [pool-3-thread-1/WARN]: [Forbric/MergedBaseCompat] gave net.minecraftforge.event.entity.player.PlayerEvent$StartTracking the no-arg constructor EventBus 6 instantiates — without it every post through its hierarchy threw "Error computing listener list"
[08:30:14] [pool-3-thread-1/WARN]: [Forbric/MergedBaseCompat] gave net.minecraftforge.event.entity.living.LivingConversionEvent$Pre the no-arg constructor EventBus 6 instantiates — without it every post through its hierarchy threw "Error computing listener list"
[08:30:14] [pool-3-thread-1/WARN]: [Forbric/MergedBaseCompat] gave net.minecraftforge.event.entity.living.LivingConversionEvent the no-arg constructor EventBus 6 instantiates — without it every post through its hierarchy threw "Error computing listener list"
[08:30:14] [pool-3-thread-1/WARN]: [Forbric/MergedBaseCompat] gave net.minecraftforge.event.entity.living.MobEffectEvent$Expired the no-arg constructor EventBus 6 instantiates — without it every post through its hierarchy threw "Error computing listener list"
[08:30:14] [pool-3-thread-1/WARN]: [Forbric/MergedBaseCompat] gave net.minecraftforge.event.AddPackFindersEvent the no-arg constructor EventBus 6 instantiates — without it every post through its hierarchy threw "Error computing listener list"
[08:30:14] [pool-3-thread-1/WARN]: [Forbric/MergedBaseCompat] gave net.minecraftforge.event.TickEvent$PlayerTickEvent$Post the no-arg constructor EventBus 6 instantiates — without it every post through its hierarchy threw "Error computing listener list"
[08:30:14] [pool-3-thread-1/WARN]: [Forbric/MergedBaseCompat] gave net.minecraftforge.event.TickEvent$PlayerTickEvent the no-arg constructor EventBus 6 instantiates — without it every post through its hierarchy threw "Error computing listener list"
[08:30:14] [pool-3-thread-1/WARN]: [Forbric/MergedBaseCompat] gave net.minecraftforge.event.TickEvent the no-arg constructor EventBus 6 instantiates — without it every post through its hierarchy threw "Error computing listener list"
[08:30:14] [pool-3-thread-1/WARN]: [Forbric/MergedBaseCompat] gave net.minecraftforge.event.TickEvent$PlayerTickEvent$Pre the no-arg constructor EventBus 6 instantiates — without it every post through its hierarchy threw "Error computing listener list"
[08:30:14] [pool-3-thread-1/WARN]: [Forbric/MergedBaseCompat] gave net.minecraftforge.event.TickEvent$LevelTickEvent$Post the no-arg constructor EventBus 6 instantiates — without it every post through its hierarchy threw "Error computing listener list"
[08:30:14] [pool-3-thread-1/WARN]: [Forbric/MergedBaseCompat] gave net.minecraftforge.event.TickEvent$LevelTickEvent the no-arg constructor EventBus 6 instantiates — without it every post through its hierarchy threw "Error computing listener list"
[08:30:14] [pool-3-thread-1/WARN]: [Forbric/MergedBaseCompat] gave net.minecraftforge.event.TickEvent$ServerTickEvent$Post the no-arg constructor EventBus 6 instantiates — without it every post through its hierarchy threw "Error computing listener list"
[08:30:14] [pool-3-thread-1/WARN]: [Forbric/MergedBaseCompat] gave net.minecraftforge.event.TickEvent$ServerTickEvent the no-arg constructor EventBus 6 instantiates — without it every post through its hierarchy threw "Error computing listener list"
[08:30:14] [pool-3-thread-1/WARN]: [Forbric/MergedBaseCompat] gave net.minecraftforge.event.TickEvent$ServerTickEvent$Pre the no-arg constructor EventBus 6 instantiates — without it every post through its hierarchy threw "Error computing listener list"
[08:30:14] [pool-3-thread-1/WARN]: [Forbric/MergedBaseCompat] gave net.minecraftforge.event.entity.player.PlayerEvent$PlayerRespawnEvent the no-arg constructor EventBus 6 instantiates — without it every post through its hierarchy threw "Error computing listener list"
[08:30:14] [pool-3-thread-1/WARN]: [Forbric/MergedBaseCompat] gave net.minecraftforge.event.entity.player.PlayerEvent$PlayerLoggedOutEvent the no-arg constructor EventBus 6 instantiates — without it every post through its hierarchy threw "Error computing listener list"
[08:30:14] [pool-3-thread-1/WARN]: [Forbric/MergedBaseCompat] gave net.minecraftforge.event.entity.player.PlayerEvent$PlayerLoggedInEvent the no-arg constructor EventBus 6 instantiates — without it every post through its hierarchy threw "Error computing listener list"
[08:30:14] [pool-3-thread-1/WARN]: [Forbric/MergedBaseCompat] gave net.minecraftforge.event.RegisterCommandsEvent the no-arg constructor EventBus 6 instantiates — without it every post through its hierarchy threw "Error computing listener list"
[08:30:14] [pool-3-thread-1/WARN]: [Forbric/MergedBaseCompat] gave net.minecraftforge.event.entity.EntityJoinLevelEvent the no-arg constructor EventBus 6 instantiates — without it every post through its hierarchy threw "Error computing listener list"
[08:30:14] [pool-3-thread-1/WARN]: [Forbric/MergedBaseCompat] gave net.minecraftforge.event.entity.living.LivingSwapItemsEvent$Hands the no-arg constructor EventBus 6 instantiates — without it every post through its hierarchy threw "Error computing listener list"
[08:30:14] [pool-3-thread-1/WARN]: [Forbric/MergedBaseCompat] gave net.minecraftforge.event.entity.living.LivingSwapItemsEvent the no-arg constructor EventBus 6 instantiates — without it every post through its hierarchy threw "Error computing listener list"
[08:30:14] [pool-3-thread-1/WARN]: [Forbric/MergedBaseCompat] gave net.minecraftforge.event.level.LevelEvent$CreateSpawnPosition the no-arg constructor EventBus 6 instantiates — without it every post through its hierarchy threw "Error computing listener list"
[08:30:14] [pool-3-thread-1/WARN]: [Forbric/MergedBaseCompat] gave net.minecraftforge.event.level.BlockEvent$NeighborNotifyEvent the no-arg constructor EventBus 6 instantiates — without it every post through its hierarchy threw "Error computing listener list"
[08:30:14] [pool-3-thread-1/WARN]: [Forbric/MergedBaseCompat] gave net.minecraftforge.event.level.ExplosionEvent$Start the no-arg constructor EventBus 6 instantiates — without it every post through its hierarchy threw "Error computing listener list"
[08:30:14] [pool-3-thread-1/WARN]: [Forbric/MergedBaseCompat] gave net.minecraftforge.event.level.ExplosionEvent the no-arg constructor EventBus 6 instantiates — without it every post through its hierarchy threw "Error computing listener list"
[08:30:14] [pool-3-thread-1/WARN]: [Forbric/MergedBaseCompat] gave net.minecraftforge.event.TickEvent$ClientTickEvent the no-arg constructor EventBus 6 instantiates — without it every post through its hierarchy threw "Error computing listener list"
[08:30:14] [pool-3-thread-1/WARN]: [Forbric/MergedBaseCompat] gave net.minecraftforge.event.furnace.FurnaceFuelBurnTimeEvent the no-arg constructor EventBus 6 instantiates — without it every post through its hierarchy threw "Error computing listener list"
[08:30:14] [pool-3-thread-1/WARN]: [Forbric/MergedBaseCompat] gave net.minecraftforge.event.LootTableLoadEvent the no-arg constructor EventBus 6 instantiates — without it every post through its hierarchy threw "Error computing listener list"
[08:30:14] [pool-3-thread-1/WARN]: [Forbric/MergedBaseCompat] gave net.minecraftforge.event.level.ExplosionEvent$Detonate the no-arg constructor EventBus 6 instantiates — without it every post through its hierarchy threw "Error computing listener list"
[08:30:14] [pool-3-thread-1/WARN]: [Forbric/MergedBaseCompat] gave net.minecraftforge.event.entity.living.MobEffectEvent$Added the no-arg constructor EventBus 6 instantiates — without it every post through its hierarchy threw "Error computing listener list"
[08:30:14] [pool-3-thread-1/WARN]: [Forbric/MergedBaseCompat] gave net.minecraftforge.event.entity.EntityEvent$EnteringSection the no-arg constructor EventBus 6 instantiates — without it every post through its hierarchy threw "Error computing listener list"
[08:30:14] [pool-3-thread-1/WARN]: [Forbric/MergedBaseCompat] gave net.minecraftforge.event.entity.EntityLeaveLevelEvent the no-arg constructor EventBus 6 instantiates — without it every post through its hierarchy threw "Error computing listener list"
[08:30:14] [pool-3-thread-1/WARN]: [Forbric/MergedBaseCompat] gave net.minecraftforge.event.level.BlockEvent$PortalSpawnEvent the no-arg constructor EventBus 6 instantiates — without it every post through its hierarchy threw "Error computing listener list"
[08:30:14] [pool-3-thread-1/WARN]: [Forbric/MergedBaseCompat] gave net.minecraftforge.event.entity.living.LivingConversionEvent$Post the no-arg constructor EventBus 6 instantiates — without it every post through its hierarchy threw "Error computing listener list"
[08:30:14] [pool-3-thread-1/WARN]: [Forbric/MergedBaseCompat] gave net.minecraftforge.event.AttachCapabilitiesEvent the no-arg constructor EventBus 6 instantiates — without it every post through its hierarchy threw "Error computing listener list"
[08:30:14] [pool-3-thread-1/INFO]: [Forbric/MergedBaseCompat] MinecraftForge's AddReloadListenerEvent now gets a condition context adapted from NeoForge's (1 call site) — the Forge-typed accessor it compiled against does not exist on the merged ReloadableServerResources, so asking for it was a NoSuchMethodError
[08:30:14] [pool-3-thread-1/WARN]: [Forbric/MergedBaseCompat] gave net.minecraftforge.event.AddReloadListenerEvent the no-arg constructor EventBus 6 instantiates — without it every post through its hierarchy threw "Error computing listener list"
[08:30:14] [pool-3-thread-1/WARN]: [Forbric/MergedBaseCompat] gave net.minecraftforge.event.entity.living.AnimalTameEvent the no-arg constructor EventBus 6 instantiates — without it every post through its hierarchy threw "Error computing listener list"
[08:30:14] [pool-3-thread-1/WARN]: [Forbric/MergedBaseCompat] gave net.minecraftforge.event.level.AlterGroundEvent the no-arg constructor EventBus 6 instantiates — without it every post through its hierarchy threw "Error computing listener list"
[08:30:14] [pool-3-thread-1/WARN]: [Forbric/MergedBaseCompat] gave net.minecraftforge.event.level.ChunkWatchEvent$Watch the no-arg constructor EventBus 6 instantiates — without it every post through its hierarchy threw "Error computing listener list"
[08:30:14] [pool-3-thread-1/WARN]: [Forbric/MergedBaseCompat] gave net.minecraftforge.event.entity.living.BabyEntitySpawnEvent the no-arg constructor EventBus 6 instantiates — without it every post through its hierarchy threw "Error computing listener list"
[08:30:14] [pool-3-thread-1/WARN]: [Forbric/MergedBaseCompat] gave net.minecraftforge.event.level.NoteBlockEvent$Play the no-arg constructor EventBus 6 instantiates — without it every post through its hierarchy threw "Error computing listener list"
[08:30:14] [pool-3-thread-1/WARN]: [Forbric/MergedBaseCompat] gave net.minecraftforge.event.entity.living.LivingDrownEvent the no-arg constructor EventBus 6 instantiates — without it every post through its hierarchy threw "Error computing listener list"
[08:30:14] [pool-3-thread-1/WARN]: [Forbric/MergedBaseCompat] gave net.minecraftforge.event.entity.player.ArrowLooseEvent the no-arg constructor EventBus 6 instantiates — without it every post through its hierarchy threw "Error computing listener list"
[08:30:14] [pool-3-thread-1/WARN]: [Forbric/MergedBaseCompat] gave net.minecraftforge.event.entity.player.FillBucketEvent the no-arg constructor EventBus 6 instantiates — without it every post through its hierarchy threw "Error computing listener list"
[08:30:14] [pool-3-thread-1/WARN]: [Forbric/MergedBaseCompat] gave net.minecraftforge.event.entity.player.ArrowNockEvent the no-arg constructor EventBus 6 instantiates — without it every post through its hierarchy threw "Error computing listener list"
[08:30:14] [pool-3-thread-1/WARN]: [Forbric/MergedBaseCompat] gave net.minecraftforge.event.brewing.PotionBrewEvent$Post the no-arg constructor EventBus 6 instantiates — without it every post through its hierarchy threw "Error computing listener list"
[08:30:14] [pool-3-thread-1/WARN]: [Forbric/MergedBaseCompat] gave net.minecraftforge.event.entity.item.ItemExpireEvent the no-arg constructor EventBus 6 instantiates — without it every post through its hierarchy threw "Error computing listener list"
[08:30:14] [pool-3-thread-1/WARN]: [Forbric/MergedBaseCompat] gave net.minecraftforge.event.entity.player.PlayerFlyableFallEvent the no-arg constructor EventBus 6 instantiates — without it every post through its hierarchy threw "Error computing listener list"
[08:30:14] [pool-3-thread-1/WARN]: [Forbric/MergedBaseCompat] gave net.minecraftforge.event.entity.EntityMountEvent the no-arg constructor EventBus 6 instantiates — without it every post through its hierarchy threw "Error computing listener list"
[08:30:14] [pool-3-thread-1/WARN]: [Forbric/MergedBaseCompat] gave net.minecraftforge.event.entity.living.LivingEvent$LivingTickEvent the no-arg constructor EventBus 6 instantiates — without it every post through its hierarchy threw "Error computing listener list"
[08:30:14] [pool-3-thread-1/WARN]: [Forbric/MergedBaseCompat] gave net.minecraftforge.event.entity.player.EntityItemPickupEvent the no-arg constructor EventBus 6 instantiates — without it every post through its hierarchy threw "Error computing listener list"
[08:30:14] [pool-3-thread-1/WARN]: [Forbric/MergedBaseCompat] gave net.minecraftforge.event.entity.living.LivingEntityUseItemEvent$Tick the no-arg constructor EventBus 6 instantiates — without it every post through its hierarchy threw "Error computing listener list"
[08:30:14] [pool-3-thread-1/WARN]: [Forbric/MergedBaseCompat] gave net.minecraftforge.event.entity.living.LivingEntityUseItemEvent$Start the no-arg constructor EventBus 6 instantiates — without it every post through its hierarchy threw "Error computing listener list"
[08:30:14] [pool-3-thread-1/WARN]: [Forbric/MergedBaseCompat] gave net.minecraftforge.event.entity.living.LivingEntityUseItemEvent$Stop the no-arg constructor EventBus 6 instantiates — without it every post through its hierarchy threw "Error computing listener list"
[08:30:14] [pool-3-thread-1/WARN]: [Forbric/MergedBaseCompat] gave net.minecraftforge.event.entity.player.PlayerEvent$BreakSpeed the no-arg constructor EventBus 6 instantiates — without it every post through its hierarchy threw "Error computing listener list"
[08:30:14] [pool-3-thread-1/WARN]: [Forbric/MergedBaseCompat] gave net.minecraftforge.event.entity.living.LivingFallEvent the no-arg constructor EventBus 6 instantiates — without it every post through its hierarchy threw "Error computing listener list"
[08:30:14] [pool-3-thread-1/WARN]: [Forbric/MergedBaseCompat] gave net.minecraftforge.event.entity.living.ShieldBlockEvent the no-arg constructor EventBus 6 instantiates — without it every post through its hierarchy threw "Error computing listener list"
[08:30:14] [pool-3-thread-1/WARN]: [Forbric/MergedBaseCompat] gave net.minecraftforge.event.TickEvent$LevelTickEvent$Pre the no-arg constructor EventBus 6 instantiates — without it every post through its hierarchy threw "Error computing listener list"
[08:30:14] [pool-3-thread-1/WARN]: [Forbric/MergedBaseCompat] gave net.minecraftforge.event.entity.living.LivingDropsEvent the no-arg constructor EventBus 6 instantiates — without it every post through its hierarchy threw "Error computing listener list"
[08:30:14] [pool-3-thread-1/WARN]: [Forbric/MergedBaseCompat] gave net.minecraftforge.event.entity.living.LivingDeathEvent the no-arg constructor EventBus 6 instantiates — without it every post through its hierarchy threw "Error computing listener list"
[08:30:14] [pool-3-thread-1/WARN]: [Forbric/MergedBaseCompat] gave net.minecraftforge.event.level.BlockEvent$BlockToolModificationEvent the no-arg constructor EventBus 6 instantiates — without it every post through its hierarchy threw "Error computing listener list"
[08:30:14] [pool-3-thread-1/WARN]: [Forbric/MergedBaseCompat] gave net.minecraftforge.event.entity.player.AnvilRepairEvent the no-arg constructor EventBus 6 instantiates — without it every post through its hierarchy threw "Error computing listener list"
[08:30:14] [pool-3-thread-1/WARN]: [Forbric/MergedBaseCompat] gave net.minecraftforge.event.level.ChunkEvent$Unload the no-arg constructor EventBus 6 instantiates — without it every post through its hierarchy threw "Error computing listener list"
[08:30:14] [pool-3-thread-1/WARN]: [Forbric/MergedBaseCompat] gave net.minecraftforge.event.level.ChunkEvent$Load the no-arg constructor EventBus 6 instantiates — without it every post through its hierarchy threw "Error computing listener list"
[08:30:14] [pool-3-thread-1/WARN]: [Forbric/MergedBaseCompat] gave net.minecraftforge.event.entity.player.PlayerEvent$Clone the no-arg constructor EventBus 6 instantiates — without it every post through its hierarchy threw "Error computing listener list"
[08:30:14] [pool-3-thread-1/WARN]: [Forbric/MergedBaseCompat] gave net.minecraftforge.event.TagsUpdatedEvent the no-arg constructor EventBus 6 instantiates — without it every post through its hierarchy threw "Error computing listener list"
[08:30:14] [pool-3-thread-1/WARN]: [Forbric/MergedBaseCompat] gave net.minecraftforge.event.entity.player.PlayerWakeUpEvent the no-arg constructor EventBus 6 instantiates — without it every post through its hierarchy threw "Error computing listener list"
[08:30:14] [pool-3-thread-1/WARN]: [Forbric/MergedBaseCompat] gave net.minecraftforge.event.entity.player.ItemTooltipEvent the no-arg constructor EventBus 6 instantiates — without it every post through its hierarchy threw "Error computing listener list"
[08:30:14] [pool-3-thread-1/WARN]: [Forbric/MergedBaseCompat] gave net.minecraftforge.event.level.LevelEvent$Save the no-arg constructor EventBus 6 instantiates — without it every post through its hierarchy threw "Error computing listener list"
[08:30:14] [pool-3-thread-1/WARN]: [Forbric/MergedBaseCompat] gave net.minecraftforge.event.level.LevelEvent$Unload the no-arg constructor EventBus 6 instantiates — without it every post through its hierarchy threw "Error computing listener list"
[08:30:14] [pool-3-thread-1/WARN]: [Forbric/MergedBaseCompat] gave net.minecraftforge.event.level.LevelEvent$Load the no-arg constructor EventBus 6 instantiates — without it every post through its hierarchy threw "Error computing listener list"
[08:30:14] [pool-3-thread-1/INFO]: [Forbric/ModLauncher] net.minecraftforge.eventbus.BusBuilderImpl.useModLauncher()Lnet/minecraftforge/eventbus/api/BusBuilder; now keeps its receiver and sets no flag — the bus builds its event-handler wrappers with its own generator instead of asking a launcher this kernel does not run; a wrapper ModLauncherFactory asked for is a ClassNotFoundException that silently loses the handler
[08:30:14] [pool-3-thread-1/INFO]: [Forbric/EventBus] net.minecraftforge.eventbus.ClassLoaderFactory.defineClass(Lorg/objectweb/asm/tree/ClassNode;)Ljava/lang/Class; now defines the generated handler wrapper in the game loader, not the bus's child ASMClassLoader — a package-private listener (MinecraftForge's DeferredRegister$EventDispatcher and friends) is otherwise unreachable from the wrapper and every dispatch dies with IllegalAccessError before it runs
[08:30:14] [pool-3-thread-1/INFO]: Vanilla bootstrap took 3278 milliseconds
[08:30:14] [pool-3-thread-1/INFO]: [Forbric/MergedBaseCompat] ChunkStatus now reports vanilla's saved-heightmap set (1 read(s)) — NeoForge widened it with the two worldgen heightmaps, which an unfinished chunk then reloads stale, and those are what decide the Y a decoration is placed at
[08:30:14] [pool-3-thread-1/INFO]: [Forbric/Merge] net.minecraft.world.level.storage.loot.LootPool carried 1 duplicated lambda name(s) from the byte merge — dropped 1 orphaned bod(ies) so a mixin selecting by name cannot bind to the half that lost: lambda$static$7(Lcom/mojang/serialization/codecs/RecordCodecBuilder$Instance;)Lcom/mojang/datafixers/kinds/App;
[08:30:14] [pool-3-thread-1/INFO]: [Forbric/MergedBaseCompat] LootPool's constructors now fill both families' fields — a pool a mod built had no forge_condition, so encoding it failed, and a decoded pool had no name
[08:30:14] [pool-3-thread-1/INFO]: [Forbric/MergedBaseCompat] MinecraftForge's resource-condition codec now tolerates a condition type it does not own — the merged base runs that evaluator over every datapack registry element AND every loot pool, so another ecosystem's condition used to fail the whole registry load and the world with it. OPTIONAL_FEILD_CODEC and SAFE_CODEC derive from CODEC later in the same <clinit>, so all three readers inherit this
[08:30:14] [pool-3-thread-1/INFO]: [Forbric/MergedBaseCompat] fabric:load_conditions has an evaluator again: ConditionalOps' one codec factory is wrapped and 4 other public entry point(s) funnel through it — datapack registries, recipes, loot tables and advancements all decode through it. fabric-api's own two mixins for this cannot apply on the merged base
[08:30:14] [pool-3-thread-1/INFO]: [Forbric/MergedBaseCompat] NeoForge's resource-condition codec now tolerates a condition type it does not own — the merged base runs that evaluator over EVERY datapack element from every pack, so a Fabric mod's own condition used to fail the whole registry load and the world with it
[08:30:14] [pool-3-thread-1/INFO]: [Forbric/MergedBaseCompat] MonsterRoomFeature now picks its mob through the kernel (1 call site(s)) — NeoForge's data map when it has one, vanilla's own set when it does not. The alternative was the neutered place() this replaces, which meant no dungeon in any world
[08:30:14] [pool-3-thread-1/INFO]: [Forbric/Coremod] Structure: 4 field read(s) now go through NeoForge's getter
[08:30:14] [pool-3-thread-1/INFO]: [Forbric/Coremod] OceanRuinPieces$OceanRuinPiece: 1 finalizeSpawn call(s) now post both families' events and finalize once
[08:30:14] [pool-3-thread-1/INFO]: [Forbric/Coremod] SwampHutPiece: 2 finalizeSpawn call(s) now post both families' events and finalize once
[08:30:14] [pool-3-thread-1/INFO]: [Forbric/Coremod] OceanMonumentPieces$OceanMonumentPiece: 1 finalizeSpawn call(s) now post both families' events and finalize once
[08:30:14] [pool-3-thread-1/INFO]: [Forbric/Coremod] WoodlandMansionPieces$WoodlandMansionPiece: 1 finalizeSpawn call(s) now post both families' events and finalize once
[08:30:14] [pool-3-thread-1/INFO]: [Forbric/Merge] net.minecraft.world.level.levelgen.feature.treedecorators.AlterGroundDecorator carried 1 duplicated lambda name(s) from the byte merge — dropped 1 orphaned bod(ies) so a mixin selecting by name cannot bind to the half that lost: lambda$place$2(Lnet/minecraft/world/level/levelgen/feature/treedecorators/TreeDecorator$Context;Lnet/minecraft/core/BlockPos;)V
[08:30:14] [pool-3-thread-1/INFO]: [Forbric/EnumExt] net.minecraft.world.level.biome.BiomeSpecialEffects$GrassColorModifier can be extended again — its create(...) was a stub that threw "Enum not extended", usually from a mod's static initialiser, which kills the mod outright
[08:30:14] [pool-3-thread-1/WARN]: [Forbric/MergedBaseCompat] ChunkGenerator.featuresPerStep carried MinecraftForge's ClearableLazy descriptor and vanilla's had stopped existing, so fabric-api's biome API — which writes that field directly — threw NoSuchFieldError and the server did not start. The field is vanilla-typed again (4 access site(s), 2 read(s) retargeted, 1 invalidation(s) guarded)
[08:30:15] [main/WARN]: [Forbric/ClientConsumers] did not bridge net.minecraft.client.multiplayer.ClientLevel.lambda$new$0: the host method moved; Forge client registrations for this consumer remain unavailable
[08:30:15] [Render thread/INFO]: [Forbric/Lifecycle] redirected genuine loader trigger net/neoforged/neoforge/client/loading/ClientModLoader.begin to net/forbric/kernel/runtime/KernelClientLifecycle.onClientModLoadingWithPacks from net.minecraft.client.Minecraft.<init> — kernel owns the lifecycle
[08:30:15] [Render thread/INFO]: [Forbric/MergedBaseCompat] Minecraft now initializes both Forge families' client hooks and particles
[08:30:15] [Render thread/INFO]: [Forbric/MergedBaseCompat] took "NeoForge" out of the window title — the merged base carries one loader's title patch, and this instance runs all three ecosystems
[08:30:15] [Render thread/INFO]: [Forbric/Fabric] wired client-entrypoint hook into Minecraft.<init> (before Options) — Fabric client entrypoints now fire with a live Minecraft.getInstance()
[08:30:15] [Render thread/WARN]: [Forbric/Transform] no ClientModLoader.finish() call in Minecraft.<init> — the NeoForge client setup lifecycle will NOT fire; mods that set up from FMLClientSetupEvent will do nothing
[08:30:15] [Render thread/WARN]: [Mixin/mixin] @Final field LOGGER:Lorg/slf4j/Logger; in fabric-registry-sync-v0.client.mixins.json:MinecraftClientMixin from mod fabric-registry-sync-v0 should be final
[08:30:15] [Render thread/INFO]: [Forbric/ModsButton] net/minecraft/client/gui/screens/TitleScreen's mods button now opens the unified list and says so (1 construction site(s) re-pointed, 1 label(s)+icon(s) changed) — each family's own screen lists only its own family, which on this instance is never the whole answer
[08:30:15] [Render thread/INFO]: [Forbric/Merge] net.minecraft.client.gui.screens.TitleScreen carried 2 duplicated lambda name(s) from the byte merge — dropped 2 orphaned bod(ies) so a mixin selecting by name cannot bind to the half that lost: lambda$render$14(Lnet/minecraft/client/gui/GuiGraphics;ILjava/lang/String;I)V, lambda$render$13(Lnet/minecraft/client/gui/GuiGraphics;ILjava/lang/String;I)V
[08:30:15] [Render thread/INFO]: [Forbric/Merge] net.minecraft.client.gui.screens.advancements.AdvancementsScreen carried 4 duplicated lambda name(s) from the byte merge — dropped 4 orphaned bod(ies) so a mixin selecting by name cannot bind to the half that lost: lambda$init$3(Lnet/minecraft/client/gui/components/Button;)V, lambda$init$2(Ljava/util/function/Consumer;Lnet/minecraft/client/gui/components/Button;)V, lambda$init$1(Ljava/util/function/Consumer;Lnet/minecraft/client/gui/components/Button;)V, lambda$init$0(Lnet/minecraft/client/gui/components/StringWidget;Ljava/lang/Boolean;)V
[08:30:15] [Render thread/INFO]: [Forbric/ModsButton] net/minecraft/client/gui/screens/PauseScreen's mods button now opens the unified list and says so (1 construction site(s) re-pointed, 1 label(s)+icon(s) changed) — each family's own screen lists only its own family, which on this instance is never the whole answer
[08:30:15] [Render thread/INFO]: Environment: Environment[sessionHost=https://sessionserver.mojang.com, servicesHost=https://api.minecraftservices.com, name=PROD]
[08:30:15] [Render thread/INFO]: Setting user: ForbricKernel
[08:30:15] [Render thread/WARN]: [Forbric/MergedBaseCompat] initialized Forge KeyMapping lookup on merged client base
[08:30:15] [Render thread/WARN]: [Forbric/MergedBaseCompat] gave KeyMapping its MinecraftForge accessors back and pointed them at the NeoForge state the game actually reads — the merge kept both ecosystems' fields but only one side's accessors, and the other side's fields are read by nothing (4 constructor(s) also mirrored)
[08:30:15] [Render thread/INFO]: [Forbric/Lifecycle] registries reopened for the Fabric client entrypoints (0 MinecraftForge gate(s) cleared)
[08:30:15] [Render thread/WARN]: [Forbric/Lifecycle] could not construct the deferred traditional-Forge mods — they stay unconstructed, which is where they were before
java.lang.NoSuchFieldException: BUS
	at java.base/java.lang.Class.getField(Class.java:2284) ~[?:?]
	at net.forbric.kernel.boot.LateForgeRegistryDeclarations.snapshot(LateForgeRegistryDeclarations.java:14) ~[forbric-kernel-client.jar:?]
	at net.forbric.kernel.boot.KernelLifecycle.constructDeferredForgeMods(KernelLifecycle.java:2821) ~[forbric-kernel-client.jar:?]
	at net.forbric.kernel.boot.KernelLifecycle.onClientEntrypoints(KernelLifecycle.java:2786) ~[forbric-kernel-client.jar:?]
	at net.fabricmc.loader.impl.game.minecraft.Hooks.startClient(Hooks.java:98) ~[forbric-kernel-client.jar:?]
	at forbric/net.minecraft.client.Minecraft.<init>(Minecraft.java:446) ~[patched-mc-merged-1.21.1.jar:?]
	at forbric/net.minecraft.client.main.Main.main(Main.java:214) ~[patched-mc-merged-1.21.1.jar:?]
	at java.base/jdk.internal.reflect.DirectMethodHandleAccessor.invoke(DirectMethodHandleAccessor.java:103) ~[?:?]
	at java.base/java.lang.reflect.Method.invoke(Method.java:580) ~[?:?]
	at net.forbric.kernel.boot.KernelBoot.launch(KernelBoot.java:1192) ~[forbric-kernel-client.jar:?]
	at net.forbric.kernel.boot.KernelClientLaunch.lambda$main$0(KernelClientLaunch.java:34) ~[forbric-kernel-client.jar:?]
	at net.forbric.kernel.boot.CompatibilityLaunchBoundary.run(CompatibilityLaunchBoundary.java:23) [forbric-kernel-client.jar:?]
	at net.forbric.kernel.boot.KernelClientLaunch.main(KernelClientLaunch.java:34) [forbric-kernel-client.jar:?]
[08:30:15] [Render thread/INFO]: [Forbric/Net] net.minecraft.server.network.ServerConfigurationPacketListenerImpl.runConfiguration now gathers MinecraftForge's configuration tasks alongside NeoForge's — the merged body is NeoForge's and never posted Forge's gather event, so its mod list, channel list and server-config sync never ran
[08:30:15] [Render thread/INFO]: [Forbric/Net] net.minecraft.server.network.ServerConfigurationPacketListenerImpl.startNextTask now starts configuration tasks through MinecraftForge's task context — its own tasks refuse the vanilla overload, and every other task reaches it through the interface default that delegates back
[08:30:15] [Render thread/INFO]: [Forbric/Net] treating Fabric/NeoForge common-networking tasks as equivalent at net.minecraft.server.network.ServerConfigurationPacketListenerImpl.finishCurrentTask
[08:30:15] [Render thread/INFO]: [Forbric/Net] handing MinecraftForge's payloads to ForgeHooks.onCustomPayload at net.minecraft.server.network.ServerCommonPacketListenerImpl.handleCustomPayload — NeoForge won this method in the merge and Forge's dispatch went with it
[08:30:15] [Render thread/INFO]: [Forbric/Fabric] invoked main entrypoint of fabric-api-lookup-api-v1
[08:30:15] [Render thread/INFO]: [Forbric/Fabric] invoked main entrypoint of fabric-command-api-v1
[08:30:15] [Render thread/INFO]: [Forbric/Fabric] invoked main entrypoint of fabric-convention-tags-v1
[08:30:15] [Render thread/INFO]: [Forbric/Fabric] invoked main entrypoint of fabric-convention-tags-v2
[08:30:15] [Render thread/INFO]: [Forbric/Fabric] invoked main entrypoint of fabric-data-attachment-api-v1
[08:30:15] [Render thread/WARN]: [Forbric/MergedBaseCompat] adopted old-loader interop hooks named by net.minecraft.network.protocol.common.custom.CustomPacketPayload$1$forbricneo
[08:30:15] [Render thread/WARN]: [Forbric/MergedBaseCompat] resolved net.minecraft.network.protocol.common.custom.CustomPacketPayload$1$forbricneo's spliced codec capture read(s) against the fields the class declares
[08:30:15] [Render thread/INFO]: [Forbric/Net] net.minecraft.server.network.ServerGamePacketListenerImpl.handleCustomPayload now falls through to NeoForge's dispatcher when MinecraftForge does not take the payload — it is Forge's override and never called super, so a NeoForge mod's play-phase packet to the server reached nobody
[08:30:15] [Render thread/INFO]: [Forbric/Fabric] invoked main entrypoint of fabric-data-attachment-api-v1
[08:30:16] [Render thread/INFO]: [Forbric/Fabric] invoked main entrypoint of fabric-events-interaction-v0
[08:30:16] [Render thread/INFO]: [Forbric/Fabric] invoked main entrypoint of fabric-lifecycle-events-v1
[08:30:16] [Render thread/INFO]: [Forbric/Fabric] invoked main entrypoint of fabric-loot-api-v2
[08:30:16] [Render thread/INFO]: [Forbric/Fabric] invoked main entrypoint of fabric-networking-api-v1
[08:30:16] [Render thread/INFO]: [Forbric/Fabric] invoked main entrypoint of fabric-networking-api-v1
[08:30:16] [Render thread/INFO]: [Forbric/Fabric] invoked main entrypoint of fabric-recipe-api-v1
[08:30:16] [Render thread/INFO]: [Forbric/Fabric] invoked main entrypoint of fabric-recipe-api-v1
[08:30:16] [Render thread/INFO]: [Forbric/Fabric] invoked main entrypoint of fabric-registry-sync-v0
[08:30:16] [Render thread/INFO]: [Forbric/Fabric] invoked main entrypoint of fabric-resource-conditions-api-v1
[08:30:16] [Render thread/INFO]: [Forbric/Fabric] invoked main entrypoint of fabric-screen-handler-api-v1
[08:30:16] [Render thread/INFO]: [Forbric/ShimContext] 12 non-NeoForge mod(s) ran with a NeoForge ModContainer of their own — a multi-loader library has one build per loader and only one copy of a class can exist, so a Fabric mod can be holding the NeoForge build and asking it to register something (-Dforbric.foreignShimContext=off to hand it NeoForge's null-bus "minecraft" fallback instead)
[08:30:16] [Render thread/INFO]: [Forbric/Fabric] invoked 16 Fabric main entrypoint(s) in the Minecraft.<init> window
[08:30:16] [Render thread/INFO]: [Forbric/Net] arbitrating common-networking channel at net.fabricmc.fabric.impl.networking.AbstractChanneledNetworkAddon.handle — Fabric addon defers to the cross-ecosystem negotiator before it can miscast a NeoForge payload
[08:30:16] [Render thread/INFO]: [Forbric/Net] arbitrating common-networking channel at net.fabricmc.fabric.impl.networking.client.ClientConfigurationNetworkAddon.handle — Fabric addon defers to the cross-ecosystem negotiator before it can miscast a NeoForge payload
[08:30:16] [Render thread/INFO]: [Forbric/Net] handing MinecraftForge's payloads to ForgeHooks.onCustomPayload at net.minecraft.client.multiplayer.ClientCommonPacketListenerImpl.handleCustomPayload — NeoForge won this method in the merge and Forge's dispatch went with it
[08:30:16] [Render thread/INFO]: [Forbric/Net] net.minecraft.client.multiplayer.ClientConfigurationPacketListenerImpl.handleEnabledFeatures now initialises a non-NeoForge connection once per configuration phase — NeoForge re-entered ClientNetworkRegistry.initializeOtherConnection from here and rebuilt every mod's default server config each time
[08:30:16] [Render thread/INFO]: [Forbric/Net] net.minecraft.client.multiplayer.ClientConfigurationPacketListenerImpl.handleConfigurationFinished now runs MinecraftForge's configuration-complete hook — Forge reaches it only from a code-of-conduct handler vanilla rarely calls, so a Forge mod never learned whether the server was modded
[08:30:16] [Render thread/INFO]: [Forbric/Net] net.minecraft.client.multiplayer.ClientConfigurationPacketListenerImpl.handleCustomPayload now initialises a non-NeoForge connection once per configuration phase — NeoForge re-entered ClientNetworkRegistry.initializeOtherConnection from here and rebuilt every mod's default server config each time
[08:30:16] [Render thread/WARN]: [Forbric/Net] net.minecraft.client.multiplayer.ClientConfigurationPacketListenerImpl.handleCustomPayload no longer swallows minecraft:register the way this fix expects; leaving it alone
[08:30:16] [Render thread/WARN]: [Forbric/MergedBaseCompat] Connection.setupOutboundProtocol now updates MinecraftForge's outboundProtocol — the merge dropped the lambda that did, so a client Connection reported HANDSHAKING forever and every Forge channel send from the client threw
[08:30:16] [Render thread/INFO]: [Forbric/Merge] net.minecraft.network.Connection carried 2 duplicated lambda name(s) from the byte merge — dropped 2 orphaned bod(ies) so a mixin selecting by name cannot bind to the half that lost: lambda$setupOutboundProtocol$9(Lnet/minecraft/network/PacketBundleUnpacker;Lio/netty/channel/ChannelHandlerContext;)V, lambda$setupOutboundProtocol$8(Lnet/minecraft/network/ProtocolInfo;Lio/netty/channel/ChannelHandlerContext;)V
[08:30:16] [Render thread/INFO]: [Forbric/Net] net.minecraft.network.Connection.channelActive now starts MinecraftForge's networking for the connection — the merge dropped the activation handler that installed its per-connection packet handler, so a client had none and Forge's handshake could not be answered
[08:30:16] [Render thread/INFO]: [Forbric/Fabric] invoked client entrypoint of fabric-data-attachment-api-v1
[08:30:16] [Render thread/INFO]: [Forbric/Fabric] invoked client entrypoint of fabric-events-interaction-v0
[08:30:16] [Render thread/INFO]: [Forbric/Fabric] invoked client entrypoint of fabric-lifecycle-events-v1
[08:30:16] [Render thread/INFO]: [Forbric/Fabric] invoked client entrypoint of fabric-networking-api-v1
[08:30:16] [Render thread/INFO]: [Forbric/Fabric] invoked client entrypoint of fabric-recipe-api-v1
[08:30:16] [Render thread/INFO]: [Forbric/Fabric] invoked client entrypoint of fabric-registry-sync-v0
[08:30:16] [Render thread/INFO]: [Indigo] Different rendering plugin detected; not applying Indigo.
[08:30:16] [Render thread/INFO]: [Forbric/Fabric] invoked client entrypoint of fabric-renderer-indigo
[08:30:16] [Render thread/INFO]: [Forbric/Fabric] invoked client entrypoint of fabric-rendering-v0
[08:30:16] [Render thread/INFO]: [Forbric/Fabric] invoked client entrypoint of fabric-screen-handler-api-v1
[08:30:16] [Render thread/INFO]: [Forbric/DefaultConflict] net.minecraft.world.item.TooltipFlag inherits shouldDisplayAllInformation()Z as a default from two unrelated interfaces (net.neoforged.neoforge.common.extensions.TooltipFlagExtension, net.fabricmc.fabric.api.item.v1.FabricTooltipType) and overrides neither, which is an IncompatibleClassChangeError the first time anything calls it — gave it one that delegates to net.fabricmc.fabric.api.item.v1.FabricTooltipType (-Dforbric.defaultConflictRepair=off to leave it)
[08:30:16] [Render thread/INFO]: Checking mod updates...
[08:30:16] [Render thread/INFO]: [Forbric/MergedBaseCompat] InputConstants.getKey now drops MinecraftForge's ":MODIFIER" suffix before parsing a key name — one modded binding with a modifier used to throw out of options.txt parsing, and Options.load wraps the WHOLE file, so the player lost every setting
[08:30:16] [Render thread/INFO]: [STDOUT]: [W7/HideWindow] patched org/lwjgl/glfw/GLFW: glfwInit, glfwCreateWindow(IILjava/nio/ByteBuffer;JJ)J, glfwCreateWindow(IILjava/lang/CharSequence;JJ)J, glfwShowWindow, glfwFocusWindow, glfwRequestWindowAttention
[08:30:16] [Render thread/INFO]: [Forbric/Fabric] invoked client entrypoint of modmenu
[08:30:16] [Render thread/INFO]: [Forbric/ShimContext] 15 non-NeoForge mod(s) ran with a NeoForge ModContainer of their own — a multi-loader library has one build per loader and only one copy of a class can exist, so a Fabric mod can be holding the NeoForge build and asking it to register something (-Dforbric.foreignShimContext=off to hand it NeoForge's null-bus "minecraft" fallback instead)
[08:30:16] [Render thread/INFO]: [Forbric/Fabric] invoked 10 Fabric client entrypoint(s) (Minecraft.<init> window)
[08:30:16] [Render thread/INFO]: [Forbric/Lifecycle] left the registries for the ecosystem registration window to freeze: the Fabric client entrypoints ran before it constructed NeoForge's baseline, and freezing here initialises DefaultAttributes against a registry that has not bound neoforge:swim_speed yet — the NPE in its <clinit> poisons the class for the whole run
[08:30:16] [Render thread/INFO]: [Forbric/Lifecycle] rebuilt NeoForge blockstate→id map (26684 states) — the registration window's clear callback had emptied it
[08:30:16] [Render thread/INFO]: [Forbric/FlowerPot] filled the flower pot table with 34 pot(s) — NeoForge's bake callback never runs on the merged block registry, and 21.1 has no table of its own to fill, so every plant looked up air
[08:30:16] [ModMenu/Update Checker/Fabric Loader (Forbric kernel)/INFO]: Update available for 'fabricloader@0.19.3'
[08:30:17] [Render thread/INFO]: [Forbric/Lifecycle] initialised 26684 block state cache(s) — vanilla does this in Bootstrap, before any mod has registered a block, and the kernel drives registration itself
[08:30:17] [Render thread/INFO]: [Forbric/PortShim] ConfigTracker.loadConfigs passes over a config that is already open — the config port and NeoForge each load SERVER configs at server start, and the second open doubled every Loading event and file watcher
[08:30:17] [Render thread/INFO]: [Forbric/Lifecycle] opened late MinecraftForge configs (CLIENT): applied 0, already loaded 0, failed 0 from /Users/charlescai/Desktop/dsh/实验/forbric/mf-wt/forbric-kernel/run/compat/reports/2026-10-08-merge-fixes/merged-base/evidence/run-user12/per-mod/run/000-modmenu__fabric/config
[08:30:17] [Render thread/INFO]: [Forbric/Lifecycle] opened late MinecraftForge configs (COMMON): applied 0, already loaded 0, failed 0 from /Users/charlescai/Desktop/dsh/实验/forbric/mf-wt/forbric-kernel/run/compat/reports/2026-10-08-merge-fixes/merged-base/evidence/run-user12/per-mod/run/000-modmenu__fabric/config
[08:30:17] [Render thread/INFO]: [Forbric/Lifecycle] datapack-registry declaration asked for before any NeoForge bus exists — the mod-loading window has not constructed the baseline yet, so the event would reach nobody and a declaration is not idempotent; left for the call after that window
[08:30:17] [Render thread/WARN]: [Mixin/mixin] @Final field LOGGER:Lorg/slf4j/Logger; in fabric-resource-loader-v0.client.mixins.json:GameOptionsMixin from mod fabric-resource-loader-v0 should be final
[08:30:17] [Render thread/INFO]: [Forbric/PackRepair] net.minecraft.server.packs.repository.Pack.readPackMetadata now merges overlays without mutating in place — a pack carrying both fabric:overlays and neoforge:overlays survives the merged base
[08:30:17] [Render thread/INFO]: [Forbric/MergedBaseCompat] pack.mcmeta overlay entries gated by a condition no evaluator here can judge are now VETOED through NeoForge's own drop path (net.minecraft.server.packs.OverlayMetadataSection.lambda$static$0, applied at 1 site) — ignoring the condition used to mount content a mod's own config had turned off
[08:30:17] [Render thread/INFO]: Backend library: LWJGL version 3.3.3+5
[08:30:17] [Render thread/WARN]: [Mixin/mixin] @Final field LOGGER:Lorg/slf4j/Logger; in sodium-common.mixins.json:workarounds.context_creation.WindowMixin from mod sodium should be final
[08:30:18] [Render thread/INFO]: OpenGL Vendor: Apple
[08:30:18] [Render thread/INFO]: OpenGL Renderer: Apple M2
[08:30:18] [Render thread/INFO]: OpenGL Version: 4.1 Metal - 91.7
[08:30:18] [Render thread/INFO]: Initializing ImmediatelyFast 1.6.14+1.21.1 on Apple M2 (Apple) with OpenGL 4.1 Metal - 91.7
[08:30:18] [Render thread/WARN]: Apple GPU detected. Disabling fast buffer upload.
[08:30:18] [Render thread/INFO]: [Forbric/DataPacks] hooked net.neoforged.neoforge.resource.ResourcePackLoader.populatePackRepository — the kernel now serves Forge-family mods' own data/ to the server datapack repository
[08:30:18] [Render thread/INFO]: [Forbric/ClientPacks] served 19 ecosystem asset pack(s) to the client PackRepository (forced-compatible, 2 of the 2 routed to vanilla's Pack.readPackMetadata read by it), 0 of them declaring overlays: [forbric/forge-runtime-interop, forbric/neoforge-runtime, forbric/ImmediatelyFast-NeoForge-1.6.14+1.21.1, forbric/appleskin-neoforge-mc1.21-3.0.9, forbric/cloth-config-15.0.140-neoforge, forbric/entityculling-neoforge-1.11.2-mc1.21.1, forbric/ferritecore-7.0.3-neoforge, forbric/jei-1.21.1-neoforge-19.57.0.450, forbric/lithium-neoforge-0.15.4+mc1.21.1, forbric/modernfix-neoforge-5.27.24+mc1.21.1, forbric/TRansition-1.0.25-1.21.1-neoforge-SNAPSHOT, forbric/TRender-1.0.17-1.21.1-neoforge-SNAPSHOT, forbric/mezz_config-1.21.1-neoforge-0.5.12, forbric/fabric-api-base-0.4.42+d1308ded19, forbric/fabric-block-view-api-v2-1.0.10+9afaaf8c19, forbric/fabric-renderer-api-v1-3.4.1+9125b6dc19, forbric/fabric-rendering-data-attachment-v1-0.3.48+73761d2e19, forbric/net.caffeinemc.sodium-neoforge-0.8.13+mc1.21.1-mod, forbric/forbric-kernel-runtime]
[08:30:18] [Render thread/INFO]: [Forbric/MergedBaseCompat] net/neoforged/neoforge/client/loading/ClientModLoader now populates its pack repository through the kernel (1 call site(s)) — the merge kept only NeoForge's, so MinecraftForge mods were never asked for pack finders
[08:30:18] [Render thread/INFO]: [Forbric/ClientPacks] prepended KernelLifecycle.onClientResourcePacks to net.neoforged.neoforge.client.loading.ClientModLoader.begin — the kernel serves the ecosystem jars' assets and the carrier's own body still posts AddPackFindersEvent, which is how mods register built-in client packs
[08:30:18] [Render thread/INFO]: [Forbric/ClientLoading] net.neoforged.neoforge.client.loading.ClientModLoader.completeModLoading(Ljava/lang/Runnable;)Ljava/lang/Runnable; now returns the runnable it was given — the genuine loader no longer replaces the screen-and-world chain with a crash-report or warnings screen the kernel never dismisses
[08:30:18] [Render thread/INFO]: [Forbric/ClientPacks] prepended KernelLifecycle.onClientResourcePacks to net.minecraftforge.client.loading.ClientModLoader.begin — the kernel serves the ecosystem jars' assets and the carrier's own body still posts AddPackFindersEvent, which is how mods register built-in client packs
[08:30:18] [Render thread/INFO]: [Forbric/Stub] neutered net.minecraftforge.client.loading.ClientModLoader.completeModLoading()Z (kernel owns client mod loading)
[08:30:18] [Render thread/INFO]: [Forbric/Lifecycle] kernel CLIENT mod-loading window (native, no FancyModLoader) — registering ecosystem baselines
[08:30:18] [Render thread/INFO]: [Forbric/Presence] net.minecraftforge.fml.ModList.isLoaded now answers for the other ecosystems' mods too — it reads only its own family's indexedMods, so a mod gating a compatibility branch on "is Sodium here" was told no next to a live Fabric Sodium and took the wrong branch in silence
[08:30:18] [Render thread/INFO]: [Forbric/Lifecycle] bridged traditional Forge's LogicalSidedProvider to the live client / NeoForge's current server — Forge network handlers can enqueue onto the main thread
[08:30:18] [Render thread/INFO]: [Forbric/Lang] neoforge carrier: 7219 built-in translation(s) loaded; 'fml.menu.branding' resolves
[08:30:18] [Render thread/INFO]: [Forbric/Lang] forge carrier: 7098 built-in translation(s) loaded; 'fml.menu.mods' resolves
[08:30:18] [Render thread/INFO]: [Forbric/Seed] registered NeoForge baseline registries into the root (native, no lifecycle)
[08:30:18] [Render thread/INFO]: [Forbric/Seed] applied NeoForge's registry modifications — vanilla registries marked client-syncing and the block/item/attribute/POI/attachment callbacks wired (native)
[08:30:18] [Render thread/INFO]: NeoForge mod loading, version 21.1.252, for MC 1.21.1
[08:30:18] [Render thread/INFO]: [Forbric/Lifecycle] constructed NeoForge baseline mod on a native bus (dist=CLIENT)
[08:30:18] [Render thread/INFO]: [Forbric/Order] construction order is dependency order, not jar-file order — a mod that needs another to have run now does (-Dforbric.modOrder=name to go back): [immediatelyfast, appleskin, cloth_config, entityculling, ferritecore, lithium, modernfix, sodium, transition, trender, mezz_config, fabric_api_base, fabric_block_view_api_v2, jei, fabric_renderer_api_v1, fabric_rendering_data_attachment_v1]
[08:30:18] [Render thread/INFO]: [Forbric/ModLoader] published 16 NeoForge mod(s) into ModList [immediatelyfast, appleskin, cloth_config, entityculling, ferritecore, lithium, modernfix, sodium, transition, trender, mezz_config, fabric_api_base, fabric_block_view_api_v2, jei, fabric_renderer_api_v1, fabric_rendering_data_attachment_v1] — mods that resolve their own container (event bus, config) now find themselves
[08:30:18] [Render thread/INFO]: [Forbric/ModLoader] constructed @Mod immediatelyfast (NeoForge, net.raphimc.immediatelyfast.neoforge.ImmediatelyFastNeoForge) -> net.raphimc.immediatelyfast.neoforge.ImmediatelyFastNeoForge@5f8c87d1
[08:30:18] [Render thread/INFO]: [Forbric/ModLoader] constructed @Mod appleskin (NeoForge, squeek.appleskin.AppleSkin) -> squeek.appleskin.AppleSkin@712904b4
[08:30:18] [Render thread/INFO]: [Forbric/ModLoader] constructed @Mod cloth_config (NeoForge, me.shedaniel.clothconfig.ClothConfigForge) -> me.shedaniel.clothconfig.ClothConfigForge@3203fc6
[08:30:18] [Render thread/INFO]: [Forbric/ModLoader] constructed @Mod entityculling (NeoForge, dev.tr7zw.entityculling.EntityCullingBootstrap) -> dev.tr7zw.entityculling.EntityCullingBootstrap@748e3515
[08:30:18] [Render thread/INFO]: [Forbric/ModLoader] constructed @Mod ferritecore (NeoForge, malte0811.ferritecore.ModMainForge) -> malte0811.ferritecore.ModMainForge@40f82ac4
[08:30:18] [Render thread/INFO]: [Forbric/ModLoader] constructed @Mod lithium (NeoForge, net.caffeinemc.mods.lithium.neoforge.LithiumNeoForgeMod) -> net.caffeinemc.mods.lithium.neoforge.LithiumNeoForgeMod@a2f0637
[08:30:18] [Render thread/INFO]: [Forbric/ModLoader] constructed @Mod modernfix (NeoForge, org.embeddedt.modernfix.neoforge.init.ModernFixForge) -> org.embeddedt.modernfix.neoforge.init.ModernFixForge@430fc608
[08:30:18] [Render thread/INFO]: [Forbric/ModLoader] constructed @Mod sodium (NeoForge, net.caffeinemc.mods.sodium.neoforge.SodiumForgeMod) -> net.caffeinemc.mods.sodium.neoforge.SodiumForgeMod@6295f910
[08:30:18] [Render thread/INFO]: [Forbric/ModLoader] constructed @Mod transition (NeoForge, dev.tr7zw.transition.TRansitionBootstrap) -> dev.tr7zw.transition.TRansitionBootstrap@4ec4c90e
[08:30:18] [Render thread/INFO]: [STDOUT]: [TRender] Initializing Client...
[08:30:18] [Render thread/INFO]: [Forbric/ModLoader] constructed @Mod trender (NeoForge, dev.tr7zw.trender.gui.impl.client.LibGuiBootstrap) -> dev.tr7zw.trender.gui.impl.client.LibGuiBootstrap@594d766f
[08:30:18] [Render thread/INFO]: [Forbric/ModLoader] constructed @Mod mezz_config (NeoForge, net.mezzdev.config.neoforge.ConfigNeoForge) -> net.mezzdev.config.neoforge.ConfigNeoForge@27fd6fa4
[08:30:18] [Render thread/INFO]: [Forbric/ModLoader] constructed @Mod fabric_api_base (NeoForge, org.sinytra.fabric.api_base.generated.GeneratedEntryPoint) -> org.sinytra.fabric.api_base.generated.GeneratedEntryPoint@4f997f11
[08:30:18] [Render thread/INFO]: [Forbric/ModLoader] constructed @Mod fabric_block_view_api_v2 (NeoForge, org.sinytra.fabric.block_view_api.generated.GeneratedEntryPoint) -> org.sinytra.fabric.block_view_api.generated.GeneratedEntryPoint@2b7beb32
[08:30:19] [Render thread/INFO]: Sending ConfigManager...
[08:30:19] [Render thread/INFO]: Sending ConfigManager took 2.619 milliseconds
[08:30:19] [Render thread/INFO]: [Forbric/ModLoader] constructed @Mod jei (NeoForge, mezz.jei.neoforge.JustEnoughItems) -> mezz.jei.neoforge.JustEnoughItems@46ffcb91
[08:30:19] [Render thread/INFO]: [Forbric/ModLoader] constructed @Mod fabric_renderer_api_v1 (NeoForge, org.sinytra.fabric.renderer_api.generated.GeneratedEntryPoint) -> org.sinytra.fabric.renderer_api.generated.GeneratedEntryPoint@4d802c30
[08:30:19] [Render thread/INFO]: [Forbric/ModLoader] constructed @Mod fabric_rendering_data_attachment_v1 (NeoForge, org.sinytra.fabric.rendering_data_attachment_v1.generated.GeneratedEntryPoint) -> org.sinytra.fabric.rendering_data_attachment_v1.generated.GeneratedEntryPoint@45acce08
[08:30:19] [Render thread/INFO]: [Forbric/Lifecycle] MinecraftForge event delivery enabled after container construction
[08:30:19] [Render thread/INFO]: [Forbric/EBS] registered 1 @EventBusSubscriber class(es) on the game bus
[08:30:19] [Render thread/INFO]: [Forbric/EBS] 0 MinecraftForge class(es) + 1 NeoForge listener method(s); 0 skipped as wrong-side, 0 skipped (owning mod has no bus), 0 skipped as the other family's half of a universal jar, 0 skipped because the owning mod did not finish loading
[08:30:19] [Render thread/INFO]: [Forbric/Mixin] 28 guest mixin(s) apply only partially on the merged base — each keeps the handlers that bound and loses the rest, with no error at either end
[08:30:19] [Render thread/INFO]: [Forbric/Seed] 1 unmodelled mod-info accessor(s) were asked and answered empty: configurable.getConfigElement -> Optional
[08:30:19] [Render thread/INFO]: [Forbric/Capabilities] 1 mod jar(s) use MinecraftForge's capability system — composed into Entity/BlockEntity/Level (ServerLevel and LevelChunk when the world loads): [modernfix-neoforge-5.27.24+mc1.21.1.jar]
[08:30:19] [Render thread/INFO]: [Forbric/Lifecycle] posted FML construct to 16 NeoForge mod(s)
[08:30:19] [Render thread/INFO]: [Forbric/Lifecycle] posted ModifyRegistriesEvent after registry creation, before content registration
[08:30:19] [Render thread/INFO]: [Forbric/Lifecycle] posted NewRegistryEvent to 16 NeoForge mod bus(es) — mods create their own registries (and do their earliest mod-bus setup) before RegisterEvent
[08:30:19] [Render thread/INFO]: [Forbric/Lifecycle] fired RegisterEvent in NeoForge's registration order, not BuiltInRegistries' field order — 80 registr(ies) moved. attribute, data_component_type and particle_type go first because mods' block and item builders read them
[08:30:19] [Render thread/INFO]: Forge mod loading, version 52.1.16, for MC 1.21.1 with MCP 20240808.132146
[08:30:19] [Render thread/INFO]: MinecraftForge v52.1.16 Initialized
[08:30:19] [Render thread/WARN]: [Forbric/MergedBaseCompat] gave net.minecraftforge.client.event.ClientPlayerNetworkEvent$LoggingIn the no-arg constructor EventBus 6 instantiates — without it every post through its hierarchy threw "Error computing listener list"
[08:30:19] [Render thread/WARN]: [Forbric/MergedBaseCompat] gave net.minecraftforge.client.event.ClientPlayerNetworkEvent the no-arg constructor EventBus 6 instantiates — without it every post through its hierarchy threw "Error computing listener list"
[08:30:19] [Render thread/WARN]: [Forbric/MergedBaseCompat] gave net.minecraftforge.event.server.ServerStartingEvent the no-arg constructor EventBus 6 instantiates — without it every post through its hierarchy threw "Error computing listener list"
[08:30:19] [Render thread/INFO]: Opening jdk.naming.dns/com.sun.jndi.dns to java.naming
[08:30:19] [Render thread/WARN]: [Forbric/MergedBaseCompat] gave net.minecraftforge.data.event.GatherDataEvent the no-arg constructor EventBus 6 instantiates — without it every post through its hierarchy threw "Error computing listener list"
[08:30:19] [Render thread/WARN]: [Forbric/MergedBaseCompat] gave net.minecraftforge.event.server.ServerStoppingEvent the no-arg constructor EventBus 6 instantiates — without it every post through its hierarchy threw "Error computing listener list"
[08:30:19] [Render thread/WARN]: [Forbric/MergedBaseCompat] gave net.minecraftforge.fml.event.config.ModConfigEvent$Reloading the no-arg constructor EventBus 6 instantiates — without it every post through its hierarchy threw "Error computing listener list"
[08:30:19] [Render thread/WARN]: [Forbric/MergedBaseCompat] gave net.minecraftforge.fml.event.config.ModConfigEvent the no-arg constructor EventBus 6 instantiates — without it every post through its hierarchy threw "Error computing listener list"
[08:30:19] [Render thread/WARN]: [Forbric/MergedBaseCompat] gave net.minecraftforge.fml.event.config.ModConfigEvent$Loading the no-arg constructor EventBus 6 instantiates — without it every post through its hierarchy threw "Error computing listener list"
[08:30:19] [Render thread/INFO]: [Forbric/Forge] net.minecraftforge.fml.Bindings now finds its service provider on the classpath (1 lookup(s)) — it asked a module layer the kernel does not build, and every use of MinecraftForge's config events died with that call
[08:30:19] [Render thread/WARN]: [Forbric/MergedBaseCompat] gave net.minecraftforge.fml.event.config.ModConfigEvent$Unloading the no-arg constructor EventBus 6 instantiates — without it every post through its hierarchy threw "Error computing listener list"
[08:30:19] [Render thread/WARN]: [Forbric/MergedBaseCompat] gave net.minecraftforge.event.village.WandererTradesEvent the no-arg constructor EventBus 6 instantiates — without it every post through its hierarchy threw "Error computing listener list"
[08:30:19] [Render thread/WARN]: [Forbric/MergedBaseCompat] gave net.minecraftforge.event.village.VillagerTradesEvent the no-arg constructor EventBus 6 instantiates — without it every post through its hierarchy threw "Error computing listener list"
[08:30:19] [Render thread/INFO]: [Forbric/Merge] net.minecraft.server.ReloadableServerResources carried 3 duplicated lambda name(s) from the byte merge — dropped 3 orphaned bod(ies) so a mixin selecting by name cannot bind to the half that lost: lambda$loadResources$2(Lnet/minecraft/world/flag/FeatureFlagSet;Lnet/minecraft/commands/Commands$CommandSelection;ILnet/minecraft/core/LayeredRegistryAccess;Lnet/minecraft/server/packs/resources/ResourceManager;Ljava/util/concurrent/Executor;Ljava/util/concurrent/Executor;Lnet/minecraft/core/LayeredRegistryAccess;)Ljava/util/concurrent/CompletionStage;, lambda$loadResources$1(Lnet/minecraft/server/ReloadableServerResources;Ljava/lang/Object;)Lnet/minecraft/server/ReloadableServerResources;, lambda$loadResources$0(Lnet/minecraft/server/ReloadableServerResources;Ljava/lang/Object;Ljava/lang/Throwable;)V
[08:30:19] [Render thread/INFO]: [Forbric/Forge] constructed traditional-Forge baseline mod ForgeMod -> net.minecraftforge.common.ForgeMod@2d606499
[08:30:19] [Render thread/INFO]: [Forbric/EnumExt] net.minecraft.world.item.ItemDisplayContext can be extended again — its create(...) was a stub that threw "Enum not extended", usually from a mod's static initialiser, which kills the mod outright
[08:30:19] [Render thread/INFO]: [Forbric/Forge] created 9 custom registr(ies) via NewRegistryEvent + fired Forge RegisterEvent x90 on 1 bus(es) [baseline + 0 mod(s)]
[08:30:19] [Render thread/INFO]: [Forbric/MergedBaseCompat] DefaultAttributes now reads both ecosystems' mod-attribute maps (2 call site(s)) — the merge kept only NeoForge's reader, so a traditional MinecraftForge mod's entities had no attributes and could not exist
[08:30:19] [Render thread/INFO]: [Forbric/WidenedFields] net.minecraft.world.entity.ai.attributes.AttributeSupplier$Builder: vanilla-descriptor twin builder:Lcom/google/common/collect/ImmutableMap$Builder; beside the merged Ljava/util/Map; (2 write(s), 4 drain(s)) — the merge re-typed the field, and a JVM field is its name AND its descriptor
[08:30:19] [Render thread/INFO]: [Forbric/Attributes] posted MinecraftForge's entity-attribute events — 0 entity type(s) got their attributes (0 before), next to NeoForge's 0. The merged DefaultAttributes reads only NeoForge's map, so the kernel serves it both
[08:30:19] [Render thread/INFO]: [Forbric/EnumExt] net.minecraft.world.inventory.RecipeBookType can be extended again — its create(...) was a stub that threw "Enum not extended", usually from a mod's static initialiser, which kills the mod outright
[08:30:19] [Render thread/INFO]: [Forbric/SpawnPlacements] spawn placement registration now serves MinecraftForge before NeoForge
[08:30:19] [Render thread/WARN]: [Forbric/MergedBaseCompat] gave net.minecraftforge.event.entity.SpawnPlacementRegisterEvent the no-arg constructor EventBus 6 instantiates — without it every post through its hierarchy threw "Error computing listener list"
[08:30:19] [Render thread/INFO]: [Forbric/SpawnPlacements] applied 0 MinecraftForge spawn placement change(s) before NeoForge registration
[08:30:19] [Render thread/INFO]: [Forbric/Lifecycle] fired RegisterEvent x90 on 17 bus(es) [NeoForge baseline + 16 mod(s)] + 0 traditional-Forge mod bus(es) + baked Forge registries
[08:30:19] [Render thread/INFO]: [Forbric/Lifecycle] registered content: brigadier: 6 entr(ies) {command_argument_type=6}
[08:30:19] [Render thread/INFO]: [Forbric/Lifecycle] registered content: forge: 10 entr(ies) {attribute=2, command_argument_type=2, loot_condition_type=2, recipe_serializer=1, registry=3}
[08:30:19] [Render thread/INFO]: [Forbric/Lifecycle] registered content: jei: 2 entr(ies) {recipe_serializer=2}
[08:30:19] [Render thread/INFO]: [Forbric/Lifecycle] registered content: neoforge: 22 entr(ies) {attribute=3, command_argument_type=2, entity_sub_predicate_type=2, item_sub_predicate_type=2, loot_condition_type=2, registry=11}
[08:30:19] [Render thread/INFO]: [Forbric/FlowerPot] filled the flower pot table with 34 pot(s) — NeoForge's bake callback never runs on the merged block registry, and 21.1 has no table of its own to fill, so every plant looked up air
[08:30:20] [Render thread/INFO]: [Forbric/Lifecycle] initialised 26684 block state cache(s) — vanilla does this in Bootstrap, before any mod has registered a block, and the kernel drives registration itself
[08:30:20] [Render thread/INFO]: [Forbric/MergedBaseCompat] NeoForge's biome/structure modifier pass now runs through the kernel's guard (1 call site(s)) — it used to be neutered outright, so every mod that changes a biome through a neoforge:biome_modifier did nothing at all
[08:30:20] [Render thread/INFO]: [Forbric/Worldgen] NeoForge's runModifiers now appends MinecraftForge's biome and structure modifiers to its own lists (2 splice(s)) — Forge's own pass links against accessors the merged base does not declare and is never run
[08:30:20] [Render thread/INFO]: [Forbric/Lifecycle] re-sorted NeoForge creative tabs 0 -> 10 (special tabs: 4, must stay 4): [minecraft:building_blocks, minecraft:colored_blocks, minecraft:natural_blocks, minecraft:functional_blocks, minecraft:redstone_blocks, minecraft:tools_and_utilities, minecraft:combat, minecraft:food_and_drinks, minecraft:ingredients, minecraft:spawn_eggs] (the creative screen's tab strip reads ONLY this list; the baseline sort predates the kernel's registration window, so window-registered tabs were searchable but had no tab)
[08:30:20] [Render thread/INFO]: [Forbric/EventMux] all 2 REGISTRATION bridge(s) installed — both Forge families receive these events 1:1
[08:30:20] [Render thread/INFO]: [Forbric/Lifecycle] constructed ClientNeoForgeMod on the baseline bus
[08:30:20] [Render thread/INFO]: [Forbric/Lifecycle] NeoForge mod-bus delivery covers 17 container(s) — baseline + every loaded mod (ModLoader.postEvent fans out over this list, and the Mods screen lists it)
[08:30:20] [Render thread/INFO]: [Forbric/Lifecycle] loaded NeoForge configs (COMMON+CLIENT) from /Users/charlescai/Desktop/dsh/实验/forbric/mf-wt/forbric-kernel/run/compat/reports/2026-10-08-merge-fixes/merged-base/evidence/run-user12/per-mod/run/000-modmenu__fabric/config — opened 4 of 4 config(s), 0 already loaded
[08:30:20] [Render thread/WARN]: Configuration file /Users/charlescai/Desktop/dsh/实验/forbric/mf-wt/forbric-kernel/run/compat/reports/2026-10-08-merge-fixes/merged-base/evidence/run-user12/per-mod/run/000-modmenu__fabric/config/forge-client.toml is not correct. Correcting
[08:30:20] [Render thread/WARN]: Incorrect key client was corrected from null to its default, SynchronizedConfig{DataHolder:{}}. 
[08:30:20] [Render thread/WARN]: Incorrect key client.alwaysSetupTerrainOffThread was corrected from null to its default, false. 
[08:30:20] [Render thread/WARN]: Incorrect key client.experimentalForgeLightPipelineEnabled was corrected from null to its default, false. 
[08:30:20] [Render thread/WARN]: Incorrect key client.showLoadWarnings was corrected from null to its default, true. 
[08:30:20] [Render thread/WARN]: Incorrect key client.useCombinedDepthStencilAttachment was corrected from null to its default, false. 
[08:30:20] [Render thread/WARN]: Incorrect key client.calculateAllNormals was corrected from null to its default, false. 
[08:30:20] [Render thread/WARN]: Incorrect key client.stabilizeDirectionGetNearest was corrected from null to its default, true. 
[08:30:20] [Render thread/WARN]: Incorrect key client.allowMipmapLowering was corrected from null to its default, false. 
[08:30:20] [Render thread/INFO]: [Forbric/Lifecycle] loaded MinecraftForge configs (CLIENT): applied 1, already loaded 0, failed 0 from /Users/charlescai/Desktop/dsh/实验/forbric/mf-wt/forbric-kernel/run/compat/reports/2026-10-08-merge-fixes/merged-base/evidence/run-user12/per-mod/run/000-modmenu__fabric/config
[08:30:20] [Render thread/WARN]: Configuration file /Users/charlescai/Desktop/dsh/实验/forbric/mf-wt/forbric-kernel/run/compat/reports/2026-10-08-merge-fixes/merged-base/evidence/run-user12/per-mod/run/000-modmenu__fabric/config/forge-common.toml is not correct. Correcting
[08:30:20] [Render thread/WARN]: Incorrect key general was corrected from null to its default, SynchronizedConfig{DataHolder:{}}. 
[08:30:20] [Render thread/WARN]: Incorrect key general.logLegacyTagWarnings was corrected from null to its default, OFF. 
[08:30:20] [Render thread/WARN]: Incorrect key general.fixGameTestBlockPosAsserts was corrected from null to its default, true. 
[08:30:20] [Render thread/INFO]: [Forbric/Lifecycle] loaded MinecraftForge configs (COMMON): applied 1, already loaded 0, failed 0 from /Users/charlescai/Desktop/dsh/实验/forbric/mf-wt/forbric-kernel/run/compat/reports/2026-10-08-merge-fixes/merged-base/evidence/run-user12/per-mod/run/000-modmenu__fabric/config
[08:30:20] [Render thread/INFO]: [Forbric/Net] net.neoforged.neoforge.network.filters.GenericPacketSplitter.encode now runs inside the connection's Fabric packet context — it is a second encoder in the same pipeline as PacketEncoder, and a Fabric codec reading PacketContext.get() from in here got null
[08:30:20] [Render thread/INFO]: [Forbric/MergedBaseCompat] net.minecraft.commands.CommandSourceStack turns radians into degrees by vanilla's folded constant again (2 site(s)) — the merged body divided by pi at run time, which is a different number in the eighth digit and moves every angle computed from a vector
[08:30:20] [Render thread/INFO]: [Forbric/EBS] wired 16 NeoForge-internal @SubscribeEvent method(s) from the runtime jar(s) (0 class(es) skipped as wrong-side)
[08:30:21] [Render thread/WARN]: [Forbric/EBS] Forge-internal net.minecraftforge.client.ClientForgeMod requires the forge mod bus, but its baseline context is absent; not registering it on the wrong bus
[08:30:21] [Render thread/WARN]: [Forbric/EBS] Forge-internal net.minecraftforge.client.ForgeHooksClient$ClientEvents requires the forge mod bus, but its baseline context is absent; not registering it on the wrong bus
[08:30:21] [Render thread/WARN]: [Forbric/EBS] Forge-internal net.minecraftforge.common.ForgeSpawnEggItem$ColorRegisterHandler requires the forge mod bus, but its baseline context is absent; not registering it on the wrong bus
[08:30:21] [Render thread/WARN]: [Forbric/EBS] Forge-internal net.minecraftforge.common.ForgeSpawnEggItem$CommonHandler requires the forge mod bus, but its baseline context is absent; not registering it on the wrong bus
[08:30:21] [Render thread/INFO]: [Forbric/EBS] registered 1 Forge-internal @EventBusSubscriber class(es); 0 already attempted, 0 wrong-side, 13 foreign-owner/family, 4 missing mod bus, 0 failed
[08:30:21] [Render thread/INFO]: [Forbric/EventMux] installed the Neo→Forge client reload-listener bridge
[08:30:21] [Render thread/INFO]: [Forbric/EventMux] all 3 CLIENT_MOD_BUS bridge(s) installed — both Forge families receive these events 1:1
[08:30:21] [Render thread/INFO]: [Forbric/Registry] net.minecraft.resources.RegistryDataLoader: dropped MinecraftForge's ConditionCodec wrap in loadContentsFromNetwork — the merged base kept Forge's Optional-wrapping driver with NeoForge's one-unwrap loader, so a known-pack entry registered as an Optional and Level.<init> cast it to DimensionType
[08:30:21] [Render thread/INFO]: [Forbric/Merge] net.minecraft.resources.RegistryDataLoader carried 3 duplicated lambda name(s) from the byte merge — dropped 3 orphaned bod(ies) so a mixin selecting by name cannot bind to the half that lost: lambda$loadElementFromResource$14(Lcom/mojang/datafixers/util/Pair;)Ljava/util/Optional;, lambda$logErrors$11(Ljava/util/Map$Entry;)Lnet/minecraft/resources/ResourceLocation;, lambda$createContext$8(Ljava/util/Map;Lnet/minecraft/core/RegistryAccess$RegistryEntry;)V
[08:30:21] [Render thread/INFO]: [Forbric/DatapackRegistries] fired MinecraftForge's declaration event and mirrored 0 custom registry codec(s) into the active loader list: []
[08:30:21] [Render thread/INFO]: [Forbric/Lifecycle] posted datapack-registry declaration to 17 bus(es) — 2 declared ([RegistryData[key=ResourceKey[minecraft:root / neoforge:biome_modifier], elementCodec=KeyDispatchCodec[String[comapFlatMapped][comapFlatMapped][mapResult WithLifecycle[net.minecraft.core.Registry$$Lambda/0x00000078016834f0@59f728c1 net.minecraft.core.Registry$$Lambda/0x00000078016834f0@59f728c1]][flatComapMapped] java.util.function.Function$$Lambda/0x00000078011bbea0@3d13f5c4 java.util.function.Function$$Lambda/0x00000078011bbea0@59c90a64], requiredNonEmpty=false, registryBuilderConsumer=net.minecraft.resources.RegistryDataLoader$RegistryData$$Lambda/0x0000007802060810@26b1a589], RegistryData[key=ResourceKey[minecraft:root / neoforge:structure_modifier], elementCodec=KeyDispatchCodec[String[comapFlatMapped][comapFlatMapped][mapResult WithLifecycle[net.minecraft.core.Registry$$Lambda/0x00000078016834f0@343e0251 net.minecraft.core.Registry$$Lambda/0x00000078016834f0@343e0251]][flatComapMapped] java.util.function.Function$$Lambda/0x00000078011bbea0@6dc28548 java.util.function.Function$$Lambda/0x00000078011bbea0@5317a510], requiredNonEmpty=false, registryBuilderConsumer=net.minecraft.resources.RegistryDataLoader$RegistryData$$Lambda/0x0000007802060810@26b1a589]]), 27 total
[08:30:21] [Render thread/INFO]: [Forbric/Lifecycle] mirrored 2 datapack registr(ies) into Fabric's list too — fabric-api's WorldLoaderMixin replaces the loader's argument with its own, so a NeoForge-declared registry is invisible at world load without this: [ResourceKey[minecraft:root / neoforge:biome_modifier], ResourceKey[minecraft:root / neoforge:structure_modifier]]
[08:30:21] [Render thread/INFO]: [Forbric/Worldgen] declared forge:biome_modifier and forge:structure_modifier on NeoForge's datapack-registry list (unsynced, as ForgeMod declares them) — MinecraftForge's serializer registries hold 5 biome and 1 structure modifier serializer(s)
[08:30:21] [Render thread/INFO]: [Forbric/Lifecycle] posted datapack-registry declaration for MinecraftForge's modifier registries — 2 declared ([RegistryData[key=ResourceKey[minecraft:root / forge:biome_modifier], elementCodec=Forbric(RecursiveCodec[net.minecraftforge.common.world.BiomeModifier$$Lambda/0x0000007802071f30@3ec0e85e]), requiredNonEmpty=false, registryBuilderConsumer=net.minecraft.resources.RegistryDataLoader$RegistryData$$Lambda/0x0000007802060810@26b1a589], RegistryData[key=ResourceKey[minecraft:root / forge:structure_modifier], elementCodec=Forbric(RecursiveCodec[net.minecraftforge.common.world.StructureModifier$$Lambda/0x0000007802072928@35dc5e5a]), requiredNonEmpty=false, registryBuilderConsumer=net.minecraft.resources.RegistryDataLoader$RegistryData$$Lambda/0x0000007802060810@26b1a589]]), 29 total
[08:30:21] [Render thread/WARN]: [Forbric/MergedBaseCompat] gave net.minecraftforge.event.server.ServerStartedEvent the no-arg constructor EventBus 6 instantiates — without it every post through its hierarchy threw "Error computing listener list"
[08:30:21] [Render thread/WARN]: [Forbric/MergedBaseCompat] gave net.minecraftforge.event.server.ServerStoppedEvent the no-arg constructor EventBus 6 instantiates — without it every post through its hierarchy threw "Error computing listener list"
[08:30:21] [Render thread/INFO]: [Forbric/EventMux] all 62 GAME_BUS bridge(s) installed — both Forge families receive these events 1:1
[08:30:21] [Render thread/WARN]: [Forbric/MergedBaseCompat] gave net.minecraftforge.client.event.ContainerScreenEvent$Render$Background the no-arg constructor EventBus 6 instantiates — without it every post through its hierarchy threw "Error computing listener list"
[08:30:21] [Render thread/WARN]: [Forbric/MergedBaseCompat] gave net.minecraftforge.client.event.ContainerScreenEvent$Render the no-arg constructor EventBus 6 instantiates — without it every post through its hierarchy threw "Error computing listener list"
[08:30:21] [Render thread/WARN]: [Forbric/MergedBaseCompat] gave net.minecraftforge.client.event.ContainerScreenEvent the no-arg constructor EventBus 6 instantiates — without it every post through its hierarchy threw "Error computing listener list"
[08:30:21] [Render thread/WARN]: [Forbric/MergedBaseCompat] gave net.minecraftforge.client.event.ContainerScreenEvent$Render$Foreground the no-arg constructor EventBus 6 instantiates — without it every post through its hierarchy threw "Error computing listener list"
[08:30:21] [Render thread/WARN]: [Forbric/MergedBaseCompat] gave net.minecraftforge.client.event.ViewportEvent$ComputeCameraAngles the no-arg constructor EventBus 6 instantiates — without it every post through its hierarchy threw "Error computing listener list"
[08:30:21] [Render thread/WARN]: [Forbric/MergedBaseCompat] gave net.minecraftforge.client.event.ScreenEvent$BackgroundRendered the no-arg constructor EventBus 6 instantiates — without it every post through its hierarchy threw "Error computing listener list"
[08:30:21] [Render thread/WARN]: [Forbric/MergedBaseCompat] gave net.minecraftforge.client.event.ScreenEvent$MouseScrolled$Post the no-arg constructor EventBus 6 instantiates — without it every post through its hierarchy threw "Error computing listener list"
[08:30:21] [Render thread/WARN]: [Forbric/MergedBaseCompat] gave net.minecraftforge.client.event.ScreenEvent$MouseScrolled the no-arg constructor EventBus 6 instantiates — without it every post through its hierarchy threw "Error computing listener list"
[08:30:21] [Render thread/WARN]: [Forbric/MergedBaseCompat] gave net.minecraftforge.client.event.ScreenEvent$KeyReleased$Post the no-arg constructor EventBus 6 instantiates — without it every post through its hierarchy threw "Error computing listener list"
[08:30:21] [Render thread/WARN]: [Forbric/MergedBaseCompat] gave net.minecraftforge.client.event.ScreenEvent$KeyReleased the no-arg constructor EventBus 6 instantiates — without it every post through its hierarchy threw "Error computing listener list"
[08:30:21] [Render thread/WARN]: [Forbric/MergedBaseCompat] gave net.minecraftforge.client.event.ScreenEvent$KeyInput the no-arg constructor EventBus 6 instantiates — without it every post through its hierarchy threw "Error computing listener list"
[08:30:21] [Render thread/WARN]: [Forbric/MergedBaseCompat] gave net.minecraftforge.client.event.RegisterShadersEvent the no-arg constructor EventBus 6 instantiates — without it every post through its hierarchy threw "Error computing listener list"
[08:30:21] [Render thread/WARN]: [Forbric/MergedBaseCompat] gave net.minecraftforge.client.event.ScreenEvent$MouseButtonReleased$Post the no-arg constructor EventBus 6 instantiates — without it every post through its hierarchy threw "Error computing listener list"
[08:30:21] [Render thread/WARN]: [Forbric/MergedBaseCompat] gave net.minecraftforge.client.event.ScreenEvent$MouseButtonPressed$Post the no-arg constructor EventBus 6 instantiates — without it every post through its hierarchy threw "Error computing listener list"
[08:30:21] [Render thread/WARN]: [Forbric/MergedBaseCompat] gave net.minecraftforge.client.event.sound.PlaySoundSourceEvent the no-arg constructor EventBus 6 instantiates — without it every post through its hierarchy threw "Error computing listener list"
[08:30:21] [Render thread/WARN]: [Forbric/MergedBaseCompat] gave net.minecraftforge.client.event.sound.SoundEvent$SoundSourceEvent the no-arg constructor EventBus 6 instantiates — without it every post through its hierarchy threw "Error computing listener list"
[08:30:21] [Render thread/WARN]: [Forbric/MergedBaseCompat] gave net.minecraftforge.client.event.sound.SoundEvent the no-arg constructor EventBus 6 instantiates — without it every post through its hierarchy threw "Error computing listener list"
[08:30:21] [Render thread/WARN]: [Forbric/MergedBaseCompat] gave net.minecraftforge.client.event.sound.PlayStreamingSourceEvent the no-arg constructor EventBus 6 instantiates — without it every post through its hierarchy threw "Error computing listener list"
[08:30:21] [Render thread/WARN]: [Forbric/MergedBaseCompat] gave net.minecraftforge.client.event.RenderLivingEvent$Pre the no-arg constructor EventBus 6 instantiates — without it every post through its hierarchy threw "Error computing listener list"
[08:30:21] [Render thread/WARN]: [Forbric/MergedBaseCompat] gave net.minecraftforge.client.event.RenderLivingEvent the no-arg constructor EventBus 6 instantiates — without it every post through its hierarchy threw "Error computing listener list"
[08:30:21] [Render thread/WARN]: [Forbric/MergedBaseCompat] gave net.minecraftforge.client.event.RenderLivingEvent$Post the no-arg constructor EventBus 6 instantiates — without it every post through its hierarchy threw "Error computing listener list"
[08:30:21] [Render thread/WARN]: [Forbric/MergedBaseCompat] gave net.minecraftforge.client.event.RenderPlayerEvent$Pre the no-arg constructor EventBus 6 instantiates — without it every post through its hierarchy threw "Error computing listener list"
[08:30:21] [Render thread/WARN]: [Forbric/MergedBaseCompat] gave net.minecraftforge.client.event.RenderPlayerEvent the no-arg constructor EventBus 6 instantiates — without it every post through its hierarchy threw "Error computing listener list"
[08:30:21] [Render thread/WARN]: [Forbric/MergedBaseCompat] gave net.minecraftforge.client.event.RenderPlayerEvent$Post the no-arg constructor EventBus 6 instantiates — without it every post through its hierarchy threw "Error computing listener list"
[08:30:21] [Render thread/WARN]: [Forbric/MergedBaseCompat] gave net.minecraftforge.client.event.RenderItemInFrameEvent the no-arg constructor EventBus 6 instantiates — without it every post through its hierarchy threw "Error computing listener list"
[08:30:21] [Render thread/WARN]: [Forbric/MergedBaseCompat] gave net.minecraftforge.client.event.RenderNameTagEvent the no-arg constructor EventBus 6 instantiates — without it every post through its hierarchy threw "Error computing listener list"
[08:30:21] [Render thread/WARN]: [Forbric/MergedBaseCompat] gave net.minecraftforge.client.event.AddGuiOverlayLayersEvent the no-arg constructor EventBus 6 instantiates — without it every post through its hierarchy threw "Error computing listener list"
[08:30:21] [Render thread/WARN]: [Forbric/MergedBaseCompat] gave net.minecraftforge.client.event.ScreenEvent$MouseDragged$Post the no-arg constructor EventBus 6 instantiates — without it every post through its hierarchy threw "Error computing listener list"
[08:30:21] [Render thread/WARN]: [Forbric/MergedBaseCompat] gave net.minecraftforge.client.event.ScreenEvent$MouseDragged the no-arg constructor EventBus 6 instantiates — without it every post through its hierarchy threw "Error computing listener list"
[08:30:21] [Render thread/WARN]: [Forbric/MergedBaseCompat] gave net.minecraftforge.client.event.ScreenEvent$CharacterTyped$Pre the no-arg constructor EventBus 6 instantiates — without it every post through its hierarchy threw "Error computing listener list"
[08:30:21] [Render thread/WARN]: [Forbric/MergedBaseCompat] gave net.minecraftforge.client.event.ScreenEvent$CharacterTyped the no-arg constructor EventBus 6 instantiates — without it every post through its hierarchy threw "Error computing listener list"
[08:30:21] [Render thread/WARN]: [Forbric/MergedBaseCompat] gave net.minecraftforge.client.event.ScreenEvent$CharacterTyped$Post the no-arg constructor EventBus 6 instantiates — without it every post through its hierarchy threw "Error computing listener list"
[08:30:21] [Render thread/WARN]: [Forbric/MergedBaseCompat] gave net.minecraftforge.client.event.InputEvent$MouseButton$Post the no-arg constructor EventBus 6 instantiates — without it every post through its hierarchy threw "Error computing listener list"
[08:30:21] [Render thread/WARN]: [Forbric/MergedBaseCompat] gave net.minecraftforge.client.event.InputEvent$MouseButton the no-arg constructor EventBus 6 instantiates — without it every post through its hierarchy threw "Error computing listener list"
[08:30:21] [Render thread/WARN]: [Forbric/MergedBaseCompat] gave net.minecraftforge.client.event.ScreenEvent$MouseScrolled$Pre the no-arg constructor EventBus 6 instantiates — without it every post through its hierarchy threw "Error computing listener list"
[08:30:21] [Render thread/WARN]: [Forbric/MergedBaseCompat] gave net.minecraftforge.client.event.ScreenEvent$MouseDragged$Pre the no-arg constructor EventBus 6 instantiates — without it every post through its hierarchy threw "Error computing listener list"
[08:30:21] [Render thread/WARN]: [Forbric/MergedBaseCompat] gave net.minecraftforge.client.event.ClientPlayerNetworkEvent$Clone the no-arg constructor EventBus 6 instantiates — without it every post through its hierarchy threw "Error computing listener list"
[08:30:21] [Render thread/WARN]: [Forbric/MergedBaseCompat] gave net.minecraftforge.client.event.ClientPlayerNetworkEvent$LoggingOut the no-arg constructor EventBus 6 instantiates — without it every post through its hierarchy threw "Error computing listener list"
[08:30:21] [Render thread/WARN]: [Forbric/MergedBaseCompat] gave net.minecraftforge.client.event.InputEvent$MouseButton$Pre the no-arg constructor EventBus 6 instantiates — without it every post through its hierarchy threw "Error computing listener list"
[08:30:21] [Render thread/WARN]: [Forbric/MergedBaseCompat] gave net.minecraftforge.client.event.ScreenEvent$KeyReleased$Pre the no-arg constructor EventBus 6 instantiates — without it every post through its hierarchy threw "Error computing listener list"
[08:30:21] [Render thread/WARN]: [Forbric/MergedBaseCompat] gave net.minecraftforge.client.event.ScreenEvent$KeyPressed$Post the no-arg constructor EventBus 6 instantiates — without it every post through its hierarchy threw "Error computing listener list"
[08:30:21] [Render thread/WARN]: [Forbric/MergedBaseCompat] gave net.minecraftforge.client.event.ScreenEvent$KeyPressed the no-arg constructor EventBus 6 instantiates — without it every post through its hierarchy threw "Error computing listener list"
[08:30:21] [Render thread/WARN]: [Forbric/MergedBaseCompat] gave net.minecraftforge.client.event.ScreenEvent$KeyPressed$Pre the no-arg constructor EventBus 6 instantiates — without it every post through its hierarchy threw "Error computing listener list"
[08:30:21] [Render thread/WARN]: [Forbric/MergedBaseCompat] gave net.minecraftforge.event.TickEvent$RenderTickEvent$Pre the no-arg constructor EventBus 6 instantiates — without it every post through its hierarchy threw "Error computing listener list"
[08:30:21] [Render thread/WARN]: [Forbric/MergedBaseCompat] gave net.minecraftforge.event.TickEvent$RenderTickEvent the no-arg constructor EventBus 6 instantiates — without it every post through its hierarchy threw "Error computing listener list"
[08:30:21] [Render thread/WARN]: [Forbric/MergedBaseCompat] gave net.minecraftforge.event.TickEvent$RenderTickEvent$Post the no-arg constructor EventBus 6 instantiates — without it every post through its hierarchy threw "Error computing listener list"
[08:30:21] [Render thread/WARN]: [Forbric/MergedBaseCompat] gave net.minecraftforge.client.event.ScreenEvent$Opening the no-arg constructor EventBus 6 instantiates — without it every post through its hierarchy threw "Error computing listener list"
[08:30:21] [Render thread/WARN]: [Forbric/MergedBaseCompat] gave net.minecraftforge.client.event.EntityRenderersEvent$AddLayers the no-arg constructor EventBus 6 instantiates — without it every post through its hierarchy threw "Error computing listener list"
[08:30:21] [Render thread/WARN]: [Forbric/MergedBaseCompat] gave net.minecraftforge.client.event.ScreenshotEvent the no-arg constructor EventBus 6 instantiates — without it every post through its hierarchy threw "Error computing listener list"
[08:30:21] [Render thread/WARN]: [Forbric/MergedBaseCompat] gave net.minecraftforge.client.event.ViewportEvent$ComputeFov the no-arg constructor EventBus 6 instantiates — without it every post through its hierarchy threw "Error computing listener list"
[08:30:21] [Render thread/WARN]: [Forbric/MergedBaseCompat] gave net.minecraftforge.client.event.RenderArmEvent the no-arg constructor EventBus 6 instantiates — without it every post through its hierarchy threw "Error computing listener list"
[08:30:21] [Render thread/WARN]: [Forbric/MergedBaseCompat] gave net.minecraftforge.client.event.InputEvent$MouseScrollingEvent the no-arg constructor EventBus 6 instantiates — without it every post through its hierarchy threw "Error computing listener list"
[08:30:21] [Render thread/WARN]: [Forbric/MergedBaseCompat] gave net.minecraftforge.client.event.ScreenEvent$Closing the no-arg constructor EventBus 6 instantiates — without it every post through its hierarchy threw "Error computing listener list"
[08:30:21] [Render thread/INFO]: [Forbric/EventMux] all 30 CLIENT_GAME_BUS bridge(s) installed — both Forge families receive these events 1:1
[08:30:21] [Render thread/INFO]: [Forbric/Lifecycle] started NeoForge.EVENT_BUS (game events now dispatch)
[08:30:21] [Render thread/INFO]: [Forbric/Lifecycle] started MinecraftForge.EVENT_BUS (game events now dispatch)
[08:30:21] [Render thread/INFO]: [Forbric/Lifecycle] opened late MinecraftForge configs (CLIENT): applied 0, already loaded 1, failed 0 from /Users/charlescai/Desktop/dsh/实验/forbric/mf-wt/forbric-kernel/run/compat/reports/2026-10-08-merge-fixes/merged-base/evidence/run-user12/per-mod/run/000-modmenu__fabric/config
[08:30:21] [Render thread/INFO]: [Forbric/Lifecycle] opened late MinecraftForge configs (COMMON): applied 0, already loaded 1, failed 0 from /Users/charlescai/Desktop/dsh/实验/forbric/mf-wt/forbric-kernel/run/compat/reports/2026-10-08-merge-fixes/merged-base/evidence/run-user12/per-mod/run/000-modmenu__fabric/config
[08:30:21] [Render thread/INFO]: [Forbric/EventMux] all 3 CLIENT_INIT bridge(s) installed — both Forge families receive these events 1:1
[08:30:21] [Render thread/WARN]: [Forbric/ClientResources] could not preload the client resource manager — a mod reading its own asset from client setup will get an empty Optional, and several call get() on it without checking
[08:30:21] [Render thread/INFO]: [Forbric/Lifecycle] posted FML common setup to 16 NeoForge mod(s)
[08:30:21] [Render thread/INFO]: [Forbric/Lifecycle] posted FML client setup to 16 NeoForge mod(s)
[08:30:21] [Render thread/INFO]: [Forbric/Lifecycle] ran NeoForge's registration events (6 step(s), each on its own) — capabilities and data maps are registered, and its cauldron/forced-chunk/data-component/POI built-ins initialised, 10 data map type(s)
[08:30:21] [Render thread/INFO]: [Forbric/Lifecycle] posted FML IMC enqueue to 16 NeoForge mod(s)
[08:30:21] [Render thread/INFO]: [Forbric/Lifecycle] posted FML IMC process to 16 NeoForge mod(s)
[08:30:21] [Render thread/INFO]: [Forbric/Lifecycle] posted FML load complete to 16 NeoForge mod(s)
[08:30:21] [Render thread/INFO]: [Forbric/Access] replayed 1 previously unmatched directive(s) on restored members
[08:30:21] [Render thread/INFO]: [Forbric/Access] 148 directive(s) matched nothing across 622 transformed class(es) (148 AT, 0 AW): 0 re-typed by an ecosystem, 0 with the name present under another descriptor this Minecraft ships (an overload it lacks, or the game's own drift — not judged), 148 stale on this Minecraft as on a native loader
[08:30:21] [Render thread/INFO]: [Forbric/Access] AT directive from carrier:forge-runtime-interop.jar names a member this Minecraft does not have (stale, ignored here as on a native loader): PUBLIC net/minecraft/server/level/ServerLevel m_142646_()Lnet/minecraft/world/level/entity/LevelEntityGetter;
[08:30:21] [Render thread/INFO]: [Forbric/Access] AT directive from carrier:forge-runtime-interop.jar names a member this Minecraft does not have (stale, ignored here as on a native loader): PROTECTED net/minecraft/server/MinecraftServer f_302313_
[08:30:21] [Render thread/INFO]: [Forbric/Access] AT directive from carrier:forge-runtime-interop.jar names a member this Minecraft does not have (stale, ignored here as on a native loader): PUBLIC net/minecraft/server/MinecraftServer f_303727_
[08:30:21] [Render thread/INFO]: [Forbric/Access] AT directive from carrier:forge-runtime-interop.jar names a member this Minecraft does not have (stale, ignored here as on a native loader): PUBLIC net/minecraft/util/thread/BlockableEventLoop m_18689_(Ljava/lang/Runnable;)Ljava/util/concurrent/CompletableFuture;
[08:30:21] [Render thread/INFO]: [Forbric/Access] AT directive from carrier:forge-runtime-interop.jar names a member this Minecraft does not have (stale, ignored here as on a native loader): PUBLIC net/minecraft/world/level/block/Block m_49805_(Lnet/minecraft/server/level/ServerLevel;Lnet/minecraft/core/BlockPos;I)V
[08:30:21] [Render thread/INFO]: [Forbric/Access] AT directive from carrier:forge-runtime-interop.jar names a member this Minecraft does not have (stale, ignored here as on a native loader): PROTECTED net/minecraft/world/entity/Entity f_19843_
[08:30:21] [Render thread/INFO]: [Forbric/Access] AT directive from carrier:forge-runtime-interop.jar names a member this Minecraft does not have (stale, ignored here as on a native loader): PUBLIC net/minecraft/world/entity/Entity m_20078_()Ljava/lang/String;
[08:30:21] [Render thread/INFO]: [Forbric/Access] AT directive from carrier:forge-runtime-interop.jar names a member this Minecraft does not have (stale, ignored here as on a native loader): PUBLIC net/minecraft/commands/arguments/selector/options/EntitySelectorOptions m_121453_(Ljava/lang/String;Lnet/minecraft/commands/arguments/selector/options/EntitySelectorOptions$Modifier;Ljava/util/function/Predicate;Lnet/minecraft/network/chat/Component;)V
[08:30:21] [Render thread/INFO]: [Forbric/Access] AT directive from carrier:forge-runtime-interop.jar names a member this Minecraft does not have (stale, ignored here as on a native loader): PUBLIC net/minecraft/commands/arguments/selector/EntitySelectorParser m_121229_()V
[08:30:21] [Render thread/INFO]: [Forbric/Access] AT directive from carrier:forge-runtime-interop.jar names a member this Minecraft does not have (stale, ignored here as on a native loader): PUBLIC net/minecraft/commands/arguments/selector/EntitySelectorParser m_121317_()V
[08:30:21] [Render thread/INFO]: [Forbric/Access] AT directive from carrier:forge-runtime-interop.jar names a member this Minecraft does not have (stale, ignored here as on a native loader): PUBLIC net/minecraft/client/multiplayer/ClientPacketListener f_104899_
[08:30:21] [Render thread/INFO]: [Forbric/Access] AT directive from carrier:forge-runtime-interop.jar names a member this Minecraft does not have (stale, ignored here as on a native loader): PUBLIC net/minecraft/world/level/block/FireBlock m_221164_(Lnet/minecraft/world/level/block/state/BlockState;)I
[08:30:21] [Render thread/INFO]: [Forbric/Access] AT directive from carrier:forge-runtime-interop.jar names a member this Minecraft does not have (stale, ignored here as on a native loader): PUBLIC net/minecraft/world/level/block/FireBlock m_221166_(Lnet/minecraft/world/level/block/state/BlockState;)I
[08:30:21] [Render thread/INFO]: [Forbric/Access] AT directive from carrier:forge-runtime-interop.jar names a member this Minecraft does not have (stale, ignored here as on a native loader): PUBLIC net/minecraft/world/entity/Mob f_21345_
[08:30:21] [Render thread/INFO]: [Forbric/Access] AT directive from carrier:forge-runtime-interop.jar names a member this Minecraft does not have (stale, ignored here as on a native loader): PUBLIC net/minecraft/world/entity/Mob f_21346_
[08:30:21] [Render thread/INFO]: [Forbric/Access] AT directive from carrier:forge-runtime-interop.jar names a member this Minecraft does not have (stale, ignored here as on a native loader): PUBLIC net/minecraft/world/level/Level f_46437_
[08:30:21] [Render thread/INFO]: [Forbric/Access] AT directive from carrier:forge-runtime-interop.jar names a member this Minecraft does not have (stale, ignored here as on a native loader): PUBLIC net/minecraft/world/level/Level f_46438_
[08:30:21] [Render thread/INFO]: [Forbric/Access] AT directive from carrier:forge-runtime-interop.jar names a member this Minecraft does not have (stale, ignored here as on a native loader): PUBLIC net/minecraft/world/level/Level f_46439_
[08:30:21] [Render thread/INFO]: [Forbric/Access] AT directive from carrier:forge-runtime-interop.jar names a member this Minecraft does not have (stale, ignored here as on a native loader): PUBLIC net/minecraft/world/level/Level f_46440_
[08:30:21] [Render thread/INFO]: [Forbric/Access] AT directive from carrier:forge-runtime-interop.jar names a member this Minecraft does not have (stale, ignored here as on a native loader): PROTECTED net/minecraft/data/tags/TagsProvider f_126543_
[08:30:21] [Render thread/INFO]: [Forbric/Access] AT directive from carrier:forge-runtime-interop.jar names a member this Minecraft does not have (stale, ignored here as on a native loader): PUBLIC-f net/minecraft/data/tags/TagsProvider m_6055_()Ljava/lang/String;
[08:30:21] [Render thread/INFO]: [Forbric/Access] AT directive from carrier:forge-runtime-interop.jar names a member this Minecraft does not have (stale, ignored here as on a native loader): PROTECTED net/minecraft/data/loot/BlockLootSubProvider m_245335_(Lnet/minecraft/world/level/ItemLike;)Lnet/minecraft/world/level/storage/loot/LootTable$Builder;
[08:30:21] [Render thread/INFO]: [Forbric/Access] AT directive from carrier:forge-runtime-interop.jar names a member this Minecraft does not have (stale, ignored here as on a native loader): PROTECTED net/minecraft/data/loot/BlockLootSubProvider m_245602_(Lnet/minecraft/world/level/ItemLike;)Lnet/minecraft/world/level/storage/loot/LootTable$Builder;
[08:30:21] [Render thread/INFO]: [Forbric/Access] AT directive from carrier:forge-runtime-interop.jar names a member this Minecraft does not have (stale, ignored here as on a native loader): PROTECTED net/minecraft/data/loot/BlockLootSubProvider m_246900_(Lnet/minecraft/world/level/block/Block;Lnet/minecraft/world/level/storage/loot/predicates/LootItemCondition$Builder;Lnet/minecraft/world/level/storage/loot/entries/LootPoolEntryContainer$Builder;)Lnet/minecraft/world/level/storage/loot/LootTable$Builder;
[08:30:21] [Render thread/INFO]: [Forbric/Access] AT directive from carrier:forge-runtime-interop.jar names a member this Minecraft does not have (stale, ignored here as on a native loader): PUBLIC net/minecraft/client/Minecraft f_90987_
[08:30:21] [Render thread/INFO]: [Forbric/Access] AT directive from carrier:forge-runtime-interop.jar names a member this Minecraft does not have (stale, ignored here as on a native loader): PUBLIC net/minecraft/world/entity/player/Player m_6915_()V
[08:30:21] [Render thread/INFO]: [Forbric/Access] AT directive from carrier:forge-runtime-interop.jar names a member this Minecraft does not have (stale, ignored here as on a native loader): PUBLIC net/minecraft/server/level/ServerPlayer f_8940_
[08:30:21] [Render thread/INFO]: [Forbric/Access] AT directive from carrier:forge-runtime-interop.jar names a member this Minecraft does not have (stale, ignored here as on a native loader): PUBLIC net/minecraft/server/level/ServerPlayer m_143399_(Lnet/minecraft/world/inventory/AbstractContainerMenu;)V
[08:30:21] [Render thread/INFO]: [Forbric/Access] AT directive from carrier:forge-runtime-interop.jar names a member this Minecraft does not have (stale, ignored here as on a native loader): PUBLIC net/minecraft/server/level/ServerPlayer m_9217_()V
[08:30:21] [Render thread/INFO]: [Forbric/Access] AT directive from carrier:forge-runtime-interop.jar names a member this Minecraft does not have (stale, ignored here as on a native loader): PUBLIC net/minecraft/client/player/LocalPlayer m_8088_()I
[08:30:21] [Render thread/INFO]: [Forbric/Access] AT directive from carrier:forge-runtime-interop.jar names a member this Minecraft does not have (stale, ignored here as on a native loader): PACKAGE net/minecraft/client/KeyMapping f_90817_
[08:30:21] [Render thread/INFO]: [Forbric/Access] AT directive from carrier:forge-runtime-interop.jar names a member this Minecraft does not have (stale, ignored here as on a native loader): PUBLIC net/minecraft/world/level/GameRules$BooleanValue m_46250_(Z)Lnet/minecraft/world/level/GameRules$Type;
[08:30:21] [Render thread/INFO]: [Forbric/Access] AT directive from carrier:forge-runtime-interop.jar names a member this Minecraft does not have (stale, ignored here as on a native loader): PUBLIC net/minecraft/world/level/GameRules$BooleanValue m_46252_(ZLjava/util/function/BiConsumer;)Lnet/minecraft/world/level/GameRules$Type;
[08:30:21] [Render thread/INFO]: [Forbric/Access] AT directive from carrier:forge-runtime-interop.jar names a member this Minecraft does not have (stale, ignored here as on a native loader): PUBLIC net/minecraft/world/level/GameRules m_46189_(Ljava/lang/String;Lnet/minecraft/world/level/GameRules$Category;Lnet/minecraft/world/level/GameRules$Type;)Lnet/minecraft/world/level/GameRules$Key;
[08:30:21] [Render thread/INFO]: [Forbric/Access] AT directive from carrier:forge-runtime-interop.jar names a member this Minecraft does not have (stale, ignored here as on a native loader): PUBLIC net/minecraft/world/level/GameRules$IntegerValue m_46294_(ILjava/util/function/BiConsumer;)Lnet/minecraft/world/level/GameRules$Type;
[08:30:21] [Render thread/INFO]: [Forbric/Access] AT directive from carrier:forge-runtime-interop.jar names a member this Minecraft does not have (stale, ignored here as on a native loader): PUBLIC net/minecraft/world/level/GameRules$IntegerValue m_46312_(I)Lnet/minecraft/world/level/GameRules$Type;
[08:30:21] [Render thread/INFO]: [Forbric/Access] AT directive from carrier:forge-runtime-interop.jar names a member this Minecraft does not have (stale, ignored here as on a native loader): PUBLIC net/minecraft/client/gui/screens/Screen f_169369_
[08:30:21] [Render thread/INFO]: [Forbric/Access] AT directive from carrier:forge-runtime-interop.jar names a member this Minecraft does not have (stale, ignored here as on a native loader): PUBLIC net/minecraft/world/inventory/AnvilMenu f_39000_
[08:30:21] [Render thread/INFO]: [Forbric/Access] AT directive from carrier:forge-runtime-interop.jar names a member this Minecraft does not have (stale, ignored here as on a native loader): PUBLIC net/minecraft/world/item/CreativeModeTabs f_256725_
[08:30:21] [Render thread/INFO]: [Forbric/Access] AT directive from carrier:forge-runtime-interop.jar names a member this Minecraft does not have (stale, ignored here as on a native loader): PUBLIC net/minecraft/world/item/CreativeModeTabs f_256731_
[08:30:21] [Render thread/INFO]: [Forbric/Access] AT directive from carrier:forge-runtime-interop.jar names a member this Minecraft does not have (stale, ignored here as on a native loader): PUBLIC net/minecraft/world/item/CreativeModeTabs f_256750_
[08:30:21] [Render thread/INFO]: [Forbric/Access] AT directive from carrier:forge-runtime-interop.jar names a member this Minecraft does not have (stale, ignored here as on a native loader): PUBLIC net/minecraft/world/item/CreativeModeTabs f_256776_
[08:30:21] [Render thread/INFO]: [Forbric/Access] AT directive from carrier:forge-runtime-interop.jar names a member this Minecraft does not have (stale, ignored here as on a native loader): PUBLIC net/minecraft/world/item/CreativeModeTabs f_256788_
[08:30:21] [Render thread/INFO]: [Forbric/Access] AT directive from carrier:forge-runtime-interop.jar names a member this Minecraft does not have (stale, ignored here as on a native loader): PUBLIC net/minecraft/world/item/CreativeModeTabs f_256791_
[08:30:21] [Render thread/INFO]: [Forbric/Access] AT directive from carrier:forge-runtime-interop.jar names a member this Minecraft does not have (stale, ignored here as on a native loader): PUBLIC net/minecraft/world/item/CreativeModeTabs f_256797_
[08:30:21] [Render thread/INFO]: [Forbric/Access] AT directive from carrier:forge-runtime-interop.jar names a member this Minecraft does not have (stale, ignored here as on a native loader): PUBLIC net/minecraft/world/item/CreativeModeTabs f_256837_
[08:30:21] [Render thread/INFO]: [Forbric/Access] AT directive from carrier:forge-runtime-interop.jar names a member this Minecraft does not have (stale, ignored here as on a native loader): PUBLIC net/minecraft/world/item/CreativeModeTabs f_256839_
[08:30:21] [Render thread/INFO]: [Forbric/Access] AT directive from carrier:forge-runtime-interop.jar names a member this Minecraft does not have (stale, ignored here as on a native loader): PUBLIC net/minecraft/world/item/CreativeModeTabs f_256869_
[08:30:21] [Render thread/INFO]: [Forbric/Access] AT directive from carrier:forge-runtime-interop.jar names a member this Minecraft does not have (stale, ignored here as on a native loader): PUBLIC net/minecraft/world/item/CreativeModeTabs f_256917_
[08:30:21] [Render thread/INFO]: [Forbric/Access] AT directive from carrier:forge-runtime-interop.jar names a member this Minecraft does not have (stale, ignored here as on a native loader): PUBLIC net/minecraft/world/item/CreativeModeTabs f_256968_
[08:30:21] [Render thread/INFO]: [Forbric/Access] AT directive from carrier:forge-runtime-interop.jar names a member this Minecraft does not have (stale, ignored here as on a native loader): PUBLIC net/minecraft/world/item/CreativeModeTabs f_257028_
[08:30:21] [Render thread/INFO]: [Forbric/Access] AT directive from carrier:forge-runtime-interop.jar names a member this Minecraft does not have (stale, ignored here as on a native loader): PUBLIC net/minecraft/world/item/CreativeModeTabs f_257039_
[08:30:21] [Render thread/INFO]: [Forbric/Access] AT directive from carrier:forge-runtime-interop.jar names a member this Minecraft does not have (stale, ignored here as on a native loader): PUBLIC-f net/minecraft/client/Options f_92059_
[08:30:21] [Render thread/INFO]: [Forbric/Access] AT directive from carrier:forge-runtime-interop.jar names a member this Minecraft does not have (stale, ignored here as on a native loader): PRIVATE-f net/minecraft/world/level/storage/loot/LootPool f_79028_
[08:30:21] [Render thread/INFO]: [Forbric/Access] AT directive from carrier:forge-runtime-interop.jar names a member this Minecraft does not have (stale, ignored here as on a native loader): PRIVATE-f net/minecraft/world/level/storage/loot/LootPool f_79029_
[08:30:21] [Render thread/INFO]: [Forbric/Access] AT directive from carrier:forge-runtime-interop.jar names a member this Minecraft does not have (stale, ignored here as on a native loader): PROTECTED net/minecraft/client/resources/model/ModelBakery m_119364_(Lnet/minecraft/resources/ResourceLocation;)Lnet/minecraft/client/renderer/block/model/BlockModel;
[08:30:21] [Render thread/INFO]: [Forbric/Access] AT directive from carrier:forge-runtime-interop.jar names a member this Minecraft does not have (stale, ignored here as on a native loader): PUBLIC net/minecraft/server/network/ServerConfigurationPacketListenerImpl m_293514_(Lnet/minecraft/server/network/ConfigurationTask$Type;)V
[08:30:21] [Render thread/INFO]: [Forbric/Access] AT directive from carrier:forge-runtime-interop.jar names a member this Minecraft does not have (stale, ignored here as on a native loader): PUBLIC net/minecraft/client/particle/ParticleEngine m_107378_(Lnet/minecraft/core/particles/ParticleType;Lnet/minecraft/client/particle/ParticleEngine$SpriteParticleRegistration;)V
[08:30:21] [Render thread/INFO]: [Forbric/Access] AT directive from carrier:forge-runtime-interop.jar names a member this Minecraft does not have (stale, ignored here as on a native loader): PUBLIC net/minecraft/client/particle/ParticleEngine m_107381_(Lnet/minecraft/core/particles/ParticleType;Lnet/minecraft/client/particle/ParticleProvider;)V
[08:30:21] [Render thread/INFO]: [Forbric/Access] AT directive from carrier:forge-runtime-interop.jar names a member this Minecraft does not have (stale, ignored here as on a native loader): PUBLIC net/minecraft/client/particle/ParticleEngine m_272137_(Lnet/minecraft/core/particles/ParticleType;Lnet/minecraft/client/particle/ParticleProvider$Sprite;)V
[08:30:21] [Render thread/INFO]: [Forbric/Access] AT directive from carrier:forge-runtime-interop.jar names a member this Minecraft does not have (stale, ignored here as on a native loader): PUBLIC net/minecraft/world/item/crafting/Ingredient m_43938_(Ljava/util/stream/Stream;)Lnet/minecraft/world/item/crafting/Ingredient;
[08:30:21] [Render thread/INFO]: [Forbric/Access] AT directive from carrier:forge-runtime-interop.jar names a member this Minecraft does not have (stale, ignored here as on a native loader): PRIVATE-f net/minecraft/world/level/levelgen/DebugLevelSource f_64114_
[08:30:21] [Render thread/INFO]: [Forbric/Access] AT directive from carrier:forge-runtime-interop.jar names a member this Minecraft does not have (stale, ignored here as on a native loader): PRIVATE-f net/minecraft/world/level/levelgen/DebugLevelSource f_64115_
[08:30:21] [Render thread/INFO]: [Forbric/Access] AT directive from carrier:forge-runtime-interop.jar names a member this Minecraft does not have (stale, ignored here as on a native loader): PRIVATE-f net/minecraft/world/level/levelgen/DebugLevelSource f_64116_
[08:30:21] [Render thread/INFO]: [Forbric/Access] AT directive from carrier:forge-runtime-interop.jar names a member this Minecraft does not have (stale, ignored here as on a native loader): PROTECTED net/minecraft/core/IdMapper f_122653_
[08:30:21] [Render thread/INFO]: [Forbric/Access] AT directive from carrier:forge-runtime-interop.jar names a member this Minecraft does not have (stale, ignored here as on a native loader): PROTECTED net/minecraft/core/IdMapper f_122654_
[08:30:21] [Render thread/INFO]: [Forbric/Access] AT directive from carrier:forge-runtime-interop.jar names a member this Minecraft does not have (stale, ignored here as on a native loader): PROTECTED net/minecraft/core/IdMapper f_122655_
[08:30:21] [Render thread/INFO]: [Forbric/Access] AT directive from carrier:forge-runtime-interop.jar names a member this Minecraft does not have (stale, ignored here as on a native loader): PROTECTED net/minecraft/core/MappedRegistry f_244282_
[08:30:21] [Render thread/INFO]: [Forbric/Access] AT directive from carrier:forge-runtime-interop.jar names a member this Minecraft does not have (stale, ignored here as on a native loader): PROTECTED net/minecraft/core/MappedRegistry m_245420_(Lnet/minecraft/resources/ResourceKey;)Lnet/minecraft/core/Holder$Reference;
[08:30:21] [Render thread/INFO]: [Forbric/Access] AT directive from carrier:forge-runtime-interop.jar names a member this Minecraft does not have (stale, ignored here as on a native loader): PUBLIC net/minecraft/client/renderer/entity/ItemRenderer m_115162_(Lcom/mojang/blaze3d/vertex/PoseStack;Lcom/mojang/blaze3d/vertex/VertexConsumer;Ljava/util/List;Lnet/minecraft/world/item/ItemStack;II)V
[08:30:21] [Render thread/INFO]: [Forbric/Access] AT directive from carrier:forge-runtime-interop.jar names a member this Minecraft does not have (stale, ignored here as on a native loader): PUBLIC net/minecraft/client/renderer/entity/ItemRenderer m_115189_(Lnet/minecraft/client/resources/model/BakedModel;Lnet/minecraft/world/item/ItemStack;IILcom/mojang/blaze3d/vertex/PoseStack;Lcom/mojang/blaze3d/vertex/VertexConsumer;)V
[08:30:21] [Render thread/INFO]: [Forbric/Access] AT directive from carrier:forge-runtime-interop.jar names a member this Minecraft does not have (stale, ignored here as on a native loader): PUBLIC net/minecraft/client/renderer/blockentity/BlockEntityRenderers m_173590_(Lnet/minecraft/world/level/block/entity/BlockEntityType;Lnet/minecraft/client/renderer/blockentity/BlockEntityRendererProvider;)V
[08:30:21] [Render thread/INFO]: [Forbric/Access] AT directive from carrier:forge-runtime-interop.jar names a member this Minecraft does not have (stale, ignored here as on a native loader): PUBLIC net/minecraft/client/model/geom/LayerDefinitions f_171106_
[08:30:21] [Render thread/INFO]: [Forbric/Access] AT directive from carrier:forge-runtime-interop.jar names a member this Minecraft does not have (stale, ignored here as on a native loader): PUBLIC net/minecraft/client/model/geom/LayerDefinitions f_171107_
[08:30:21] [Render thread/INFO]: [Forbric/Access] AT directive from carrier:forge-runtime-interop.jar names a member this Minecraft does not have (stale, ignored here as on a native loader): PUBLIC net/minecraft/client/renderer/entity/EntityRenderers m_174036_(Lnet/minecraft/world/entity/EntityType;Lnet/minecraft/client/renderer/entity/EntityRendererProvider;)V
[08:30:21] [Render thread/INFO]: [Forbric/Access] AT directive from carrier:forge-runtime-interop.jar names a member this Minecraft does not have (stale, ignored here as on a native loader): PUBLIC net/minecraft/client/renderer/entity/LivingEntityRenderer m_115326_(Lnet/minecraft/client/renderer/entity/layers/RenderLayer;)Z
[08:30:21] [Render thread/INFO]: [Forbric/Access] AT directive from carrier:forge-runtime-interop.jar names a member this Minecraft does not have (stale, ignored here as on a native loader): PUBLIC net/minecraft/client/renderer/LevelRenderer m_109817_()Z
[08:30:21] [Render thread/INFO]: [Forbric/Access] AT directive from carrier:forge-runtime-interop.jar names a member this Minecraft does not have (stale, ignored here as on a native loader): PUBLIC net/minecraft/client/renderer/GameRenderer m_109128_(Lnet/minecraft/resources/ResourceLocation;)V
[08:30:21] [Render thread/INFO]: [Forbric/Access] AT directive from carrier:forge-runtime-interop.jar names a member this Minecraft does not have (stale, ignored here as on a native loader): PUBLIC net/minecraft/client/sounds/SoundEngine f_120217_
[08:30:21] [Render thread/INFO]: [Forbric/Access] AT directive from carrier:forge-runtime-interop.jar names a member this Minecraft does not have (stale, ignored here as on a native loader): PUBLIC net/minecraft/world/level/block/entity/HopperBlockEntity m_59395_(I)V
[08:30:21] [Render thread/INFO]: [Forbric/Access] AT directive from carrier:forge-runtime-interop.jar names a member this Minecraft does not have (stale, ignored here as on a native loader): PUBLIC net/minecraft/world/level/block/entity/HopperBlockEntity m_59409_()Z
[08:30:21] [Render thread/INFO]: [Forbric/Access] AT directive from carrier:forge-runtime-interop.jar names a member this Minecraft does not have (stale, ignored here as on a native loader): PROTECTED net/minecraft/client/gui/components/DebugScreenOverlay f_94032_
[08:30:21] [Render thread/INFO]: [Forbric/Access] AT directive from carrier:forge-runtime-interop.jar names a member this Minecraft does not have (stale, ignored here as on a native loader): PROTECTED net/minecraft/client/gui/components/DebugScreenOverlay f_94033_
[08:30:21] [Render thread/INFO]: [Forbric/Access] AT directive from carrier:forge-runtime-interop.jar names a member this Minecraft does not have (stale, ignored here as on a native loader): PROTECTED net/minecraft/client/gui/components/DebugScreenOverlay m_286013_(Lnet/minecraft/client/gui/GuiGraphics;Ljava/util/List;Z)V
[08:30:21] [Render thread/INFO]: [Forbric/Access] AT directive from carrier:forge-runtime-interop.jar names a member this Minecraft does not have (stale, ignored here as on a native loader): PUBLIC net/minecraft/client/renderer/RenderType m_173215_(Ljava/lang/String;Lcom/mojang/blaze3d/vertex/VertexFormat;Lcom/mojang/blaze3d/vertex/VertexFormat$Mode;IZZLnet/minecraft/client/renderer/RenderType$CompositeState;)Lnet/minecraft/client/renderer/RenderType$CompositeRenderType;
[08:30:21] [Render thread/INFO]: [Forbric/Access] AT directive from carrier:forge-runtime-interop.jar names a member this Minecraft does not have (stale, ignored here as on a native loader): PROTECTED-f net/minecraft/client/renderer/RenderStateShard f_110131_
[08:30:21] [Render thread/INFO]: [Forbric/Access] AT directive from carrier:forge-runtime-interop.jar names a member this Minecraft does not have (stale, ignored here as on a native loader): PUBLIC net/minecraft/client/renderer/blockentity/BlockEntityRenderDispatcher f_112253_
[08:30:21] [Render thread/INFO]: [Forbric/Access] AT directive from carrier:forge-runtime-interop.jar names a member this Minecraft does not have (stale, ignored here as on a native loader): PROTECTED net/minecraft/world/level/portal/PortalForcer f_77648_
[08:30:21] [Render thread/INFO]: [Forbric/Access] AT directive from carrier:forge-runtime-interop.jar names a member this Minecraft does not have (stale, ignored here as on a native loader): PROTECTED net/minecraft/world/entity/monster/Zombie f_34266_
[08:30:21] [Render thread/INFO]: [Forbric/Access] AT directive from carrier:forge-runtime-interop.jar names a member this Minecraft does not have (stale, ignored here as on a native loader): PROTECTED net/minecraft/world/level/levelgen/NoiseBasedChunkGenerator m_224239_(Lnet/minecraft/world/level/LevelHeightAccessor;Lnet/minecraft/world/level/levelgen/RandomState;IILorg/apache/commons/lang3/mutable/MutableObject;Ljava/util/function/Predicate;)Ljava/util/OptionalInt;
[08:30:21] [Render thread/INFO]: [Forbric/Access] AT directive from carrier:forge-runtime-interop.jar names a member this Minecraft does not have (stale, ignored here as on a native loader): PUBLIC net/minecraft/server/level/ServerChunkCache f_8329_
[08:30:21] [Render thread/INFO]: [Forbric/Access] AT directive from carrier:forge-runtime-interop.jar names a member this Minecraft does not have (stale, ignored here as on a native loader): PUBLIC net/minecraft/client/multiplayer/SessionSearchTrees f_336706_
[08:30:21] [Render thread/INFO]: [Forbric/Access] AT directive from carrier:forge-runtime-interop.jar names a member this Minecraft does not have (stale, ignored here as on a native loader): PUBLIC net/minecraft/client/multiplayer/SessionSearchTrees f_337599_
[08:30:21] [Render thread/INFO]: [Forbric/Access] AT directive from carrier:forge-runtime-interop.jar names a member this Minecraft does not have (stale, ignored here as on a native loader): PROTECTED net/minecraft/client/gui/components/AbstractSelectionList$Entry f_93521_
[08:30:21] [Render thread/INFO]: [Forbric/Access] AT directive from carrier:forge-runtime-interop.jar names a member this Minecraft does not have (stale, ignored here as on a native loader): PUBLIC net/minecraft/client/renderer/entity/EntityRenderDispatcher f_114362_
[08:30:21] [Render thread/INFO]: [Forbric/Access] AT directive from carrier:forge-runtime-interop.jar names a member this Minecraft does not have (stale, ignored here as on a native loader): PUBLIC net/minecraft/client/renderer/texture/SpriteContents f_243731_
[08:30:21] [Render thread/INFO]: [Forbric/Access] AT directive from carrier:forge-runtime-interop.jar names a member this Minecraft does not have (stale, ignored here as on a native loader): PACKAGE net/minecraft/client/renderer/texture/SpriteContents f_244575_
[08:30:21] [Render thread/INFO]: [Forbric/Access] AT directive from carrier:forge-runtime-interop.jar names a member this Minecraft does not have (stale, ignored here as on a native loader): PACKAGE net/minecraft/client/renderer/texture/SpriteContents m_245088_()I
[08:30:21] [Render thread/INFO]: [Forbric/Access] AT directive from carrier:forge-runtime-interop.jar names a member this Minecraft does not have (stale, ignored here as on a native loader): PUBLIC net/minecraft/resources/ResourceLocation m_135835_(C)Z
[08:30:21] [Render thread/INFO]: [Forbric/Access] AT directive from carrier:forge-runtime-interop.jar names a member this Minecraft does not have (stale, ignored here as on a native loader): PUBLIC net/minecraft/resources/ResourceLocation m_135841_(Ljava/lang/String;)Z
[08:30:21] [Render thread/INFO]: [Forbric/Access] AT directive from carrier:forge-runtime-interop.jar names a member this Minecraft does not have (stale, ignored here as on a native loader): PUBLIC net/minecraft/resources/ResourceLocation m_135843_(Ljava/lang/String;)Z
[08:30:21] [Render thread/INFO]: [Forbric/Access] AT directive from carrier:forge-runtime-interop.jar names a member this Minecraft does not have (stale, ignored here as on a native loader): PUBLIC net/minecraft/core/Holder$Reference m_205769_(Ljava/util/Collection;)V
[08:30:21] [Render thread/INFO]: [Forbric/Access] AT directive from carrier:forge-runtime-interop.jar names a member this Minecraft does not have (stale, ignored here as on a native loader): PUBLIC net/minecraft/core/Holder$Reference m_246870_(Lnet/minecraft/resources/ResourceKey;)V
[08:30:21] [Render thread/INFO]: [Forbric/Access] AT directive from carrier:forge-runtime-interop.jar names a member this Minecraft does not have (stale, ignored here as on a native loader): PUBLIC net/minecraft/core/Holder$Reference m_247654_(Ljava/lang/Object;)V
[08:30:21] [Render thread/INFO]: [Forbric/Access] AT directive from carrier:forge-runtime-interop.jar names a member this Minecraft does not have (stale, ignored here as on a native loader): PUBLIC net/minecraft/advancements/CriteriaTriggers m_10595_(Ljava/lang/String;Lnet/minecraft/advancements/CriterionTrigger;)Lnet/minecraft/advancements/CriterionTrigger;
[08:30:21] [Render thread/INFO]: [Forbric/Access] AT directive from carrier:forge-runtime-interop.jar names a member this Minecraft does not have (stale, ignored here as on a native loader): PROTECTED net/minecraft/world/entity/item/PrimedTnt m_32103_()V
[08:30:21] [Render thread/INFO]: [Forbric/Access] AT directive from carrier:forge-runtime-interop.jar names a member this Minecraft does not have (stale, ignored here as on a native loader): PUBLIC net/minecraft/world/level/block/state/properties/WoodType m_61844_(Lnet/minecraft/world/level/block/state/properties/WoodType;)Lnet/minecraft/world/level/block/state/properties/WoodType;
[08:30:21] [Render thread/INFO]: [Forbric/Access] AT directive from carrier:forge-runtime-interop.jar names a member this Minecraft does not have (stale, ignored here as on a native loader): PUBLIC net/minecraft/world/level/block/state/properties/BlockSetType m_272115_(Lnet/minecraft/world/level/block/state/properties/BlockSetType;)Lnet/minecraft/world/level/block/state/properties/BlockSetType;
[08:30:21] [Render thread/INFO]: [Forbric/Access] AT directive from carrier:forge-runtime-interop.jar names a member this Minecraft does not have (stale, ignored here as on a native loader): PUBLIC net/minecraft/core/HolderSet$Named m_205835_(Ljava/util/List;)V
[08:30:21] [Render thread/INFO]: [Forbric/Access] AT directive from carrier:forge-runtime-interop.jar names a member this Minecraft does not have (stale, ignored here as on a native loader): PUBLIC net/minecraft/world/entity/ExperienceOrb f_20770_
[08:30:21] [Render thread/INFO]: [Forbric/Access] AT directive from carrier:forge-runtime-interop.jar names a member this Minecraft does not have (stale, ignored here as on a native loader): PROTECTED net/minecraft/world/entity/monster/AbstractSkeleton m_7878_()Lnet/minecraft/sounds/SoundEvent;
[08:30:21] [Render thread/INFO]: [Forbric/Access] AT directive from carrier:forge-runtime-interop.jar names a member this Minecraft does not have (stale, ignored here as on a native loader): PROTECTED net/minecraft/world/entity/monster/Skeleton m_7878_()Lnet/minecraft/sounds/SoundEvent;
[08:30:21] [Render thread/INFO]: [Forbric/Access] AT directive from carrier:forge-runtime-interop.jar names a member this Minecraft does not have (stale, ignored here as on a native loader): PROTECTED net/minecraft/world/entity/monster/Stray m_7878_()Lnet/minecraft/sounds/SoundEvent;
[08:30:21] [Render thread/INFO]: [Forbric/Access] AT directive from carrier:forge-runtime-interop.jar names a member this Minecraft does not have (stale, ignored here as on a native loader): PROTECTED net/minecraft/world/entity/monster/WitherSkeleton m_7878_()Lnet/minecraft/sounds/SoundEvent;
[08:30:21] [Render thread/INFO]: [Forbric/Access] AT directive from modernfix-neoforge-5.27.24+mc1.21.1.jar names a member this Minecraft does not have (stale, ignored here as on a native loader): PUBLIC net/minecraft/world/item/crafting/Ingredient$TagValue f_43959_
[08:30:21] [Render thread/INFO]: [Forbric/Access] AT directive from carrier:forge-runtime-interop.jar names a member this Minecraft does not have (stale, ignored here as on a native loader): PROTECTED net/minecraft/world/level/biome/MobSpawnSettings$Builder f_48362_
[08:30:21] [Render thread/INFO]: [Forbric/Access] AT directive from carrier:forge-runtime-interop.jar names a member this Minecraft does not have (stale, ignored here as on a native loader): PROTECTED net/minecraft/world/level/biome/MobSpawnSettings$Builder f_48363_
[08:30:21] [Render thread/INFO]: [Forbric/Access] AT directive from carrier:forge-runtime-interop.jar names a member this Minecraft does not have (stale, ignored here as on a native loader): PROTECTED net/minecraft/world/level/biome/MobSpawnSettings$Builder f_48364_
[08:30:21] [Render thread/INFO]: [Forbric/Access] AT directive from carrier:forge-runtime-interop.jar names a member this Minecraft does not have (stale, ignored here as on a native loader): PUBLIC net/minecraft/world/level/levelgen/NoiseGeneratorSettings m_255038_(Lnet/minecraft/data/worldgen/BootstrapContext;)Lnet/minecraft/world/level/levelgen/NoiseGeneratorSettings;
[08:30:21] [Render thread/INFO]: [Forbric/Access] AT directive from carrier:forge-runtime-interop.jar names a member this Minecraft does not have (stale, ignored here as on a native loader): PUBLIC net/minecraft/world/level/levelgen/NoiseGeneratorSettings m_255186_(Lnet/minecraft/data/worldgen/BootstrapContext;)Lnet/minecraft/world/level/levelgen/NoiseGeneratorSettings;
[08:30:21] [Render thread/INFO]: [Forbric/Access] AT directive from carrier:forge-runtime-interop.jar names a member this Minecraft does not have (stale, ignored here as on a native loader): PUBLIC net/minecraft/world/level/levelgen/NoiseGeneratorSettings m_255226_(Lnet/minecraft/data/worldgen/BootstrapContext;ZZ)Lnet/minecraft/world/level/levelgen/NoiseGeneratorSettings;
[08:30:21] [Render thread/INFO]: [Forbric/Access] AT directive from carrier:forge-runtime-interop.jar names a member this Minecraft does not have (stale, ignored here as on a native loader): PUBLIC net/minecraft/world/level/levelgen/NoiseGeneratorSettings m_255230_(Lnet/minecraft/data/worldgen/BootstrapContext;)Lnet/minecraft/world/level/levelgen/NoiseGeneratorSettings;
[08:30:21] [Render thread/INFO]: [Forbric/Access] AT directive from carrier:forge-runtime-interop.jar names a member this Minecraft does not have (stale, ignored here as on a native loader): PUBLIC net/minecraft/world/level/levelgen/NoiseGeneratorSettings m_255410_(Lnet/minecraft/data/worldgen/BootstrapContext;)Lnet/minecraft/world/level/levelgen/NoiseGeneratorSettings;
[08:30:21] [Render thread/INFO]: [Forbric/Access] AT directive from carrier:forge-runtime-interop.jar names a member this Minecraft does not have (stale, ignored here as on a native loader): PUBLIC net/minecraft/world/level/levelgen/NoiseGeneratorSettings m_64474_(Lcom/mojang/serialization/codecs/RecordCodecBuilder$Instance;)Lcom/mojang/datafixers/kinds/App;
[08:30:21] [Render thread/INFO]: [Forbric/Access] AT directive from carrier:forge-runtime-interop.jar names a member this Minecraft does not have (stale, ignored here as on a native loader): PUBLIC net/minecraft/world/item/ItemStackLinkedSet f_260558_
[08:30:21] [Render thread/INFO]: [Forbric/Access] AT directive from carrier:forge-runtime-interop.jar names a member this Minecraft does not have (stale, ignored here as on a native loader): PROTECTED-f net/minecraft/client/renderer/RenderStateShard$TextureStateShard f_110329_
[08:30:21] [Render thread/INFO]: [Forbric/Access] AT directive from carrier:forge-runtime-interop.jar names a member this Minecraft does not have (stale, ignored here as on a native loader): PROTECTED-f net/minecraft/client/renderer/RenderStateShard$TextureStateShard f_110330_
[08:30:21] [Render thread/INFO]: [Forbric/Access] AT directive from carrier:forge-runtime-interop.jar names a member this Minecraft does not have (stale, ignored here as on a native loader): PUBLIC net/minecraft/client/resources/ClientPackSource m_246691_(Ljava/nio/file/Path;)Lnet/minecraft/server/packs/VanillaPackResources;
[08:30:21] [Render thread/INFO]: [Forbric/Access] AT directive from carrier:forge-runtime-interop.jar names a member this Minecraft does not have (stale, ignored here as on a native loader): PROTECTED net/minecraft/client/gui/components/AbstractButton f_290895_
[08:30:21] [Render thread/INFO]: [Forbric/Access] AT directive from carrier:forge-runtime-interop.jar names a member this Minecraft does not have (stale, ignored here as on a native loader): PROTECTED net/minecraft/client/gui/components/AbstractSliderButton m_293290_()Lnet/minecraft/resources/ResourceLocation;
[08:30:21] [Render thread/INFO]: [Forbric/Access] AT directive from carrier:forge-runtime-interop.jar names a member this Minecraft does not have (stale, ignored here as on a native loader): PROTECTED net/minecraft/client/gui/components/AbstractSliderButton m_293389_()Lnet/minecraft/resources/ResourceLocation;
[08:30:21] [Render thread/INFO]: [Forbric/Access] AT directive from carrier:forge-runtime-interop.jar names a member this Minecraft does not have (stale, ignored here as on a native loader): PRIVATE-f net/minecraft/world/item/ItemDisplayContext f_268735_
[08:30:21] [Render thread/INFO]: [Forbric/Access] AT directive from carrier:forge-runtime-interop.jar names a member this Minecraft does not have (stale, ignored here as on a native loader): PUBLIC net/minecraft/commands/CommandSourceStack f_81288_
[08:30:21] [Render thread/INFO]: [Forbric/Access] AT directive from carrier:forge-runtime-interop.jar names a member this Minecraft does not have (stale, ignored here as on a native loader): PROTECTED net/minecraft/world/level/biome/BiomeSpecialEffects$Builder f_48005_
[08:30:21] [Render thread/INFO]: [Forbric/Access] AT directive from carrier:forge-runtime-interop.jar names a member this Minecraft does not have (stale, ignored here as on a native loader): PROTECTED net/minecraft/world/level/biome/BiomeSpecialEffects$Builder f_48006_
[08:30:21] [Render thread/INFO]: [Forbric/Access] AT directive from carrier:forge-runtime-interop.jar names a member this Minecraft does not have (stale, ignored here as on a native loader): PROTECTED net/minecraft/world/level/biome/BiomeSpecialEffects$Builder f_48007_
[08:30:21] [Render thread/INFO]: [Forbric/Access] AT directive from carrier:forge-runtime-interop.jar names a member this Minecraft does not have (stale, ignored here as on a native loader): PROTECTED net/minecraft/world/level/biome/BiomeSpecialEffects$Builder f_48008_
[08:30:21] [Render thread/INFO]: [Forbric/Access] AT directive from carrier:forge-runtime-interop.jar names a member this Minecraft does not have (stale, ignored here as on a native loader): PROTECTED net/minecraft/world/level/biome/BiomeSpecialEffects$Builder f_48009_
[08:30:21] [Render thread/INFO]: [Forbric/Access] AT directive from carrier:forge-runtime-interop.jar names a member this Minecraft does not have (stale, ignored here as on a native loader): PROTECTED net/minecraft/world/level/biome/BiomeSpecialEffects$Builder f_48010_
[08:30:21] [Render thread/INFO]: [Forbric/Access] AT directive from carrier:forge-runtime-interop.jar names a member this Minecraft does not have (stale, ignored here as on a native loader): PROTECTED net/minecraft/world/level/biome/BiomeSpecialEffects$Builder f_48011_
[08:30:21] [Render thread/INFO]: [Forbric/Access] AT directive from carrier:forge-runtime-interop.jar names a member this Minecraft does not have (stale, ignored here as on a native loader): PROTECTED net/minecraft/world/level/biome/BiomeSpecialEffects$Builder f_48012_
[08:30:21] [Render thread/INFO]: [Forbric/Access] AT directive from carrier:forge-runtime-interop.jar names a member this Minecraft does not have (stale, ignored here as on a native loader): PROTECTED net/minecraft/world/level/biome/BiomeSpecialEffects$Builder f_48013_
[08:30:21] [Render thread/INFO]: [Forbric/Access] AT directive from carrier:forge-runtime-interop.jar names a member this Minecraft does not have (stale, ignored here as on a native loader): PROTECTED net/minecraft/world/level/biome/BiomeSpecialEffects$Builder f_48014_
[08:30:21] [Render thread/INFO]: [Forbric/Access] AT directive from carrier:forge-runtime-interop.jar names a member this Minecraft does not have (stale, ignored here as on a native loader): PROTECTED net/minecraft/world/level/biome/BiomeSpecialEffects$Builder f_48015_
[08:30:21] [Render thread/INFO]: [Forbric/Access] AT directive from carrier:forge-runtime-interop.jar names a member this Minecraft does not have (stale, ignored here as on a native loader): PROTECTED net/minecraft/world/level/biome/BiomeSpecialEffects$Builder f_48016_
[08:30:21] [Render thread/INFO]: [Forbric/Access] AT directive from carrier:forge-runtime-interop.jar names a member this Minecraft does not have (stale, ignored here as on a native loader): PROTECTED net/minecraft/world/level/biome/BiomeGenerationSettings$PlainBuilder f_254648_
[08:30:21] [Render thread/INFO]: [Forbric/Access] AT directive from carrier:forge-runtime-interop.jar names a member this Minecraft does not have (stale, ignored here as on a native loader): PROTECTED net/minecraft/world/level/biome/BiomeGenerationSettings$PlainBuilder f_254678_
[08:30:21] [Render thread/INFO]: [Forbric/Access] AT directive from carrier:forge-runtime-interop.jar names a member this Minecraft does not have (stale, ignored here as on a native loader): PROTECTED net/minecraft/world/level/biome/BiomeGenerationSettings$PlainBuilder m_255276_(I)V
[08:30:21] [Render thread/WARN]: [Forbric/Load] 10 mod(s) partly did not run: fabric-content-registries-v0, fabric-events-interaction-v0, fabric-item-api-v1, fabric-loot-api-v3, fabric-object-builder-api-v1, fabric-particles-v1, fabric-recipe-api-v1, fabric-registry-sync-v0, fabric-rendering-fluids-v1, modmenu — details in .forbric-kernel/load-report.txt
[08:30:21] [Render thread/INFO]: [Forbric/Lifecycle] opened late MinecraftForge configs (CLIENT): applied 0, already loaded 1, failed 0 from /Users/charlescai/Desktop/dsh/实验/forbric/mf-wt/forbric-kernel/run/compat/reports/2026-10-08-merge-fixes/merged-base/evidence/run-user12/per-mod/run/000-modmenu__fabric/config
[08:30:21] [Render thread/INFO]: [Forbric/Lifecycle] opened late MinecraftForge configs (COMMON): applied 0, already loaded 1, failed 0 from /Users/charlescai/Desktop/dsh/实验/forbric/mf-wt/forbric-kernel/run/compat/reports/2026-10-08-merge-fixes/merged-base/evidence/run-user12/per-mod/run/000-modmenu__fabric/config
[08:30:21] [Render thread/INFO]: [Forbric/Net] exempting MinecraftForge payloads from NeoForge's channel check at net.neoforged.neoforge.network.registration.NetworkRegistry.checkPacket(Lnet/minecraft/network/protocol/Packet;Lnet/minecraft/network/protocol/common/ServerCommonPacketListener;)V
[08:30:21] [Render thread/INFO]: [Forbric/Net] exempting MinecraftForge payloads from NeoForge's channel check at net.neoforged.neoforge.network.registration.NetworkRegistry.checkPacket(Lnet/minecraft/network/protocol/Packet;Lnet/minecraft/network/protocol/common/ClientCommonPacketListener;)V
[08:30:21] [Render thread/INFO]: [Forbric/Net] keeping MinecraftForge's channel bookkeeping in step at net.neoforged.neoforge.network.registration.NetworkRegistry.onMinecraftRegister
[08:30:21] [Render thread/INFO]: [Forbric/Net] keeping MinecraftForge's channel bookkeeping in step at net.neoforged.neoforge.network.registration.NetworkRegistry.onMinecraftUnregister
[08:30:21] [Render thread/INFO]: [Forbric/Lifecycle] NetworkRegistry.setup() — payload handlers registered; 35 payload type(s) registered {CONFIGURATION=11, PLAY=24}, NeoForge's own included: yes
[08:30:21] [Render thread/WARN]: [Forbric/Lifecycle] net.neoforged.neoforge.client.network.registration.ClientNetworkRegistry.setup() failed — NeoForge payloads incomplete (join may fail 'No Handler for …')
java.lang.ClassNotFoundException: net.neoforged.neoforge.client.network.registration.ClientNetworkRegistry (game-side, but not found in any kernel-owned jar)
	at net.forbric.kernel.classloading.ForbricClassLoader.defineGameClass(ForbricClassLoader.java:306) ~[forbric-kernel-client.jar:?]
	at net.forbric.kernel.classloading.ForbricClassLoader.loadClass(ForbricClassLoader.java:290) ~[forbric-kernel-client.jar:?]
	at java.base/java.lang.ClassLoader.loadClass(ClassLoader.java:526) ~[?:?]
	at java.base/java.lang.Class.forName0(Native Method) ~[?:?]
	at java.base/java.lang.Class.forName(Class.java:534) ~[?:?]
	at java.base/java.lang.Class.forName(Class.java:513) ~[?:?]
	at net.forbric.kernel.boot.KernelLifecycle.invokeNetworkSetup(KernelLifecycle.java:409) ~[forbric-kernel-client.jar:?]
	at net.forbric.kernel.boot.KernelLifecycle.setupNeoForgeNetwork(KernelLifecycle.java:367) ~[forbric-kernel-client.jar:?]
	at net.forbric.kernel.boot.KernelLifecycle.onNeoClientSetup(KernelLifecycle.java:2872) ~[forbric-kernel-client.jar:?]
	at net.forbric.kernel.boot.KernelLifecycle.driveNativeRegistration(KernelLifecycle.java:322) ~[forbric-kernel-client.jar:?]
	at net.forbric.kernel.boot.KernelLifecycle.onClientModLoading(KernelLifecycle.java:130) ~[forbric-kernel-client.jar:?]
	at forbric/net.forbric.kernel.runtime.KernelClientLifecycle.onClientModLoadingWithPacks(KernelClientLifecycle.java:48) ~[forbric-kernel-runtime.jar:?]
	at forbric/net.minecraft.client.Minecraft.<init>(Minecraft.java:486) ~[patched-mc-merged-1.21.1.jar:?]
	at forbric/net.minecraft.client.main.Main.main(Main.java:214) ~[patched-mc-merged-1.21.1.jar:?]
	at java.base/jdk.internal.reflect.DirectMethodHandleAccessor.invoke(DirectMethodHandleAccessor.java:103) ~[?:?]
	at java.base/java.lang.reflect.Method.invoke(Method.java:580) ~[?:?]
	at net.forbric.kernel.boot.KernelBoot.launch(KernelBoot.java:1192) ~[forbric-kernel-client.jar:?]
	at net.forbric.kernel.boot.KernelClientLaunch.lambda$main$0(KernelClientLaunch.java:34) ~[forbric-kernel-client.jar:?]
	at net.forbric.kernel.boot.CompatibilityLaunchBoundary.run(CompatibilityLaunchBoundary.java:23) [forbric-kernel-client.jar:?]
	at net.forbric.kernel.boot.KernelClientLaunch.main(KernelClientLaunch.java:34) [forbric-kernel-client.jar:?]
[08:30:21] [Render thread/INFO]: [Forbric/Sodium] net.caffeinemc.mods.sodium.neoforge.config.ConfigLoaderForge.collectConfigEntryPoints now also asks the kernel for the FABRIC mods that declared a Sodium config entry point — it finds config users through ModList alone, and a Fabric mod is not in it, so their Video Settings pages did not exist (1 return site(s))
[08:30:21] [Render thread/INFO]: [Forbric/MergedBaseCompat] net.minecraft.client.color.block.BlockColors looked its colours up through a Forge registry delegate while its own register stored the raw object, so every one missed and fell back to MapColor (2 site(s) re-keyed to getBlock)
[08:30:21] [Render thread/WARN]: [Forbric/MergedBaseCompat] gave net.minecraftforge.client.event.RenderTooltipEvent$GatherComponents the no-arg constructor EventBus 6 instantiates — without it every post through its hierarchy threw "Error computing listener list"
[08:30:21] [Render thread/WARN]: [Forbric/MergedBaseCompat] gave net.minecraftforge.client.event.RenderHandEvent the no-arg constructor EventBus 6 instantiates — without it every post through its hierarchy threw "Error computing listener list"
[08:30:21] [Render thread/WARN]: [Forbric/MergedBaseCompat] gave net.minecraftforge.client.event.ModelEvent$RegisterAdditional the no-arg constructor EventBus 6 instantiates — without it every post through its hierarchy threw "Error computing listener list"
[08:30:21] [Render thread/WARN]: [Forbric/MergedBaseCompat] gave net.minecraftforge.client.event.ClientPauseChangeEvent$Post the no-arg constructor EventBus 6 instantiates — without it every post through its hierarchy threw "Error computing listener list"
[08:30:21] [Render thread/WARN]: [Forbric/MergedBaseCompat] gave net.minecraftforge.client.event.ClientPauseChangeEvent the no-arg constructor EventBus 6 instantiates — without it every post through its hierarchy threw "Error computing listener list"
[08:30:21] [Render thread/WARN]: [Forbric/MergedBaseCompat] gave net.minecraftforge.client.event.CustomizeGuiOverlayEvent$BossEventProgress the no-arg constructor EventBus 6 instantiates — without it every post through its hierarchy threw "Error computing listener list"
[08:30:21] [Render thread/WARN]: [Forbric/MergedBaseCompat] gave net.minecraftforge.client.event.CustomizeGuiOverlayEvent the no-arg constructor EventBus 6 instantiates — without it every post through its hierarchy threw "Error computing listener list"
[08:30:21] [Render thread/WARN]: [Forbric/MergedBaseCompat] gave net.minecraftforge.client.event.RegisterParticleProvidersEvent the no-arg constructor EventBus 6 instantiates — without it every post through its hierarchy threw "Error computing listener list"
[08:30:21] [Render thread/WARN]: [Forbric/MergedBaseCompat] gave net.minecraftforge.client.event.ModelEvent$ModifyBakingResult the no-arg constructor EventBus 6 instantiates — without it every post through its hierarchy threw "Error computing listener list"
[08:30:21] [Render thread/WARN]: [Forbric/MergedBaseCompat] gave net.minecraftforge.client.event.RegisterColorHandlersEvent$Item the no-arg constructor EventBus 6 instantiates — without it every post through its hierarchy threw "Error computing listener list"
[08:30:21] [Render thread/WARN]: [Forbric/MergedBaseCompat] gave net.minecraftforge.client.event.CustomizeGuiOverlayEvent$Chat the no-arg constructor EventBus 6 instantiates — without it every post through its hierarchy threw "Error computing listener list"
[08:30:21] [Render thread/WARN]: [Forbric/MergedBaseCompat] gave net.minecraftforge.client.event.CustomizeGuiOverlayEvent$DebugText the no-arg constructor EventBus 6 instantiates — without it every post through its hierarchy threw "Error computing listener list"
[08:30:21] [Render thread/WARN]: [Forbric/MergedBaseCompat] gave net.minecraftforge.client.event.ClientPlayerChangeGameTypeEvent the no-arg constructor EventBus 6 instantiates — without it every post through its hierarchy threw "Error computing listener list"
[08:30:21] [Render thread/WARN]: [Forbric/MergedBaseCompat] gave net.minecraftforge.client.event.RegisterKeyMappingsEvent the no-arg constructor EventBus 6 instantiates — without it every post through its hierarchy threw "Error computing listener list"
[08:30:21] [Render thread/WARN]: [Forbric/MergedBaseCompat] gave net.minecraftforge.client.event.RenderTooltipEvent$Color the no-arg constructor EventBus 6 instantiates — without it every post through its hierarchy threw "Error computing listener list"
[08:30:21] [Render thread/WARN]: [Forbric/MergedBaseCompat] gave net.minecraftforge.client.event.RenderTooltipEvent the no-arg constructor EventBus 6 instantiates — without it every post through its hierarchy threw "Error computing listener list"
[08:30:21] [Render thread/WARN]: [Forbric/MergedBaseCompat] gave net.minecraftforge.client.event.MovementInputUpdateEvent the no-arg constructor EventBus 6 instantiates — without it every post through its hierarchy threw "Error computing listener list"
[08:30:21] [Render thread/WARN]: [Forbric/MergedBaseCompat] gave net.minecraftforge.client.event.RecipesUpdatedEvent the no-arg constructor EventBus 6 instantiates — without it every post through its hierarchy threw "Error computing listener list"
[08:30:21] [Render thread/WARN]: [Forbric/MergedBaseCompat] gave net.minecraftforge.client.event.ClientPauseChangeEvent$Pre the no-arg constructor EventBus 6 instantiates — without it every post through its hierarchy threw "Error computing listener list"
[08:30:21] [Render thread/WARN]: [Forbric/MergedBaseCompat] gave net.minecraftforge.client.event.ScreenEvent$RenderInventoryMobEffects the no-arg constructor EventBus 6 instantiates — without it every post through its hierarchy threw "Error computing listener list"
[08:30:21] [Render thread/WARN]: [Forbric/MergedBaseCompat] gave net.minecraftforge.client.event.RenderHighlightEvent$Block the no-arg constructor EventBus 6 instantiates — without it every post through its hierarchy threw "Error computing listener list"
[08:30:21] [Render thread/WARN]: [Forbric/MergedBaseCompat] gave net.minecraftforge.client.event.RenderHighlightEvent the no-arg constructor EventBus 6 instantiates — without it every post through its hierarchy threw "Error computing listener list"
[08:30:21] [Render thread/WARN]: [Forbric/MergedBaseCompat] gave net.minecraftforge.client.event.RenderHighlightEvent$Entity the no-arg constructor EventBus 6 instantiates — without it every post through its hierarchy threw "Error computing listener list"
[08:30:21] [Render thread/WARN]: [Forbric/MergedBaseCompat] gave net.minecraftforge.client.event.RenderTooltipEvent$Pre the no-arg constructor EventBus 6 instantiates — without it every post through its hierarchy threw "Error computing listener list"
[08:30:21] [Render thread/WARN]: [Forbric/MergedBaseCompat] gave net.minecraftforge.client.event.RenderBlockScreenEffectEvent the no-arg constructor EventBus 6 instantiates — without it every post through its hierarchy threw "Error computing listener list"
[08:30:21] [Render thread/WARN]: [Forbric/MergedBaseCompat] gave net.minecraftforge.client.event.ClientChatEvent the no-arg constructor EventBus 6 instantiates — without it every post through its hierarchy threw "Error computing listener list"
[08:30:21] [Render thread/WARN]: [Forbric/MergedBaseCompat] gave net.minecraftforge.client.event.SystemMessageReceivedEvent the no-arg constructor EventBus 6 instantiates — without it every post through its hierarchy threw "Error computing listener list"
[08:30:21] [Render thread/WARN]: [Forbric/MergedBaseCompat] gave net.minecraftforge.client.event.ClientChatReceivedEvent$Player the no-arg constructor EventBus 6 instantiates — without it every post through its hierarchy threw "Error computing listener list"
[08:30:21] [Render thread/WARN]: [Forbric/MergedBaseCompat] gave net.minecraftforge.client.event.ClientChatReceivedEvent the no-arg constructor EventBus 6 instantiates — without it every post through its hierarchy threw "Error computing listener list"
[08:30:21] [Render thread/WARN]: [Forbric/MergedBaseCompat] gave net.minecraftforge.client.event.TextureStitchEvent$Post the no-arg constructor EventBus 6 instantiates — without it every post through its hierarchy threw "Error computing listener list"
[08:30:21] [Render thread/WARN]: [Forbric/MergedBaseCompat] gave net.minecraftforge.client.event.TextureStitchEvent the no-arg constructor EventBus 6 instantiates — without it every post through its hierarchy threw "Error computing listener list"
[08:30:21] [Render thread/WARN]: [Forbric/MergedBaseCompat] gave net.minecraftforge.client.event.RegisterColorHandlersEvent$Block the no-arg constructor EventBus 6 instantiates — without it every post through its hierarchy threw "Error computing listener list"
[08:30:21] [Render thread/WARN]: [Forbric/MergedBaseCompat] gave net.minecraftforge.client.event.ToastAddEvent the no-arg constructor EventBus 6 instantiates — without it every post through its hierarchy threw "Error computing listener list"
[08:30:21] [Render thread/WARN]: [Forbric/MergedBaseCompat] gave net.minecraftforge.client.event.sound.PlaySoundEvent the no-arg constructor EventBus 6 instantiates — without it every post through its hierarchy threw "Error computing listener list"
[08:30:21] [Render thread/WARN]: [Forbric/MergedBaseCompat] gave net.minecraftforge.client.event.InputEvent$Key the no-arg constructor EventBus 6 instantiates — without it every post through its hierarchy threw "Error computing listener list"
[08:30:21] [Render thread/WARN]: [Forbric/MergedBaseCompat] gave net.minecraftforge.client.event.ModelEvent$BakingCompleted the no-arg constructor EventBus 6 instantiates — without it every post through its hierarchy threw "Error computing listener list"
[08:30:21] [Render thread/INFO]: [Forbric/MergedBaseCompat] net.minecraft.client.color.item.ItemColors looked its colours up through a Forge registry delegate while its own register stored the raw object, so every one missed and fell back to MapColor (1 site(s) re-keyed to getItem)
[08:30:21] [Render thread/INFO]: [Forbric/MergedBaseCompat] ModelManager initializes Forge geometry loaders on every resource reload
[08:30:21] [Render thread/WARN]: [Forbric/MergedBaseCompat] net/minecraft/client/renderer/block/BlockModelShaper no longer asks for MinecraftForge's model-data manager — NeoForge won the level's accessor, so Forge's call lands on an interface default that is null and the lookup NPEs; it uses Forge's own empty model data instead
[08:30:21] [Render thread/WARN]: [Forbric/MergedBaseCompat] ParticleEngine.providers is a single ResourceLocation-keyed map on this base, so fabric-api's Int2ObjectMap read of it has no field to bind to; forbric$providerFactories(ParticleEngine) now answers with a live int-keyed view of that map
[08:30:21] [Render thread/WARN]: [Forbric/MergedBaseCompat] fabric-api's ParticleManagerAccessor.getFactories() read a provider field this base does not have — the @Accessor it shipped with cannot bind, and its failure would have taken the two sprite accessors beside it down too. It is now a SYNTHETIC default method over ParticleEngine.forbric$providerFactories(ParticleEngine): without the flag the interface mixin becomes Mixin's INTERFACE variant and is rejected against the class ParticleEngine, losing every mixin in fabric-particles-v1.client.mixins.json
[08:30:21] [Render thread/INFO]: [Forbric/MergedBaseCompat] SpriteLoader lowers an atlas's mip level to fit its smallest sprite again (1 gate(s) forced) — the merge kept MinecraftForge's opt-in, whose default is off, and one NeoForge mod's 8x8 sprite then killed the first resource reload and left the client black
[08:30:21] [Render thread/INFO]: [Forbric/Merge] net.minecraft.client.gui.Gui carried 2 duplicated lambda name(s) from the byte merge — dropped 2 orphaned bod(ies) so a mixin selecting by name cannot bind to the half that lost: lambda$new$4(Lnet/minecraft/client/Minecraft;)Z, lambda$new$3(Lnet/minecraft/client/Minecraft;)Z
[08:30:21] [Render thread/INFO]: [Forbric/HudBridge] routed 1 GuiLayerManager.add overload(s) through the kernel — Fabric's HudElementRegistry dispatches off NeoForge's layer manager from here, and MinecraftForge's overlay stack goes on at the end of initModdedLayers
[08:30:21] [Render thread/WARN]: [Forbric/MergedBaseCompat] gave net.minecraftforge.event.RegisterGameTestsEvent the no-arg constructor EventBus 6 instantiates — without it every post through its hierarchy threw "Error computing listener list"
[08:30:21] [Render thread/INFO]: [STDERR]: net.minecraftforge.fml.util.ObfuscationReflectionHelper$UnableToFindMethodException: java.lang.NoSuchMethodException: net.minecraft.gametest.framework.GameTest.m_177043_()
[08:30:21] [Render thread/INFO]: [STDERR]: 	at forbric//net.minecraftforge.fml.util.ObfuscationReflectionHelper.findMethod(ObfuscationReflectionHelper.java:151)
[08:30:21] [Render thread/INFO]: [STDERR]: 	at forbric//net.minecraftforge.gametest.ForgeGameTestHooks.getDefaultBatch(ForgeGameTestHooks.java:157)
[08:30:21] [Render thread/INFO]: [STDERR]: 	at forbric//net.minecraftforge.gametest.ForgeGameTestHooks.<clinit>(ForgeGameTestHooks.java:43)
[08:30:21] [Render thread/INFO]: [STDERR]: 	at forbric//net.minecraftforge.client.ForgeHooksClient.initClientHooks(ForgeHooksClient.java:996)
[08:30:21] [Render thread/INFO]: [STDERR]: 	at forbric//net.forbric.kernel.runtime.KernelForgeClientInit.initClientHooks(KernelForgeClientInit.java:37)
[08:30:21] [Render thread/INFO]: [STDERR]: 	at forbric//net.minecraft.client.Minecraft.<init>(Minecraft.java:601)
[08:30:21] [Render thread/INFO]: [STDERR]: 	at forbric//net.minecraft.client.main.Main.main(Main.java:214)
[08:30:21] [Render thread/INFO]: [STDERR]: 	at java.base/jdk.internal.reflect.DirectMethodHandleAccessor.invoke(DirectMethodHandleAccessor.java:103)
[08:30:21] [Render thread/INFO]: [STDERR]: 	at java.base/java.lang.reflect.Method.invoke(Method.java:580)
[08:30:21] [Render thread/INFO]: [STDERR]: 	at net.forbric.kernel.boot.KernelBoot.launch(KernelBoot.java:1192)
[08:30:21] [Render thread/INFO]: [STDERR]: 	at net.forbric.kernel.boot.KernelClientLaunch.lambda$main$0(KernelClientLaunch.java:34)
[08:30:21] [Render thread/INFO]: [STDERR]: 	at net.forbric.kernel.boot.CompatibilityLaunchBoundary.run(CompatibilityLaunchBoundary.java:23)
[08:30:21] [Render thread/INFO]: [STDERR]: 	at net.forbric.kernel.boot.KernelClientLaunch.main(KernelClientLaunch.java:34)
[08:30:21] [Render thread/INFO]: [STDERR]: Caused by: java.lang.NoSuchMethodException: net.minecraft.gametest.framework.GameTest.m_177043_()
[08:30:21] [Render thread/INFO]: [STDERR]: 	at java.base/java.lang.Class.getDeclaredMethod(Class.java:2848)
[08:30:21] [Render thread/INFO]: [STDERR]: 	at forbric//net.minecraftforge.fml.util.ObfuscationReflectionHelper.findMethod(ObfuscationReflectionHelper.java:145)
[08:30:21] [Render thread/INFO]: [STDERR]: 	... 12 more
[08:30:21] [Render thread/WARN]: [Forbric/MergedBaseCompat] gave net.minecraftforge.client.event.RegisterTextureAtlasSpriteLoadersEvent the no-arg constructor EventBus 6 instantiates — without it every post through its hierarchy threw "Error computing listener list"
[08:30:21] [Render thread/WARN]: [Forbric/MergedBaseCompat] gave net.minecraftforge.client.event.RegisterClientTooltipComponentFactoriesEvent the no-arg constructor EventBus 6 instantiates — without it every post through its hierarchy threw "Error computing listener list"
[08:30:21] [Render thread/WARN]: [Forbric/MergedBaseCompat] gave net.minecraftforge.client.event.RegisterEntitySpectatorShadersEvent the no-arg constructor EventBus 6 instantiates — without it every post through its hierarchy threw "Error computing listener list"
[08:30:21] [Render thread/WARN]: [Forbric/MergedBaseCompat] gave net.minecraftforge.client.event.RegisterRecipeBookCategoriesEvent the no-arg constructor EventBus 6 instantiates — without it every post through its hierarchy threw "Error computing listener list"
[08:30:21] [Render thread/INFO]: [Forbric/EnumExt] net.minecraft.client.RecipeBookCategories can be extended again — its create(...) was a stub that threw "Enum not extended", usually from a mod's static initialiser, which kills the mod outright
[08:30:21] [Render thread/WARN]: [Forbric/MergedBaseCompat] gave net.minecraftforge.client.event.RegisterDimensionSpecialEffectsEvent the no-arg constructor EventBus 6 instantiates — without it every post through its hierarchy threw "Error computing listener list"
[08:30:21] [Render thread/WARN]: [Forbric/MergedBaseCompat] gave net.minecraftforge.client.event.RegisterNamedRenderTypesEvent the no-arg constructor EventBus 6 instantiates — without it every post through its hierarchy threw "Error computing listener list"
[08:30:21] [Render thread/WARN]: [Forbric/MergedBaseCompat] gave net.minecraftforge.client.event.RegisterColorHandlersEvent$ColorResolvers the no-arg constructor EventBus 6 instantiates — without it every post through its hierarchy threw "Error computing listener list"
[08:30:21] [Render thread/WARN]: [Forbric/MergedBaseCompat] gave net.minecraftforge.client.event.RegisterItemDecorationsEvent the no-arg constructor EventBus 6 instantiates — without it every post through its hierarchy threw "Error computing listener list"
[08:30:21] [Render thread/WARN]: [Forbric/MergedBaseCompat] gave net.minecraftforge.client.event.RegisterPresetEditorsEvent the no-arg constructor EventBus 6 instantiates — without it every post through its hierarchy threw "Error computing listener list"
[08:30:21] [Render thread/INFO]: [Forbric/MergedBaseCompat] net/minecraft/client/gui/screens/worldselection/CreateWorldScreen now populates its pack repository through the kernel (2 call site(s)) — the merge kept only NeoForge's, so MinecraftForge mods were never asked for pack finders
[08:30:21] [Render thread/INFO]: [Forbric/HudBridge] entering net.minecraftforge.client.gui.overlay.ForgeLayeredDraw.resolveLayers before it posts its registration event — the kernel neuters the vanilla leaves there, which is the one instant no mod has touched them yet
[08:30:21] [Render thread/INFO]: [Forbric/HudBridge] MinecraftForge's overlay stack is on NeoForge's layer manager — silenced 17 vanilla leaf/leaves across 1 stack(s), re-seeded 0 name(s) at the root so root-relative anchors still resolve — and NO mod layer is in the tree, so nothing new will draw
[08:30:21] [Render thread/INFO]: [Forbric/EventMux] all 1 CLIENT_HUD bridge(s) installed — both Forge families receive these events 1:1
[08:30:21] [Render thread/INFO]: [Forbric/ForgeClient] applied MinecraftForge client init: 0 captured reload listener(s), 72 key mapping(s)
[08:30:22] [Render thread/INFO]: Reloading ResourceManager: vanilla, fabric, fabric-api, fabric-api-lookup-api-v1, fabric-biome-api-v1, fabric-block-api-v1, fabric-blockrenderlayer-v1, fabric-client-tags-api-v1, fabric-command-api-v1, fabric-command-api-v2, fabric-commands-v0, fabric-content-registries-v0, fabric-convention-tags-v1, fabric-convention-tags-v2, fabric-crash-report-info-v1, fabric-data-attachment-api-v1, fabric-data-generation-api-v1, fabric-dimensions-v1, fabric-entity-events-v1, fabric-events-interaction-v0, fabric-game-rule-api-v1, fabric-item-api-v1, fabric-item-group-api-v1, fabric-key-binding-api-v1, fabric-keybindings-v0, fabric-lifecycle-events-v1, fabric-loot-api-v2, fabric-loot-api-v3, fabric-message-api-v1, fabric-model-loading-api-v1, fabric-networking-api-v1, fabric-object-builder-api-v1, fabric-particles-v1, fabric-recipe-api-v1, fabric-registry-sync-v0, fabric-renderer-indigo, fabric-renderer-registries-v1, fabric-rendering-fluids-v1, fabric-rendering-v0, fabric-rendering-v1, fabric-resource-conditions-api-v1, fabric-resource-loader-v0, fabric-screen-api-v1, fabric-screen-handler-api-v1, fabric-sound-api-v1, fabric-tag-api-v1, fabric-transfer-api-v1, fabric-transitive-access-wideners-v1, modmenu, placeholder-api, forbric/mod_resources, forbric/forge-runtime-interop, forbric/neoforge-runtime, forbric/ImmediatelyFast-NeoForge-1.6.14+1.21.1, forbric/appleskin-neoforge-mc1.21-3.0.9, forbric/cloth-config-15.0.140-neoforge, forbric/entityculling-neoforge-1.11.2-mc1.21.1, forbric/ferritecore-7.0.3-neoforge, forbric/jei-1.21.1-neoforge-19.57.0.450, forbric/lithium-neoforge-0.15.4+mc1.21.1, forbric/modernfix-neoforge-5.27.24+mc1.21.1, forbric/TRansition-1.0.25-1.21.1-neoforge-SNAPSHOT, forbric/TRender-1.0.17-1.21.1-neoforge-SNAPSHOT, forbric/mezz_config-1.21.1-neoforge-0.5.12, forbric/fabric-api-base-0.4.42+d1308ded19, forbric/fabric-block-view-api-v2-1.0.10+9afaaf8c19, forbric/fabric-renderer-api-v1-3.4.1+9125b6dc19, forbric/fabric-rendering-data-attachment-v1-0.3.48+73761d2e19, forbric/net.caffeinemc.sodium-neoforge-0.8.13+mc1.21.1-mod, forbric/forbric-kernel-runtime
[08:30:22] [Render thread/WARN]: [Forbric/MergedBaseCompat] gave net.minecraftforge.client.event.ModelEvent$RegisterGeometryLoaders the no-arg constructor EventBus 6 instantiates — without it every post through its hierarchy threw "Error computing listener list"
[08:30:22] [Render thread/INFO]: [Forbric/Merge] net.minecraft.client.renderer.texture.atlas.SpriteResourceLoader carried 1 duplicated lambda name(s) from the byte merge — dropped 1 orphaned bod(ies) so a mixin selecting by name cannot bind to the half that lost: lambda$create$0(Ljava/util/Collection;Lnet/minecraft/resources/ResourceLocation;Lnet/minecraft/server/packs/resources/Resource;)Lnet/minecraft/client/renderer/texture/SpriteContents;
[08:30:22] [Worker-ResourceReload-3/INFO]: [Forbric/MergedBaseCompat] DependencySorter now reads a self-dependency as the cycle it is (1 guard in isCyclic) — the merged base serves MinecraftForge's forge: convention tags, whose optional self-references the guard used to record, beside NeoForge's c: tags that point at them, and the first such tag set whose key order walks into the self-edge died with a StackOverflowError before the level loaded
[08:30:22] [Render thread/INFO]: [Forbric/ClientSmoke] quick-play state: quickPlayLog=QuickPlayLog (world=W7Client) — null means the client was never given quick-play data
[08:30:22] [Render thread/INFO]: [Forbric/ClientSmoke] screen change -> net.minecraft.client.gui.screens.GenericMessageScreen
[08:30:22] [Worker-ResourceReload-3/INFO]: Found unifont_all_no_pua-15.1.05.hex, loading
[08:30:23] [Worker-ResourceReload-1/INFO]: Found unifont_jp_patch-15.1.05.hex, loading
[08:30:24] [Render thread/WARN]: Missing sound for event: minecraft:item.goat_horn.play
[08:30:24] [Render thread/WARN]: Missing sound for event: minecraft:entity.goat.screaming.horn_break
[08:30:24] [Render thread/INFO]: OpenAL initialized on device MacBook Air扬声器
[08:30:24] [Render thread/INFO]: Sound engine started
[08:30:24] [Render thread/INFO]: Created: 1024x512x4 minecraft:textures/atlas/blocks.png-atlas
[08:30:24] [Render thread/INFO]: Created: 256x256x4 minecraft:textures/atlas/signs.png-atlas
[08:30:24] [Render thread/INFO]: Created: 512x512x4 minecraft:textures/atlas/shield_patterns.png-atlas
[08:30:24] [Render thread/INFO]: Created: 512x512x4 minecraft:textures/atlas/banner_patterns.png-atlas
[08:30:24] [Render thread/INFO]: Created: 1024x1024x4 minecraft:textures/atlas/armor_trims.png-atlas
[08:30:24] [Render thread/INFO]: Created: 128x64x4 minecraft:textures/atlas/decorated_pot.png-atlas
[08:30:24] [Render thread/INFO]: Created: 256x256x4 minecraft:textures/atlas/chest.png-atlas
[08:30:24] [Render thread/INFO]: Created: 512x256x4 minecraft:textures/atlas/shulker_boxes.png-atlas
[08:30:24] [Render thread/INFO]: Created: 512x256x4 minecraft:textures/atlas/beds.png-atlas
[08:30:24] [Render thread/INFO]: [Forbric/EnumExt] net.minecraft.client.model.HumanoidModel$ArmPose can be extended again — its create(...) was a stub that threw "Enum not extended", usually from a mod's static initialiser, which kills the mod outright
[08:30:25] [Render thread/INFO]: Created: 512x256x0 minecraft:textures/atlas/particles.png-atlas
[08:30:25] [Render thread/INFO]: Created: 512x256x0 minecraft:textures/atlas/paintings.png-atlas
[08:30:25] [Render thread/INFO]: Created: 256x128x0 minecraft:textures/atlas/mob_effects.png-atlas
[08:30:25] [Render thread/INFO]: Created: 64x64x0 minecraft:textures/atlas/map_decorations.png-atlas
[08:30:25] [Render thread/INFO]: Created: 1024x512x0 minecraft:textures/atlas/gui.png-atlas
[08:30:25] [Render thread/WARN]: Shader rendertype_entity_translucent_emissive could not find sampler named Sampler2 in the specified shader program.
[08:30:25] [Render thread/INFO]: Loaded 0 entity animations
[08:30:25] [Render thread/INFO]: [Forbric/MergedBaseCompat] net/minecraft/server/packs/repository/ServerPacksSource now populates its pack repository through the kernel (2 call site(s)) — the merge kept only NeoForge's, so MinecraftForge mods were never asked for pack finders
[08:30:25] [Render thread/INFO]: [Forbric/DataPacks] served 2 datapack(s) to the server PackRepository — 2 loader carrier(s) (the c: convention tags live only here) below 0 mod pack(s) (a Forge-family mod's own data/ is invisible otherwise, because ModList.modFiles is empty): [forbric/carrier/1-forge-runtime-interop, forbric/carrier/2-neoforge-runtime]
[08:30:25] [Render thread/INFO]: [Forbric/Packs] MinecraftForge mods can add data-pack finders again — the merged base asked only NeoForge, so a Forge-family mod's own data pack was never offered
[08:30:25] [Render thread/INFO]: Found new data pack fabric, loading it automatically
[08:30:25] [Render thread/INFO]: Found new data pack fabric-convention-tags-v2, loading it automatically
[08:30:25] [Render thread/INFO]: [Forbric/Worldgen] NeoForge's biome modifier pass now starts from each biome's current climate and effects, so a Fabric mod's weather change survives the modified view
[08:30:25] [Render thread/INFO]: [Forbric/Forge] ClearableLazy.concurrentOf(...).get() now returns the value another thread computed while it waited for the lock — it returned its first, null read, and a worldgen thread that lost the race for ChunkGenerator.featuresPerStep failed its chunk on a null feature list
[08:30:26] [Render thread/INFO]: [Forbric/LootBridge] routed 1 loot-table load site and 1 registry-parse site in net.minecraft.server.ReloadableServerRegistries through the kernel — the merged base's ReloadableServerRegistries holds no loot or tag hook, so LootTableEvents fire from the points Fabric's own 1.21.1 mixin uses and NeoForge's dropped LootTableLoadEvent is posted again
[08:30:26] [Render thread/INFO]: [Forbric/Mixin] fabric-loot-api-v3 (fabric-loot-api-v3.mixins.json):net.fabricmc.fabric.mixin.loot.ReloadableRegistriesMixin is superseded — KernelLootBridge supplies all Fabric loot REPLACE, MODIFY and ALL_LOADED callbacks through ReloadableServerRegistries' own loot-table load and registry-parse seams, and posts the NeoForge LootTableLoadEvent the merge dropped; seen in the defined net.minecraft.server.ReloadableServerRegistries, so its mod is not marked
[08:30:26] [Worker-ResourceReload-3/WARN]: [Forbric/MergedBaseCompat] creative-tab output now SKIPS empty stacks instead of throwing — NeoForge won CreativeModeTab.buildContents on the merged base and its stricter contract was aborting the whole creative menu for MinecraftForge mods (Macaw's Bridges)
[08:30:26] [Worker-ResourceReload-3/INFO]: [Forbric/LootBridge] offered 1178 loot table(s) to fabric-loot-api-v3: REPLACE took 0, MODIFY fired 1178, ALL_LOADED fired with 1178 entries — the kernel fires the events from ReloadableServerRegistries' own loot-table load and registry-parse seams, the points the api's 1.21.1 mixin targets and the merged base's dropped NeoForge hook belong at
[08:30:26] [Worker-ResourceReload-3/INFO]: [Forbric/Frames] recomputed net.minecraft.commands.execution.CustomCommandExecutor$WithErrorHandling — its frames named [net/minecraft/commands/execution/CustomCommandExecutor$WithErrorHandling], which the merge took off that hierarchy, so the class could not pass verification
[08:30:26] [Worker-ResourceReload-3/INFO]: [Forbric/Frames] recomputed net.minecraft.server.commands.FunctionCommand$FunctionCustomExecutor — its frames named [net/minecraft/server/commands/FunctionCommand$FunctionCustomExecutor], which the merge took off that hierarchy, so the class could not pass verification
[08:30:26] [Worker-ResourceReload-3/INFO]: [Forbric/Coremod] SummonCommand: 1 finalizeSpawn call(s) now post both families' events and finalize once
[08:30:26] [Worker-ResourceReload-3/WARN]: [Forbric/Worldgen] reload #1: NeoForge's DataMapLoader is NOT registered — NeoForgeEventHandler.onResourceReload did not run on this bus; the kernel's about-to-start fallback will load the data maps
[08:30:27] [Render thread/INFO]: Loaded 1290 recipes
[08:30:27] [Render thread/INFO]: Loaded 1399 advancements
[08:30:27] [Render thread/INFO]: [Forbric/Worldgen] reload #1: NeoForge's own reload path applied data maps for 6 registries
[08:30:27] [Render thread/WARN]: Initial datapack load took 2.344 s
[08:30:27] [Render thread/INFO]: [Forbric/ClientSmoke] screen change -> net.minecraft.client.gui.screens.BackupConfirmScreen
[08:30:27] [Render thread/INFO]: [Forbric/Brewing] PotionBrewing.Builder.add wraps a MinecraftForge brewing recipe as NeoForge's — it went into NeoForge's recipe list unconverted and threw at the first brewing-stand check
[08:30:27] [Render thread/INFO]: Applied 0 biome modifications to 0 of 64 new biomes in 1.324 ms
[08:30:27] [Server thread/INFO]: Starting integrated minecraft server version 1.21.1
[08:30:27] [Server thread/INFO]: Generating keypair
[08:30:28] [Server thread/INFO]: [Forbric/Worldgen] NeoForge's own reload path already applied data maps for 6 registries — the kernel's about-to-start fallback stood down
[08:30:28] [Server thread/INFO]: [Forbric/Worldgen] 0 MinecraftForge biome modifier(s) — nothing to bridge
[08:30:28] [Server thread/INFO]: [Forbric/Worldgen] 0 MinecraftForge structure modifier(s) — nothing to bridge
[08:30:28] [Server thread/INFO]: [Forbric/Worldgen] applied NeoForge's 0 biome modifier(s) and 0 structure modifier(s) — the kernel used to neuter this outright because its datapack registries were not declared
[08:30:28] [Server thread/INFO]: [Forbric/Coremod] PhantomSpawner: 1 finalizeSpawn call(s) now post both families' events and finalize once
[08:30:28] [Server thread/INFO]: [Forbric/Coremod] PatrolSpawner: 1 finalizeSpawn call(s) now post both families' events and finalize once
[08:30:28] [Server thread/INFO]: [Forbric/Coremod] CatSpawner: 1 finalizeSpawn call(s) now post both families' events and finalize once
[08:30:28] [Server thread/INFO]: [Forbric/Coremod] VillageSiege: 1 finalizeSpawn call(s) now post both families' events and finalize once
[08:30:28] [Server thread/INFO]: [Forbric/Coremod] Raid: 1 finalizeSpawn call(s) now post both families' events and finalize once
[08:30:28] [Server thread/INFO]: [Forbric/ChunkGuard] net.minecraft.server.level.ServerChunkCache$MainThreadExecutor now refuses chunk work once its own thread is dead — hardening only: a mod that keeps a ServerLevel from a stopped integrated server gets a RejectedExecutionException naming itself instead of parking the server thread on a future nothing can complete
[08:30:28] [Server thread/INFO]: [Forbric/EventMux] bridged the first LevelEvent.Load to MinecraftForge — a Forge-family mod now sees the level lifecycle NeoForge won on the merged base
[08:30:28] [Server thread/INFO]: Preparing start region for dimension minecraft:overworld
[08:30:28] [Server thread/WARN]: [Mixin/mixin] Method overwrite conflict for removeIf in modernfix-modernfix.mixins.json:bugfix.paper_chunk_patches.SortedArraySetMixin from mod modernfix, previously written by net.caffeinemc.mods.lithium.mixin.collections.chunk_tickets.SortedArraySetMixin. Skipping method.
[08:30:28] [Server thread/INFO]: [Forbric/MergedBaseCompat] ChunkStatus now reports vanilla's saved-heightmap set (1 read(s)) — NeoForge widened it with the two worldgen heightmaps, which an unfinished chunk then reloads stale, and those are what decide the Y a decoration is placed at
[08:30:29] [Render thread/INFO]: Preparing spawn area: 0%
[08:30:29] [Render thread/INFO]: Preparing spawn area: 0%
[08:30:29] [Render thread/INFO]: Preparing spawn area: 0%
[08:30:30] [Server thread/INFO]: Successfully initialized permission handler neoforge:default_handler
[08:30:30] [Render thread/INFO]: Time elapsed: 1275 ms
[08:30:30] [Server thread/INFO]: Successfully initialized permission handler forge:default_handler
[08:30:30] [Server thread/WARN]: [Forbric/Load] 9 mod(s) partly did not run: fabric-content-registries-v0, fabric-events-interaction-v0, fabric-item-api-v1, fabric-object-builder-api-v1, fabric-particles-v1, fabric-recipe-api-v1, fabric-registry-sync-v0, fabric-rendering-fluids-v1, modmenu — details in .forbric-kernel/load-report.txt
[08:30:30] [Server thread/INFO]: [Forbric/Spawner] put checkSpawnRules/checkSpawnObstruction back into net.minecraft.world.level.NaturalSpawner at 2 call site(s), after NeoForge's PositionCheck event as its hook ran them, so a Fabric mixin redirecting them binds
[08:30:30] [Server thread/INFO]: [Forbric/Coremod] NaturalSpawner: 2 finalizeSpawn call(s) now post both families' events and finalize once
[08:30:30] [Server thread/INFO]: Changing view distance to 12, from 10
[08:30:30] [Server thread/INFO]: Changing simulation distance to 12, from 0
[08:30:30] [Render thread/INFO]: [Forbric/ClientSmoke] answered vanilla's backup confirmation (proceed=true, eraseCache=false) — a headless quick-play boot cannot press the button, and the world load was waiting on it
[08:30:30] [Render thread/WARN]: Game took 31.316 seconds to start
[08:30:30] [Render thread/INFO]: [Forbric/ClientSmoke] screen change -> net.minecraft.client.gui.screens.LevelLoadingScreen
[08:30:30] [Netty Server IO #1/ERROR]: [Forbric/Anchor] forbric-common-network-interop#fabricAddonHandle was handed net.fabricmc.fabric.impl.networking.server.ServerConfigurationNetworkAddon and made no edit — its anchor is gone. fabric-api's channel-registration addon miscasts a NeoForge payload before the cross-ecosystem negotiator sees it
[08:30:30] [Netty Server IO #1/INFO]: [Forbric/Net] minecraft:register is not a channel NeoForge registered, so its channel check is not the authority on it — another ecosystem negotiated this one, and NeoForge's answer for a channel it does not know is to close the connection
[08:30:30] [Netty Server IO #1/INFO]: [Forbric/Net] fabric:accepted_attachments_v1 is not a channel NeoForge registered, so its channel check is not the authority on it — another ecosystem negotiated this one, and NeoForge's answer for a channel it does not know is to close the connection
[08:30:30] [Netty Server IO #1/INFO]: [Forbric/Net] c:version is not a channel NeoForge registered, so its channel check is not the authority on it — another ecosystem negotiated this one, and NeoForge's answer for a channel it does not know is to close the connection
[08:30:30] [Netty Server IO #1/INFO]: [Forbric/Net] c:register is not a channel NeoForge registered, so its channel check is not the authority on it — another ecosystem negotiated this one, and NeoForge's answer for a channel it does not know is to close the connection
[08:30:30] [Netty Server IO #1/INFO]: [Forbric/Net] fabric:custom_ingredient_sync is not a channel NeoForge registered, so its channel check is not the authority on it — another ecosystem negotiated this one, and NeoForge's answer for a channel it does not know is to close the connection
[08:30:30] [Netty Local Client IO #0/INFO]: [Forbric/PayloadOrdering] net.neoforged.neoforge.network.handling.ClientPayloadContext.enqueueWork now submits its work unconditionally — the inline same-thread path ran payload work before the client level existed, which is how the data-map sync died with "Network Protocol Error"
[08:30:30] [Render thread/INFO]: Connected to a vanilla server. Catching up missing behaviour.
[08:30:31] [Server thread/INFO]: [STDOUT]: Lithium Cached BlockState Flags are disabled!
[08:30:31] [Server thread/INFO]: [Forbric/MergedBaseCompat] net.minecraft.server.level.ServerPlayer$RespawnPosAngle turns radians into degrees by vanilla's folded constant again (1 site(s)) — the merged body divided by pi at run time, which is a different number in the eighth digit and moves every angle computed from a vector
[08:30:31] [Server thread/INFO]: ForbricKernel[local:E:fc40fe25] logged in with entity id 17 at (-26.5, 65.0, 52.5)
[08:30:31] [Render thread/INFO]: [Forbric/Entity] the client's onTrackingEnd takes a MinecraftForge mod's multipart entity's parts out of partEntities, as MinecraftForge's does — it read only NeoForge's getParts(), which it leaves null, and threw
[08:30:31] [Server thread/INFO]: ForbricKernel joined the game
[08:30:31] [Render thread/INFO]: [Forbric/MergedBaseCompat] net.minecraft.client.renderer.ItemBlockRenderTypes's Forge setRenderLayer(Block, ChunkRenderTypeSet) keyed BLOCK_RENDER_TYPES by a registry delegate while getRenderLayers reads it by the raw Block, so every registration through it was invisible; it is now re-keyed to the raw Block and its ChunkRenderTypeSet converted to NeoForge's — the raw key alone would ClassCastException the reader
[08:30:31] [Render thread/INFO]: [Forbric/RenderTypes] net.minecraft.client.renderer.ItemBlockRenderTypes: restored Forge's FLUID_RENDER_TYPES initialiser the merge dropped — the field, its readers and its filler all survived, and a null map NPEs the first compiled chunk section
[08:30:31] [Render thread/INFO]: Started 2 worker threads
[08:30:31] [Render thread/INFO]: Starting JEI...
[08:30:31] [Render thread/INFO]: Configuring JEI...
[08:30:31] [Render thread/INFO]: Configuring JEI took 714.5 microseconds
[08:30:31] [Render thread/INFO]: Registering item subtypes...
[08:30:31] [Render thread/INFO]: Registering item subtypes took 4.575 milliseconds
[08:30:31] [Render thread/INFO]: Registering fluid subtypes...
[08:30:31] [Render thread/INFO]: Registering fluid subtypes took 205.5 microseconds
[08:30:31] [Render thread/INFO]: Registering ingredients...
[08:30:31] [Render thread/INFO]: Registering ingredients: jei:minecraft took 209.5 milliseconds
[08:30:31] [Render thread/INFO]: Registering ingredients took 210.0 milliseconds
[08:30:31] [Render thread/INFO]: Registering extra ingredients...
[08:30:31] [Render thread/INFO]: Registering extra ingredients took 232.0 microseconds
[08:30:31] [Render thread/INFO]: Registering search ingredient aliases...
[08:30:31] [Render thread/INFO]: Registering search ingredient aliases took 183.8 microseconds
[08:30:31] [Render thread/INFO]: Registering Mod Info...
[08:30:31] [Render thread/INFO]: Registering Mod Info took 306.1 microseconds
[08:30:31] [Render thread/INFO]: Registering advanced search...
[08:30:31] [Render thread/INFO]: Registering advanced search took 275.6 microseconds
[08:30:31] [Render thread/INFO]: Registering categories...
[08:30:31] [Render thread/INFO]: Registering categories: jei:minecraft took 45.85 milliseconds
[08:30:31] [Render thread/INFO]: Registering categories took 52.86 milliseconds
[08:30:31] [Render thread/INFO]: Registering vanilla category extensions...
[08:30:31] [Render thread/INFO]: Registering vanilla category extensions took 9.214 milliseconds
[08:30:31] [Render thread/INFO]: Registering recipe catalysts...
[08:30:31] [Render thread/INFO]: Registering recipe catalysts took 2.605 milliseconds
[08:30:31] [Render thread/INFO]: Building recipe registry...
[08:30:31] [Render thread/INFO]: Building recipe registry took 17.35 milliseconds
[08:30:31] [Render thread/INFO]: Registering advanced plugins...
[08:30:31] [Render thread/INFO]: Added typed recipe manager plugin: class mezz.jei.library.plugins.vanilla.crafting.FireworkStarRecipeManagerPlugin
[08:30:31] [Render thread/INFO]: Added typed recipe manager plugin: class mezz.jei.library.plugins.vanilla.crafting.FireworkRocketRecipeManagerPlugin
[08:30:31] [Render thread/INFO]: Registering advanced plugins: jei:minecraft took 26.68 milliseconds
[08:30:31] [Render thread/INFO]: Registering advanced plugins took 27.02 milliseconds
[08:30:31] [Render thread/INFO]: Registering recipes...
[08:30:32] [Render thread/INFO]: Registering recipes: jei:minecraft took 690.8 milliseconds
[08:30:32] [Render thread/INFO]: Registering recipes: jei:internal took 162.9 milliseconds
[08:30:32] [Render thread/INFO]: Registering recipes took 854.4 milliseconds
[08:30:32] [Render thread/INFO]: Registering recipes transfer handlers...
[08:30:32] [Render thread/INFO]: Registering recipes transfer handlers took 5.145 milliseconds
[08:30:32] [Render thread/INFO]: Building runtime...
[08:30:32] [Render thread/INFO]: [Forbric/Merge] net.minecraft.client.gui.screens.inventory.CreativeModeInventoryScreen carried 3 duplicated lambda name(s) from the byte merge — dropped 3 orphaned bod(ies) so a mixin selecting by name cannot bind to the half that lost: lambda$updateVisibleTags$5(Ljava/util/function/Predicate;Lnet/minecraft/tags/TagKey;)Z, lambda$updateVisibleTags$4(Ljava/lang/String;Ljava/lang/String;Lnet/minecraft/resources/ResourceLocation;)Z, lambda$init$2(Lnet/minecraftforge/client/gui/CreativeTabsScreenPage;)Z
[08:30:32] [Render thread/INFO]: Registering gui handlers...
[08:30:32] [Render thread/INFO]: Registering gui handlers took 11.84 milliseconds
[08:30:32] [Render thread/INFO]: Registering Runtime...
[08:30:32] [Render thread/INFO]: Starting JEI GUI
[08:30:32] [Render thread/INFO]: Building ingredient list...
[08:30:32] [Render thread/INFO]: Building ingredient list took 56.70 milliseconds
[08:30:32] [Render thread/INFO]: Building ingredient filter...
[08:30:33] [Render thread/INFO]: Adding 1691 ingredients
[08:30:33] [Render thread/INFO]: Added 1691 ingredients
[08:30:33] [Render thread/INFO]: Building ingredient filter took 381.2 milliseconds
[08:30:33] [Render thread/INFO]: Registering Runtime: jei:neoforge_gui took 596.8 milliseconds
[08:30:33] [Render thread/INFO]: Registering Runtime took 597.2 milliseconds
[08:30:33] [Render thread/INFO]: Building runtime took 632.5 milliseconds
[08:30:33] [Render thread/INFO]: Sending Runtime...
[08:30:33] [Render thread/INFO]: Sending Runtime took 464.1 microseconds
[08:30:33] [Render thread/INFO]: Starting JEI took 1.925 seconds
[08:30:33] [Render thread/INFO]: [Forbric/MergedBaseCompat] net.minecraft.world.entity.projectile.ProjectileUtil turns radians into degrees by vanilla's folded constant again (2 site(s)) — the merged body divided by pi at run time, which is a different number in the eighth digit and moves every angle computed from a vector
[08:30:33] [Render thread/INFO]: Loaded 2 advancements
[08:30:33] [Render thread/WARN]: [Forbric/Load] 9 mod(s) partly did not run: fabric-content-registries-v0, fabric-events-interaction-v0, fabric-item-api-v1, fabric-object-builder-api-v1, fabric-particles-v1, fabric-recipe-api-v1, fabric-registry-sync-v0, fabric-rendering-fluids-v1, modmenu — details in .forbric-kernel/load-report.txt
[08:30:33] [Render thread/INFO]: [Forbric/ClientSmoke] screen change -> net.minecraft.client.gui.screens.ReceivingLevelScreen
[08:30:33] [Render thread/INFO]: [Forbric/ClientSmoke] joined world via quick-play: W7Client
[08:30:33] [Server thread/INFO]: [Forbric/EventMux] bridged the first PlayerEvent.StartTracking to MinecraftForge — a Forge-family mod now sees entity tracking NeoForge won on the merged base
UNSUPPORTED (log once): gldCopyBufferSubData: NEEDS IMPLEMENTATION
[08:30:34] [Render thread/WARN]: Time from main menu to in-game was 6.165195 seconds
[08:30:34] [Render thread/WARN]: Total time to load game and open world was 37.481194 seconds
[08:30:34] [Render thread/INFO]: [Forbric/ClientSmoke] screen change -> null
[08:30:34] [Render thread/INFO]: [Forbric/EventMux] onRenderTickStart has forwarded 200 frames — MinecraftForge's render tick is live again; it is the only pump a map mod's region builder runs on
[08:30:34] [Render thread/INFO]: [Forbric/EventMux] onRenderTickEnd has forwarded 200 frames — MinecraftForge's render tick is live again; it is the only pump a map mod's region builder runs on
[08:30:34] [Server thread/INFO]: [Forbric/EventMux] bridged 20 ServerTickEvent.Pre to MinecraftForge — 1:1 from NeoForge (both game-event families tick in one loop)
[08:30:34] [Server thread/INFO]: [Forbric/EventMux] bridged 20 ServerTickEvent.Post to MinecraftForge — 1:1 from NeoForge (both game-event families tick in one loop)
[08:30:35] [Worker-Main-1/INFO]: [Forbric/Coremod] StructureTemplate: 2 finalizeSpawn call(s) now post both families' events and finalize once
[08:30:38] [Render thread/INFO]: [Forbric/ClientSmoke] screenshot requested at world tick 100 — verifying after the frame lands
[08:30:38] [Render thread/INFO]: [Forbric/ClientSmoke] screenshot written — 2026-10-09_08.30.38.png
[08:30:38] [Server thread/INFO]: [Forbric/Tick] 100 tick(s): mean 49.99ms (a server keeping up holds 50), max 309.83ms, at twice the budget or worse 7 (7.0%), resumes after a pause 1
[08:30:43] [Render thread/INFO]: [Forbric/ClientSmoke] client-ready after 200 world tick(s)
[08:30:43] [Render thread/INFO]: [Forbric/ClientSmoke] client command tree after joining: forge=true neo=true
[08:30:43] [Render thread/INFO]: [Forbric/ClientSmoke] window title: Minecraft* 1.21.1 - Singleplayer
[08:30:43] [Render thread/INFO]: [Forbric/ClientSmoke] advanced tooltip of a damaged iron sword with lore: 9 line(s), lore true, attributes true, durability true
[08:30:44] [Render thread/INFO]: [Forbric/ClientSmoke] requesting clean disconnect after 220 world tick(s)
[08:30:44] [Server thread/INFO]: Stopping server
[08:30:44] [Server thread/INFO]: Saving players
[08:30:44] [Server thread/INFO]: Saving worlds
[08:30:44] [Server thread/INFO]: [Forbric/EventMux] bridged the first PlayerEvent.StopTracking to MinecraftForge — a Forge-family mod now sees entity tracking NeoForge won on the merged base
[08:30:45] [Server thread/INFO]: Saving chunks for level 'ServerLevel[W7Client]'/minecraft:overworld
[08:30:46] [Server thread/INFO]: [Forbric/EventMux] bridged the first LevelEvent.Save to MinecraftForge — a Forge-family mod now sees the level lifecycle NeoForge won on the merged base
[08:30:46] [Server thread/INFO]: Saving chunks for level 'ServerLevel[W7Client]'/minecraft:the_nether
[08:30:46] [Server thread/INFO]: Saving chunks for level 'ServerLevel[W7Client]'/minecraft:the_end
[08:30:46] [Server thread/INFO]: ThreadedAnvilChunkStorage (W7Client): All chunks are saved
[08:30:46] [Server thread/INFO]: ThreadedAnvilChunkStorage (DIM-1): All chunks are saved
[08:30:46] [Server thread/INFO]: ThreadedAnvilChunkStorage (DIM1): All chunks are saved
[08:30:46] [Server thread/INFO]: ThreadedAnvilChunkStorage: All dimensions are saved
[08:30:46] [Server thread/INFO]: [Forbric/EventMux] bridged the first LevelEvent.Unload to MinecraftForge — a Forge-family mod now sees the level lifecycle NeoForge won on the merged base
[08:30:47] [Server thread/WARN]: [Forbric/EventMux] handleServerStopped forward failed; Forge-family mods won't observe this server-lifecycle event
java.lang.ClassCastException: class com.electronwill.nightconfig.core.SimpleCommentedConfig cannot be cast to class com.electronwill.nightconfig.core.file.CommentedFileConfig (com.electronwill.nightconfig.core.SimpleCommentedConfig and com.electronwill.nightconfig.core.file.CommentedFileConfig are in unnamed module of loader 'app')
	at forbric/net.minecraftforge.fml.config.ModConfig.save(ModConfig.java:80) ~[forge-runtime-interop.jar:52.1.16]
	at forbric/net.minecraftforge.fml.config.ConfigTracker.closeConfig(ConfigTracker.java:94) ~[forge-runtime-interop.jar:52.1.16]
	at forbric/net.minecraftforge.fml.config.ConfigTracker.unloadConfigs(ConfigTracker.java:63) ~[forge-runtime-interop.jar:52.1.16]
	at forbric/net.minecraftforge.server.ServerLifecycleHooks.handleServerStopped(ServerLifecycleHooks.java:111) ~[forge-runtime-interop.jar:52.1.16]
	at forbric/net.forbric.kernel.runtime.KernelGameServerLifecycle.lambda$installStopped$4(KernelGameServerLifecycle.java:134) ~[forbric-kernel-runtime.jar:?]
	at forbric/net.forbric.kernel.runtime.KernelGameServerLifecycle.lambda$subscribe$5(KernelGameServerLifecycle.java:162) ~[forbric-kernel-runtime.jar:?]
	at forbric/net.neoforged.bus.ConsumerEventHandler.invoke(ConsumerEventHandler.java:27) ~[neoforge-runtime.jar:21.1.252]
	at forbric/net.neoforged.bus.EventBus.post(EventBus.java:360) ~[neoforge-runtime.jar:21.1.252]
	at forbric/net.neoforged.bus.EventBus.post(EventBus.java:328) ~[neoforge-runtime.jar:21.1.252]
	at forbric/net.neoforged.neoforge.server.ServerLifecycleHooks.handleServerStopped(ServerLifecycleHooks.java:125) ~[neoforge-runtime.jar:21.1.252]
	at forbric/net.minecraft.server.MinecraftServer.runServer(MinecraftServer.java:750) ~[patched-mc-merged-1.21.1.jar:?]
	at forbric/net.minecraft.server.MinecraftServer.lambda$spin$2(MinecraftServer.java:267) ~[patched-mc-merged-1.21.1.jar:?]
	at java.base/java.lang.Thread.run(Thread.java:1583) [?:?]
[08:30:47] [Render thread/INFO]: Stopping JEI
[08:30:47] [Render thread/INFO]: Sending Runtime Unavailable...
[08:30:47] [Render thread/INFO]: Stopping JEI GUI
[08:30:47] [Render thread/INFO]: Sending Runtime Unavailable took 6.336 milliseconds
[08:30:48] [Render thread/INFO]: Stopping worker threads
[08:30:48] [Render thread/INFO]: [Forbric/ClientSmoke] screen change -> net.minecraft.client.gui.screens.ProgressScreen
[08:30:48] [Render thread/INFO]: [Forbric/ClientSmoke] MinecraftForge connection events: LoggingIn 1, LoggingOut 2
[08:30:48] [Render thread/INFO]: [Forbric/ClientSmoke] MinecraftForge client events heard: RenderFog=3268 FogColor=817 FovModifier=219 ScreenRenderPre=128 ScreenRenderPost=128 SystemMessage=0 TextureStitched=0 ModelsBaked=0
[08:30:48] [Render thread/INFO]: [Forbric/ClientSmoke] clean disconnect observed; stopping client
[08:30:48] [CullThread/INFO]: [STDOUT]: Shutting down culling task!
[08:30:48] [Render thread/INFO]: Stopping!
[08:30:48] [Render thread/INFO]: [Forbric/Shutdown] stopped 1 config file-watcher(s) at exit so the JVM can end: [night-config default instance #64223107]
